total_pop,pop_white_non_hisp,pop_black,pop_asian,pop_hispanic,median_hh_income,pop_poverty,pop_poverty_total,labor_force,unemployed,median_gross_rent,housing_units_total,housing_units_vacant,median_year_built,avg_household_size,lor_total,lor_2019_or_later,lor_2015_2018,lor_2010_2014,lor_2000_2009,lor_1990_1999,lor_1989_or_earlier,lang_total,lang_english_only,lang_spanish,lang_french,lang_chinese,lang_vietnamese,lang_tagalog,lang_korean,renter_households_total,burden_30_35,burden_35_40,burden_40_50,burden_50_plus,nativity_total,pop_foreign_born,citizenship_total,pop_naturalized,pop_noncitizen,hh_lang_total,hh_limited_eng_spanish,hh_limited_eng_indoeuropean,hh_limited_eng_apilang,hh_limited_eng_other,pub_assist_total,pub_assist_or_snap,renter_hh_total,renter_hh_no_vehicle,GEO_ID,state,county,tract,inc_dist_total,inc_under_10k,inc_10_15k,inc_15_20k,inc_20_25k,inc_25_30k,inc_30_35k,id,pct_white,pct_black,pct_asian,pct_hispanic,unemployment,poverty_rate,vacancy_rate,occupancy_rate,rent_burden,pct_lor_2019_or_later,pct_lor_2015_2018,pct_lor_2010_2014,pct_lor_2000_2009,pct_lor_1990_1999,pct_lor_1989_or_earlier,pct_lang_english_only,pct_lang_spanish,pct_lang_french,pct_lang_chinese,pct_lang_vietnamese,pct_lang_tagalog,pct_lang_korean,pct_foreign_born,pct_naturalized,pct_noncitizen,pct_limited_eng_spanish,pct_limited_eng_indoeuropean,pct_limited_eng_apilang,pct_limited_eng_other,pct_limited_eng_any,pct_pub_assist_or_snap,pct_renter_no_vehicle,pct_under_35k
3269.0,2255.0,171.0,477.0,167.0,234236.0,142.0,3248.0,1728.0,87.0,3501.0,1496.0,119.0,1995.0,2.37,3269.0,415.0,22.0,119.0,266.0,0.0,0.0,,,,,,,,,127.0,0.0,0.0,8.0,0.0,3269.0,758.0,3269.0,493.0,265.0,1377.0,0.0,0.0,0.0,9.0,1377.0,57.0,127.0,0.0,1400000US06001400100,06,001,400100,1377.0,78.0,0.0,0.0,26.0,17.0,9.0,400100,69.0,5.2,14.6,5.1,5.0,4.4,8.0,92.0,6.3,12.7,0.7,3.6,8.1,0.0,0.0,0.0,0.0,0.0,0.0,0.0,0.0,0.0,23.2,15.1,8.1,0.0,0.0,0.0,0.7,0.7,4.1,0.0,9.4
2147.0,1500.0,38.0,251.0,159.0,225500.0,161.0,2147.0,1197.0,73.0,2500.0,913.0,37.0,1938.0,2.31,2020.0,815.0,65.0,161.0,454.0,123.0,0.0,,,,,,,,,386.0,9.0,0.0,5.0,28.0,2147.0,309.0,2147.0,191.0,118.0,876.0,0.0,3.0,0.0,0.0,876.0,6.0,386.0,76.0,1400000US06001400200,06,001,400200,876.0,6.0,21.0,0.0,7.0,0.0,0.0,400200,69.9,1.8,11.7,7.4,6.1,7.5,4.1,95.9,10.9,40.3,3.2,8.0,22.5,6.1,0.0,0.0,0.0,0.0,0.0,0.0,0.0,0.0,14.4,8.9,5.5,0.0,0.3,0.0,0.0,0.3,0.7,19.7,3.9
5619.0,3290.0,529.0,635.0,568.0,164000.0,396.0,5592.0,3608.0,258.0,2335.0,2851.0,213.0,1945.0,2.12,5589.0,3168.0,165.0,1113.0,1276.0,391.0,175.0,,,,,,,,,1691.0,205.0,146.0,93.0,189.0,5619.0,875.0,5619.0,612.0,263.0,2638.0,0.0,0.0,15.0,86.0,2638.0,157.0,1691.0,331.0,1400000US06001400300,06,001,400300,2638.0,124.0,91.0,0.0,54.0,54.0,24.0,400300,58.6,9.4,11.3,10.1,7.2,7.1,7.5,92.5,37.4,56.7,3.0,19.9,22.8,7.0,3.1,0.0,0.0,0.0,0.0,0.0,0.0,0.0,15.6,10.9,4.7,0.0,0.0,0.6,3.3,3.8,6.0,19.6,13.2
4278.0,2740.0,499.0,373.0,306.0,158836.0,419.0,4226.0,2543.0,5.0,2373.0,1975.0,215.0,1938.0,2.4,4224.0,2024.0,206.0,471.0,1108.0,141.0,44.0,,,,,,,,,887.0,15.0,0.0,17.0,171.0,4278.0,421.0,4278.0,264.0,157.0,1760.0,9.0,0.0,0.0,0.0,1760.0,156.0,887.0,199.0,1400000US06001400400,06,001,400400,1760.0,19.0,47.0,58.0,31.0,58.0,6.0,400400,64.0,11.7,8.7,7.2,0.2,9.9,10.9,89.1,22.9,47.9,4.9,11.2,26.2,3.3,1.0,0.0,0.0,0.0,0.0,0.0,0.0,0.0,9.8,6.2,3.7,0.5,0.0,0.0,0.0,0.5,8.9,22.4,12.4
3949.0,1638.0,993.0,370.0,612.0,95078.0,409.0,3941.0,2423.0,195.0,2175.0,1820.0,141.0,1938.0,2.35,3949.0,1918.0,323.0,720.0,608.0,209.0,8.0,,,,,,,,,878.0,99.0,23.0,55.0,225.0,3949.0,765.0,3949.0,471.0,294.0,1679.0,0.0,11.0,0.0,18.0,1679.0,135.0,878.0,143.0,1400000US06001400500,06,001,400500,1679.0,70.0,29.0,41.0,78.0,7.0,31.0,400500,41.5,25.1,9.4,15.5,8.0,10.4,7.7,92.3,45.8,48.6,8.2,18.2,15.4,5.3,0.2,0.0,0.0,0.0,0.0,0.0,0.0,0.0,19.4,11.9,7.4,0.0,0.7,0.0,1.1,1.7,8.0,16.3,15.2
2058.0,905.0,539.0,131.0,134.0,155893.0,174.0,2032.0,1375.0,45.0,2328.0,817.0,49.0,1938.0,2.66,2044.0,1141.0,114.0,216.0,508.0,183.0,80.0,,,,,,,,,458.0,42.0,0.0,6.0,101.0,2058.0,245.0,2058.0,179.0,66.0,768.0,0.0,0.0,7.0,0.0,768.0,76.0,458.0,67.0,1400000US06001400600,06,001,400600,768.0,25.0,55.0,0.0,0.0,0.0,19.0,400600,44.0,26.2,6.4,6.5,3.3,8.6,6.0,94.0,32.5,55.8,5.6,10.6,24.9,9.0,3.9,0.0,0.0,0.0,0.0,0.0,0.0,0.0,11.9,8.7,3.2,0.0,0.0,0.9,0.0,0.9,9.9,14.6,12.9
4758.0,2293.0,1101.0,398.0,470.0,110556.0,475.0,4758.0,3270.0,128.0,2162.0,2193.0,181.0,1938.0,2.36,4743.0,2872.0,177.0,942.0,1083.0,636.0,34.0,,,,,,,,,1265.0,111.0,0.0,77.0,207.0,4758.0,606.0,4758.0,356.0,250.0,2012.0,0.0,12.0,60.0,15.0,2012.0,284.0,1265.0,230.0,1400000US06001400700,06,001,400700,2012.0,96.0,31.0,32.0,67.0,82.0,20.0,400700,48.2,23.1,8.4,9.9,3.9,10.0,8.3,91.7,31.2,60.6,3.7,19.9,22.8,13.4,0.7,0.0,0.0,0.0,0.0,0.0,0.0,0.0,12.7,7.5,5.3,0.0,0.6,3.0,0.7,4.3,14.1,18.2,16.3
4335.0,2228.0,643.0,695.0,387.0,97132.0,478.0,4322.0,2908.0,91.0,2014.0,1988.0,103.0,1951.0,2.26,4258.0,2873.0,381.0,670.0,1545.0,182.0,19.0,,,,,,,,,1224.0,87.0,79.0,97.0,186.0,4335.0,847.0,4335.0,521.0,326.0,1885.0,18.0,0.0,93.0,0.0,1885.0,263.0,1224.0,184.0,1400000US06001400800,06,001,400800,1885.0,103.0,33.0,109.0,40.0,0.0,19.0,400800,51.4,14.8,16.0,8.9,3.1,11.1,5.2,94.8,36.7,67.5,8.9,15.7,36.3,4.3,0.4,0.0,0.0,0.0,0.0,0.0,0.0,0.0,19.5,12.0,7.5,1.0,0.0,4.9,0.0,5.9,14.0,15.0,16.1
2844.0,1052.0,692.0,174.0,533.0,114583.0,140.0,2844.0,2065.0,83.0,2197.0,1274.0,161.0,1938.0,2.55,2842.0,1863.0,74.0,272.0,1208.0,232.0,0.0,,,,,,,,,711.0,45.0,53.0,32.0,137.0,2844.0,492.0,2844.0,224.0,268.0,1113.0,0.0,32.0,0.0,9.0,1113.0,85.0,711.0,41.0,1400000US06001400900,06,001,400900,1113.0,18.0,10.0,0.0,33.0,39.0,18.0,400900,37.0,24.3,6.1,18.7,4.0,4.9,12.6,87.4,37.6,65.6,2.6,9.6,42.5,8.2,0.0,0.0,0.0,0.0,0.0,0.0,0.0,0.0,17.3,7.9,9.4,0.0,2.9,0.0,0.8,3.7,7.6,5.8,10.6
6277.0,2095.0,1478.0,464.0,1389.0,153654.0,709.0,6269.0,4265.0,248.0,2159.0,2674.0,372.0,1938.0,2.7,6223.0,3602.0,191.0,955.0,1721.0,689.0,16.0,,,,,,,,,1361.0,219.0,33.0,114.0,198.0,6277.0,913.0,6277.0,454.0,459.0,2302.0,12.0,0.0,31.0,49.0,2302.0,227.0,1361.0,334.0,1400000US06001401000,06,001,401000,2302.0,62.0,59.0,25.0,16.0,18.0,26.0,401000,33.4,23.5,7.4,22.1,5.8,11.3,13.9,86.1,41.4,57.9,3.1,15.3,27.7,11.1,0.3,0.0,0.0,0.0,0.0,0.0,0.0,0.0,14.5,7.2,7.3,0.5,0.0,1.3,2.1,4.0,9.9,24.5,8.9
5537.0,2325.0,906.0,1005.0,658.0,93121.0,599.0,5521.0,3871.0,303.0,1990.0,2706.0,57.0,1951.0,2.05,5423.0,3915.0,340.0,1598.0,1312.0,451.0,205.0,,,,,,,,,2091.0,110.0,31.0,382.0,364.0,5537.0,1317.0,5537.0,523.0,794.0,2649.0,90.0,0.0,43.0,22.0,2649.0,344.0,2091.0,410.0,1400000US06001401100,06,001,401100,2649.0,155.0,72.0,49.0,80.0,50.0,57.0,401100,42.0,16.4,18.2,11.9,7.8,10.8,2.1,97.9,42.4,72.2,6.3,29.5,24.2,8.3,3.8,0.0,0.0,0.0,0.0,0.0,0.0,0.0,23.8,9.4,14.3,3.4,0.0,1.6,0.8,5.9,13.0,19.6,17.5
2994.0,1718.0,239.0,441.0,387.0,115045.0,269.0,2987.0,2145.0,75.0,2695.0,1481.0,52.0,1944.0,2.09,2987.0,1543.0,231.0,484.0,629.0,94.0,17.0,,,,,,,,,870.0,23.0,61.0,94.0,210.0,2994.0,447.0,2994.0,272.0,175.0,1429.0,0.0,0.0,17.0,0.0,1429.0,51.0,870.0,163.0,1400000US06001401200,06,001,401200,1429.0,43.0,22.0,47.0,0.0,0.0,113.0,401200,57.4,8.0,14.7,12.9,3.5,9.0,3.5,96.5,44.6,51.7,7.7,16.2,21.1,3.1,0.6,0.0,0.0,0.0,0.0,0.0,0.0,0.0,14.9,9.1,5.8,0.0,0.0,1.2,0.0,1.2,3.6,18.7,15.7
4608.0,1657.0,1325.0,827.0,393.0,104226.0,524.0,4293.0,3229.0,124.0,2028.0,2564.0,163.0,1978.0,1.69,4053.0,3253.0,574.0,1201.0,1196.0,165.0,96.0,,,,,,,,,2086.0,243.0,147.0,117.0,357.0,4608.0,1126.0,4608.0,507.0,619.0,2401.0,10.0,18.0,142.0,49.0,2401.0,334.0,2086.0,741.0,1400000US06001401300,06,001,401300,2401.0,102.0,115.0,27.0,57.0,69.0,79.0,401300,36.0,28.8,17.9,8.5,3.8,12.2,6.4,93.6,41.4,80.3,14.2,29.6,29.5,4.1,2.4,0.0,0.0,0.0,0.0,0.0,0.0,0.0,24.4,11.0,13.4,0.4,0.7,5.9,2.0,9.1,13.9,35.5,18.7
5392.0,1380.0,1716.0,731.0,1175.0,95011.0,1628.0,5380.0,3610.0,375.0,2141.0,1950.0,209.0,1938.0,2.9,5057.0,3856.0,238.0,1502.0,1522.0,578.0,0.0,,,,,,,,,1338.0,51.0,143.0,89.0,332.0,5392.0,910.0,5392.0,482.0,428.0,1741.0,69.0,0.0,51.0,0.0,1741.0,385.0,1338.0,233.0,1400000US06001401400,06,001,401400,1741.0,130.0,95.0,44.0,59.0,10.0,74.0,401400,25.6,31.8,13.6,21.8,10.4,30.3,10.7,89.3,46.0,76.3,4.7,29.7,30.1,11.4,0.0,0.0,0.0,0.0,0.0,0.0,0.0,0.0,16.9,8.9,7.9,4.0,0.0,2.9,0.0,6.9,22.1,17.4,23.7
3035.0,662.0,1666.0,88.0,467.0,75568.0,504.0,2932.0,1941.0,180.0,1388.0,1307.0,104.0,1938.0,2.52,3029.0,1695.0,96.0,358.0,705.0,503.0,23.0,,,,,,,,,767.0,46.0,41.0,72.0,221.0,3035.0,710.0,3035.0,260.0,450.0,1203.0,46.0,5.0,13.0,16.0,1203.0,296.0,767.0,303.0,1400000US06001401500,06,001,401500,1203.0,156.0,146.0,70.0,10.0,54.0,44.0,401500,21.8,54.9,2.9,15.4,9.3,17.2,8.0,92.0,49.5,56.0,3.2,11.8,23.3,16.6,0.8,0.0,0.0,0.0,0.0,0.0,0.0,0.0,23.4,8.6,14.8,3.8,0.4,1.1,1.3,6.7,24.6,39.5,39.9
2403.0,446.0,788.0,265.0,697.0,88304.0,390.0,2403.0,1527.0,139.0,1685.0,1010.0,101.0,1973.0,2.55,2321.0,1578.0,181.0,467.0,602.0,284.0,8.0,,,,,,,,,654.0,45.0,125.0,49.0,147.0,2403.0,720.0,2403.0,337.0,383.0,909.0,16.0,0.0,19.0,12.0,909.0,118.0,654.0,64.0,1400000US06001401600,06,001,401600,909.0,76.0,44.0,24.0,15.0,25.0,46.0,401600,18.6,32.8,11.0,29.0,9.1,16.2,10.0,90.0,56.0,68.0,7.8,20.1,25.9,12.2,0.3,0.0,0.0,0.0,0.0,0.0,0.0,0.0,30.0,14.0,15.9,1.8,0.0,2.1,1.3,5.2,13.0,9.8,25.3
3276.0,1487.0,452.0,551.0,549.0,145833.0,550.0,3265.0,2456.0,95.0,2745.0,1666.0,260.0,1982.0,2.24,3145.0,1876.0,117.0,565.0,1171.0,23.0,0.0,,,,,,,,,737.0,152.0,81.0,77.0,80.0,3276.0,490.0,3276.0,281.0,209.0,1406.0,17.0,11.0,0.0,0.0,1406.0,35.0,737.0,40.0,1400000US06001401700,06,001,401700,1406.0,22.0,18.0,0.0,20.0,0.0,0.0,401700,45.4,13.8,16.8,16.8,3.9,16.8,15.6,84.4,52.9,59.7,3.7,18.0,37.2,0.7,0.0,0.0,0.0,0.0,0.0,0.0,0.0,0.0,15.0,8.6,6.4,1.2,0.8,0.0,0.0,2.0,2.5,5.4,4.3
1709.0,417.0,649.0,78.0,454.0,72401.0,261.0,1709.0,1032.0,20.0,1666.0,821.0,128.0,1938.0,2.46,1706.0,1139.0,32.0,285.0,633.0,161.0,24.0,,,,,,,,,482.0,37.0,30.0,40.0,141.0,1709.0,227.0,1709.0,62.0,165.0,693.0,15.0,0.0,11.0,0.0,693.0,150.0,482.0,158.0,1400000US06001401800,06,001,401800,693.0,46.0,46.0,23.0,0.0,20.0,20.0,401800,24.4,38.0,4.6,26.6,1.9,15.3,15.6,84.4,51.5,66.8,1.9,16.7,37.1,9.4,1.4,0.0,0.0,0.0,0.0,0.0,0.0,0.0,13.3,3.6,9.7,2.2,0.0,1.6,0.0,3.8,21.6,32.8,22.4
2337.0,747.0,647.0,295.0,537.0,96200.0,444.0,2313.0,1563.0,124.0,2672.0,1075.0,151.0,1947.0,2.53,2337.0,1583.0,87.0,530.0,653.0,158.0,4.0,,,,,,,,,565.0,108.0,30.0,42.0,76.0,2337.0,512.0,2337.0,218.0,294.0,924.0,25.0,9.0,41.0,0.0,924.0,241.0,565.0,110.0,1400000US06001402200,06,001,402200,924.0,28.0,71.0,18.0,27.0,22.0,35.0,402200,32.0,27.7,12.6,23.0,7.9,19.2,14.0,86.0,45.3,67.7,3.7,22.7,27.9,6.8,0.2,0.0,0.0,0.0,0.0,0.0,0.0,0.0,21.9,9.3,12.6,2.7,1.0,4.4,0.0,8.1,26.1,19.5,21.8
2623.0,349.0,1432.0,393.0,228.0,31279.0,519.0,2593.0,1308.0,139.0,1325.0,1293.0,51.0,1942.0,2.11,2616.0,1745.0,0.0,337.0,817.0,134.0,297.0,,,,,,,,,955.0,94.0,12.0,87.0,360.0,2623.0,491.0,2623.0,213.0,278.0,1242.0,35.0,0.0,119.0,50.0,1242.0,345.0,955.0,474.0,1400000US06001402400,06,001,402400,1242.0,143.0,103.0,175.0,134.0,22.0,100.0,402400,13.3,54.6,15.0,8.7,10.6,20.0,3.9,96.1,57.9,66.7,0.0,12.9,31.2,5.1,11.4,0.0,0.0,0.0,0.0,0.0,0.0,0.0,18.7,8.1,10.6,2.8,0.0,9.6,4.0,16.4,27.8,49.6,54.5
2010.0,314.0,878.0,388.0,235.0,34250.0,555.0,2010.0,928.0,181.0,1038.0,837.0,64.0,1974.0,2.6,2010.0,1644.0,46.0,42.0,1099.0,360.0,84.0,,,,,,,,,649.0,68.0,45.0,77.0,121.0,2010.0,479.0,2010.0,255.0,224.0,773.0,0.0,0.0,55.0,0.0,773.0,284.0,649.0,280.0,1400000US06001402500,06,001,402500,773.0,109.0,118.0,10.0,83.0,32.0,45.0,402500,15.6,43.7,19.3,11.7,19.5,27.6,7.6,92.4,47.9,81.8,2.3,2.1,54.7,17.9,4.2,0.0,0.0,0.0,0.0,0.0,0.0,0.0,23.8,12.7,11.1,0.0,0.0,7.1,0.0,7.1,36.7,43.1,51.4
1300.0,123.0,500.0,479.0,76.0,45560.0,234.0,1300.0,651.0,52.0,1153.0,669.0,54.0,1977.0,2.11,1300.0,1094.0,15.0,177.0,401.0,473.0,12.0,,,,,,,,,507.0,56.0,56.0,15.0,99.0,1300.0,553.0,1300.0,336.0,217.0,615.0,6.0,0.0,109.0,13.0,615.0,148.0,507.0,168.0,1400000US06001402600,06,001,402600,615.0,69.0,109.0,26.0,22.0,5.0,30.0,402600,9.5,38.5,36.8,5.8,8.0,18.0,8.1,91.9,44.6,84.2,1.2,13.6,30.8,36.4,0.9,0.0,0.0,0.0,0.0,0.0,0.0,0.0,42.5,25.8,16.7,1.0,0.0,17.7,2.1,20.8,24.1,33.1,42.4
2039.0,523.0,763.0,312.0,347.0,115750.0,390.0,2039.0,1214.0,86.0,1853.0,825.0,90.0,1938.0,2.77,2039.0,1190.0,82.0,524.0,277.0,171.0,43.0,,,,,,,,,500.0,28.0,14.0,25.0,80.0,2039.0,326.0,2039.0,233.0,93.0,735.0,13.0,0.0,14.0,0.0,735.0,101.0,500.0,130.0,1400000US06001402700,06,001,402700,735.0,109.0,40.0,32.0,16.0,27.0,4.0,402700,25.6,37.4,15.3,17.0,7.1,19.1,10.9,89.1,29.4,58.4,4.0,25.7,13.6,8.4,2.1,0.0,0.0,0.0,0.0,0.0,0.0,0.0,16.0,11.4,4.6,1.8,0.0,1.9,0.0,3.7,13.7,26.0,31.0
3254.0,869.0,1411.0,620.0,148.0,74931.0,394.0,3254.0,1982.0,124.0,1597.0,1798.0,91.0,2002.0,1.87,3191.0,2837.0,226.0,438.0,1393.0,780.0,0.0,,,,,,,,,1473.0,221.0,118.0,47.0,314.0,3254.0,1142.0,3254.0,708.0,434.0,1707.0,8.0,18.0,109.0,0.0,1707.0,376.0,1473.0,689.0,1400000US06001402801,06,001,402801,1707.0,96.0,188.0,18.0,85.0,25.0,198.0,402801,26.7,43.4,19.1,4.5,6.3,12.1,5.1,94.9,47.5,88.9,7.1,13.7,43.7,24.4,0.0,0.0,0.0,0.0,0.0,0.0,0.0,0.0,35.1,21.8,13.3,0.5,1.1,6.4,0.0,7.9,22.0,46.8,35.7
1430.0,329.0,613.0,252.0,51.0,,591.0,1430.0,723.0,120.0,755.0,900.0,183.0,1959.0,1.47,1057.0,1017.0,108.0,360.0,353.0,196.0,0.0,,,,,,,,,691.0,72.0,6.0,67.0,200.0,1430.0,197.0,1430.0,151.0,46.0,717.0,0.0,0.0,58.0,0.0,717.0,147.0,691.0,446.0,1400000US06001402802,06,001,402802,717.0,124.0,131.0,94.0,6.0,6.0,18.0,402802,23.0,42.9,17.6,3.6,16.6,41.3,20.3,79.7,49.9,96.2,10.2,34.1,33.4,18.5,0.0,0.0,0.0,0.0,0.0,0.0,0.0,0.0,13.8,10.6,3.2,0.0,0.0,8.1,0.0,8.1,20.5,64.5,52.9
1828.0,365.0,408.0,806.0,182.0,37973.0,446.0,1776.0,1020.0,70.0,1468.0,1518.0,282.0,1980.0,1.43,1764.0,1764.0,253.0,381.0,841.0,200.0,75.0,,,,,,,,,1236.0,153.0,43.0,97.0,249.0,1828.0,804.0,1828.0,461.0,343.0,1236.0,0.0,7.0,363.0,12.0,1236.0,268.0,1236.0,727.0,1400000US06001402900,06,001,402900,1236.0,201.0,183.0,27.0,173.0,0.0,16.0,402900,20.0,22.3,44.1,10.0,6.9,25.1,18.6,81.4,43.9,100.0,14.3,21.6,47.7,11.3,4.3,0.0,0.0,0.0,0.0,0.0,0.0,0.0,44.0,25.2,18.8,0.0,0.6,29.4,1.0,30.9,21.7,58.8,48.5
2897.0,250.0,146.0,2222.0,62.0,32077.0,882.0,2897.0,1332.0,115.0,931.0,1974.0,408.0,1981.0,1.85,2897.0,2016.0,283.0,362.0,704.0,480.0,177.0,,,,,,,,,1083.0,57.0,24.0,108.0,239.0,2897.0,2100.0,2897.0,1270.0,830.0,1566.0,11.0,11.0,588.0,0.0,1566.0,508.0,1083.0,586.0,1400000US06001403000,06,001,403000,1566.0,226.0,217.0,57.0,129.0,100.0,67.0,403000,8.6,5.0,76.7,2.1,8.6,30.4,20.7,79.3,39.5,69.6,9.8,12.5,24.3,16.6,6.1,0.0,0.0,0.0,0.0,0.0,0.0,0.0,72.5,43.8,28.7,0.7,0.7,37.5,0.0,39.0,32.4,54.1,50.8
1941.0,767.0,323.0,537.0,241.0,136071.0,288.0,1773.0,1200.0,110.0,2793.0,1233.0,273.0,2002.0,1.68,1609.0,988.0,210.0,285.0,388.0,86.0,19.0,,,,,,,,,623.0,30.0,58.0,35.0,142.0,1941.0,580.0,1941.0,324.0,256.0,960.0,0.0,0.0,175.0,0.0,960.0,47.0,623.0,307.0,1400000US06001403100,06,001,403100,960.0,65.0,33.0,74.0,30.0,0.0,8.0,403100,39.5,16.6,27.7,12.4,9.2,16.2,22.1,77.9,42.5,61.4,13.1,17.7,24.1,5.3,1.2,0.0,0.0,0.0,0.0,0.0,0.0,0.0,29.9,16.7,13.2,0.0,0.0,18.2,0.0,18.2,4.9,49.3,21.9
1830.0,187.0,51.0,1262.0,38.0,34417.0,468.0,1830.0,966.0,16.0,1890.0,849.0,78.0,1974.0,2.37,1828.0,1644.0,19.0,84.0,1091.0,312.0,73.0,,,,,,,,,667.0,66.0,32.0,16.0,313.0,1830.0,1125.0,1830.0,1036.0,89.0,771.0,0.0,0.0,291.0,0.0,771.0,271.0,667.0,271.0,1400000US06001403301,06,001,403301,771.0,34.0,155.0,127.0,17.0,16.0,47.0,403301,10.2,2.8,69.0,2.1,1.7,25.6,9.2,90.8,64.0,89.9,1.0,4.6,59.7,17.1,4.0,0.0,0.0,0.0,0.0,0.0,0.0,0.0,61.5,56.6,4.9,0.0,0.0,37.7,0.0,37.7,35.1,40.6,51.4
2556.0,1317.0,123.0,559.0,158.0,148235.0,36.0,2556.0,2120.0,13.0,3095.0,1708.0,292.0,2002.0,1.79,2537.0,1765.0,334.0,842.0,569.0,20.0,0.0,,,,,,,,,878.0,40.0,45.0,35.0,102.0,2556.0,385.0,2556.0,217.0,168.0,1416.0,0.0,0.0,15.0,0.0,1416.0,44.0,878.0,131.0,1400000US06001403302,06,001,403302,1416.0,0.0,0.0,40.0,15.0,0.0,39.0,403302,51.5,4.8,21.9,6.2,0.6,1.4,17.1,82.9,25.3,69.6,13.2,33.2,22.4,0.8,0.0,0.0,0.0,0.0,0.0,0.0,0.0,0.0,15.1,8.5,6.6,0.0,0.0,1.1,0.0,1.1,3.1,14.9,6.6
2717.0,1154.0,447.0,678.0,238.0,69984.0,486.0,2696.0,1666.0,105.0,1619.0,2212.0,227.0,1965.0,1.35,2685.0,2291.0,216.0,581.0,1014.0,373.0,65.0,,,,,,,,,1683.0,249.0,119.0,130.0,315.0,2717.0,911.0,2717.0,561.0,350.0,1985.0,0.0,0.0,246.0,40.0,1985.0,284.0,1683.0,745.0,1400000US06001403401,06,001,403401,1985.0,147.0,243.0,42.0,116.0,45.0,60.0,403401,42.5,16.5,25.0,8.8,6.3,18.0,10.3,89.7,48.3,85.3,8.0,21.6,37.8,13.9,2.4,0.0,0.0,0.0,0.0,0.0,0.0,0.0,33.5,20.6,12.9,0.0,0.0,12.4,2.0,14.4,14.3,44.3,32.9
1134.0,493.0,172.0,152.0,135.0,89021.0,0.0,1134.0,990.0,49.0,1713.0,886.0,151.0,1938.0,1.54,1134.0,1134.0,23.0,306.0,729.0,0.0,76.0,,,,,,,,,735.0,66.0,27.0,115.0,87.0,1134.0,213.0,1134.0,84.0,129.0,735.0,0.0,0.0,0.0,0.0,735.0,120.0,735.0,282.0,1400000US06001403402,06,001,403402,735.0,0.0,0.0,15.0,97.0,28.0,5.0,403402,43.5,15.2,13.4,11.9,4.9,0.0,17.0,83.0,40.1,100.0,2.0,27.0,64.3,0.0,6.7,0.0,0.0,0.0,0.0,0.0,0.0,0.0,18.8,7.4,11.4,0.0,0.0,0.0,0.0,0.0,16.3,38.4,19.7
4904.0,1874.0,740.0,1525.0,387.0,104167.0,805.0,4904.0,3314.0,183.0,1911.0,3203.0,489.0,1976.0,1.8,4877.0,4029.0,582.0,1149.0,1547.0,705.0,46.0,,,,,,,,,2298.0,168.0,98.0,206.0,605.0,4904.0,1856.0,4904.0,1109.0,747.0,2714.0,48.0,0.0,230.0,85.0,2714.0,400.0,2298.0,634.0,1400000US06001403501,06,001,403501,2714.0,269.0,127.0,72.0,173.0,70.0,164.0,403501,38.2,15.1,31.1,7.9,5.5,16.4,15.3,84.7,46.9,82.6,11.9,23.6,31.7,14.5,0.9,0.0,0.0,0.0,0.0,0.0,0.0,0.0,37.8,22.6,15.2,1.8,0.0,8.5,3.1,13.4,14.7,27.6,32.2
1919.0,939.0,221.0,208.0,324.0,108478.0,194.0,1919.0,1428.0,40.0,1939.0,1403.0,285.0,1959.0,1.7,1896.0,1565.0,72.0,338.0,813.0,104.0,92.0,,,,,,,,,936.0,51.0,13.0,72.0,242.0,1919.0,177.0,1919.0,117.0,60.0,1118.0,5.0,0.0,18.0,0.0,1118.0,58.0,936.0,163.0,1400000US06001403502,06,001,403502,1118.0,63.0,48.0,46.0,44.0,42.0,39.0,403502,48.9,11.5,10.8,16.9,2.8,10.1,20.3,79.7,40.4,82.5,3.8,17.8,42.9,5.5,4.9,0.0,0.0,0.0,0.0,0.0,0.0,0.0,9.2,6.1,3.1,0.4,0.0,1.6,0.0,2.1,5.2,17.4,25.2
5056.0,1933.0,1174.0,497.0,857.0,99925.0,582.0,4951.0,3438.0,161.0,2111.0,3085.0,252.0,1968.0,1.74,4922.0,4106.0,295.0,894.0,1836.0,625.0,271.0,,,,,,,,,2416.0,182.0,102.0,196.0,360.0,5056.0,1042.0,5056.0,564.0,478.0,2833.0,0.0,14.0,18.0,23.0,2833.0,185.0,2416.0,317.0,1400000US06001403600,06,001,403600,2833.0,159.0,62.0,0.0,84.0,29.0,73.0,403600,38.2,23.2,9.8,17.0,4.7,11.8,8.2,91.8,34.8,83.4,6.0,18.2,37.3,12.7,5.5,0.0,0.0,0.0,0.0,0.0,0.0,0.0,20.6,11.2,9.5,0.0,0.5,0.6,0.8,1.9,6.5,13.1,14.4
2909.0,1222.0,632.0,573.0,305.0,84063.0,500.0,2823.0,1910.0,40.0,2375.0,1858.0,106.0,1964.0,1.59,2789.0,2386.0,125.0,512.0,1331.0,335.0,46.0,,,,,,,,,1547.0,118.0,49.0,50.0,531.0,2909.0,631.0,2909.0,432.0,199.0,1752.0,12.0,8.0,0.0,0.0,1752.0,80.0,1547.0,414.0,1400000US06001403701,06,001,403701,1752.0,132.0,34.0,0.0,120.0,11.0,27.0,403701,42.0,21.7,19.7,10.5,2.1,17.7,5.7,94.3,48.4,85.6,4.5,18.4,47.7,12.0,1.6,0.0,0.0,0.0,0.0,0.0,0.0,0.0,21.7,14.9,6.8,0.7,0.5,0.0,0.0,1.1,4.6,26.8,18.5
2238.0,1224.0,369.0,264.0,244.0,115156.0,182.0,2172.0,1635.0,99.0,2217.0,1363.0,161.0,1938.0,1.85,2228.0,1935.0,162.0,704.0,697.0,250.0,122.0,,,,,,,,,1018.0,87.0,43.0,32.0,129.0,2238.0,298.0,2238.0,172.0,126.0,1202.0,0.0,7.0,16.0,0.0,1202.0,111.0,1018.0,176.0,1400000US06001403702,06,001,403702,1202.0,11.0,31.0,12.0,11.0,21.0,41.0,403702,54.7,16.5,11.8,10.9,6.1,8.4,11.8,88.2,28.6,86.8,7.3,31.6,31.3,11.2,5.5,0.0,0.0,0.0,0.0,0.0,0.0,0.0,13.3,7.7,5.6,0.0,0.6,1.3,0.0,1.9,9.2,17.3,10.6
4008.0,2471.0,606.0,397.0,288.0,154524.0,230.0,4008.0,2649.0,114.0,2289.0,2092.0,158.0,1938.0,2.06,3986.0,2142.0,75.0,617.0,1026.0,352.0,38.0,,,,,,,,,1270.0,27.0,95.0,44.0,211.0,4008.0,342.0,4008.0,244.0,98.0,1934.0,0.0,0.0,0.0,0.0,1934.0,98.0,1270.0,196.0,1400000US06001403800,06,001,403800,1934.0,84.0,14.0,27.0,17.0,19.0,12.0,403800,61.7,15.1,9.9,7.2,4.3,5.7,7.6,92.4,29.7,53.7,1.9,15.5,25.7,8.8,1.0,0.0,0.0,0.0,0.0,0.0,0.0,0.0,8.5,6.1,2.4,0.0,0.0,0.0,0.0,0.0,5.1,15.4,8.9
3883.0,2436.0,360.0,584.0,433.0,126075.0,344.0,3881.0,2454.0,102.0,2168.0,2416.0,259.0,1964.0,1.77,3826.0,2373.0,84.0,762.0,984.0,370.0,153.0,,,,,,,,,1411.0,65.0,87.0,33.0,245.0,3883.0,724.0,3883.0,401.0,323.0,2157.0,15.0,0.0,55.0,0.0,2157.0,80.0,1411.0,165.0,1400000US06001403900,06,001,403900,2157.0,14.0,136.0,57.0,57.0,0.0,85.0,403900,62.7,9.3,15.0,11.2,4.2,8.9,10.7,89.3,30.5,62.0,2.2,19.9,25.7,9.7,4.0,0.0,0.0,0.0,0.0,0.0,0.0,0.0,18.6,10.3,8.3,0.7,0.0,2.5,0.0,3.2,3.7,11.7,16.2
3145.0,1597.0,377.0,361.0,615.0,98214.0,342.0,3145.0,2227.0,82.0,1927.0,1937.0,123.0,1964.0,1.73,3145.0,2187.0,67.0,554.0,844.0,518.0,167.0,,,,,,,,,1346.0,108.0,116.0,127.0,287.0,3145.0,509.0,3145.0,309.0,200.0,1814.0,0.0,0.0,19.0,0.0,1814.0,120.0,1346.0,183.0,1400000US06001404000,06,001,404000,1814.0,35.0,88.0,26.0,28.0,58.0,6.0,404000,50.8,12.0,11.5,19.6,3.7,10.9,6.4,93.6,47.4,69.5,2.1,17.6,26.8,16.5,5.3,0.0,0.0,0.0,0.0,0.0,0.0,0.0,16.2,9.8,6.4,0.0,0.0,1.0,0.0,1.0,6.6,13.6,13.3
3208.0,2365.0,269.0,287.0,141.0,128711.0,136.0,3197.0,2255.0,45.0,2222.0,1891.0,124.0,1938.0,1.81,3198.0,1905.0,215.0,542.0,926.0,110.0,95.0,,,,,,,,,1116.0,105.0,38.0,146.0,202.0,3208.0,300.0,3208.0,170.0,130.0,1767.0,0.0,0.0,0.0,0.0,1767.0,64.0,1116.0,215.0,1400000US06001404101,06,001,404101,1767.0,45.0,50.0,14.0,8.0,52.0,113.0,404101,73.7,8.4,8.9,4.4,2.0,4.3,6.6,93.4,44.0,59.6,6.7,16.9,29.0,3.4,3.0,0.0,0.0,0.0,0.0,0.0,0.0,0.0,9.4,5.3,4.1,0.0,0.0,0.0,0.0,0.0,3.6,19.3,16.0
2701.0,1430.0,155.0,408.0,293.0,98472.0,260.0,2569.0,1511.0,43.0,2088.0,1792.0,164.0,1958.0,1.58,2569.0,2188.0,182.0,436.0,1092.0,300.0,124.0,,,,,,,,,1362.0,154.0,62.0,130.0,240.0,2701.0,361.0,2701.0,253.0,108.0,1628.0,25.0,18.0,71.0,0.0,1628.0,155.0,1362.0,441.0,1400000US06001404102,06,001,404102,1628.0,85.0,102.0,64.0,64.0,28.0,55.0,404102,52.9,5.7,15.1,10.8,2.8,10.1,9.2,90.8,43.0,85.2,7.1,17.0,42.5,11.7,4.8,0.0,0.0,0.0,0.0,0.0,0.0,0.0,13.4,9.4,4.0,1.5,1.1,4.4,0.0,7.0,9.5,32.4,24.4
3894.0,2606.0,192.0,435.0,286.0,247619.0,107.0,3734.0,2001.0,130.0,2881.0,1527.0,67.0,1956.0,2.56,3738.0,595.0,8.0,356.0,181.0,23.0,0.0,,,,,,,,,259.0,0.0,13.0,31.0,38.0,3894.0,375.0,3894.0,246.0,129.0,1460.0,0.0,0.0,4.0,0.0,1460.0,49.0,259.0,16.0,1400000US06001404200,06,001,404200,1460.0,25.0,0.0,0.0,6.0,8.0,0.0,404200,66.9,4.9,11.2,7.3,6.5,2.9,4.4,95.6,31.7,15.9,0.2,9.5,4.8,0.6,0.0,0.0,0.0,0.0,0.0,0.0,0.0,0.0,9.6,6.3,3.3,0.0,0.0,0.3,0.0,0.3,3.4,6.2,2.7
3587.0,2696.0,46.0,474.0,214.0,227237.0,125.0,3587.0,1967.0,82.0,3107.0,1549.0,125.0,1947.0,2.52,3587.0,261.0,0.0,91.0,118.0,43.0,9.0,,,,,,,,,117.0,27.0,0.0,19.0,0.0,3587.0,442.0,3587.0,401.0,41.0,1424.0,0.0,0.0,0.0,0.0,1424.0,26.0,117.0,17.0,1400000US06001404300,06,001,404300,1424.0,0.0,24.0,20.0,24.0,0.0,0.0,404300,75.2,1.3,13.2,6.0,4.2,3.5,8.1,91.9,39.3,7.3,0.0,2.5,3.3,1.2,0.3,0.0,0.0,0.0,0.0,0.0,0.0,0.0,12.3,11.2,1.1,0.0,0.0,0.0,0.0,0.0,1.8,14.5,4.8
5823.0,3417.0,142.0,1095.0,182.0,184737.0,130.0,5823.0,3123.0,65.0,3295.0,2478.0,28.0,1980.0,2.38,5823.0,687.0,0.0,413.0,123.0,48.0,81.0,,,,,,,,,321.0,13.0,0.0,0.0,28.0,5823.0,1264.0,5823.0,670.0,594.0,2450.0,30.0,0.0,18.0,0.0,2450.0,15.0,321.0,16.0,1400000US06001404400,06,001,404400,2450.0,54.0,0.0,45.0,60.0,87.0,56.0,404400,58.7,2.4,18.8,3.1,2.1,2.2,1.1,98.9,12.8,11.8,0.0,7.1,2.1,0.8,1.4,0.0,0.0,0.0,0.0,0.0,0.0,0.0,21.7,11.5,10.2,1.2,0.0,0.7,0.0,2.0,0.6,5.0,12.3
1820.0,1197.0,94.0,142.0,116.0,232112.0,24.0,1820.0,962.0,10.0,3501.0,722.0,37.0,1951.0,2.66,1820.0,188.0,0.0,37.0,111.0,6.0,0.0,,,,,,,,,73.0,0.0,12.0,0.0,20.0,1820.0,204.0,1820.0,176.0,28.0,685.0,7.0,5.0,0.0,0.0,685.0,12.0,73.0,0.0,1400000US06001404501,06,001,404501,685.0,4.0,0.0,3.0,0.0,0.0,8.0,404501,65.8,5.2,7.8,6.4,1.0,1.3,5.1,94.9,43.8,10.3,0.0,2.0,6.1,0.3,0.0,0.0,0.0,0.0,0.0,0.0,0.0,0.0,11.2,9.7,1.5,1.0,0.7,0.0,0.0,1.8,1.8,0.0,2.2
6110.0,4030.0,353.0,1021.0,326.0,227361.0,92.0,6110.0,3436.0,115.0,3501.0,2599.0,17.0,1960.0,2.36,6103.0,320.0,103.0,43.0,156.0,18.0,0.0,,,,,,,,,134.0,57.0,0.0,12.0,14.0,6110.0,926.0,6110.0,709.0,217.0,2582.0,9.0,0.0,124.0,0.0,2582.0,32.0,134.0,0.0,1400000US06001404502,06,001,404502,2582.0,19.0,59.0,0.0,42.0,18.0,0.0,404502,66.0,5.8,16.7,5.3,3.3,1.5,0.7,99.3,61.9,5.2,1.7,0.7,2.6,0.3,0.0,0.0,0.0,0.0,0.0,0.0,0.0,0.0,15.2,11.6,3.6,0.3,0.0,4.8,0.0,5.2,1.2,0.0,5.3
4934.0,2872.0,263.0,662.0,216.0,222617.0,307.0,4934.0,2390.0,133.0,2475.0,1955.0,20.0,1963.0,2.55,4934.0,713.0,0.0,262.0,293.0,150.0,0.0,,,,,,,,,281.0,21.0,0.0,10.0,61.0,4934.0,830.0,4934.0,573.0,257.0,1935.0,0.0,18.0,0.0,0.0,1935.0,39.0,281.0,61.0,1400000US06001404600,06,001,404600,1935.0,52.0,61.0,0.0,10.0,9.0,0.0,404600,58.2,5.3,13.4,4.4,5.6,6.2,1.0,99.0,32.7,14.5,0.0,5.3,5.9,3.0,0.0,0.0,0.0,0.0,0.0,0.0,0.0,0.0,16.8,11.6,5.2,0.0,0.9,0.0,0.0,0.9,2.0,21.7,6.8
2187.0,1477.0,100.0,252.0,198.0,250001.0,70.0,2187.0,1221.0,54.0,3501.0,906.0,57.0,1943.0,2.58,2187.0,101.0,12.0,47.0,35.0,0.0,7.0,,,,,,,,,46.0,4.0,0.0,0.0,12.0,2187.0,219.0,2187.0,146.0,73.0,849.0,0.0,0.0,0.0,0.0,849.0,18.0,46.0,0.0,1400000US06001404700,06,001,404700,849.0,27.0,0.0,12.0,0.0,0.0,4.0,404700,67.5,4.6,11.5,9.1,4.4,3.2,6.3,93.7,34.8,4.6,0.5,2.1,1.6,0.0,0.3,0.0,0.0,0.0,0.0,0.0,0.0,0.0,10.0,6.7,3.3,0.0,0.0,0.0,0.0,0.0,2.1,0.0,5.1
2744.0,1444.0,315.0,444.0,275.0,114083.0,303.0,2744.0,1340.0,99.0,1681.0,1225.0,80.0,1944.0,2.4,2744.0,1106.0,142.0,92.0,703.0,74.0,46.0,,,,,,,,,579.0,49.0,10.0,21.0,160.0,2744.0,598.0,2744.0,401.0,197.0,1145.0,12.0,40.0,20.0,0.0,1145.0,211.0,579.0,228.0,1400000US06001404800,06,001,404800,1145.0,66.0,126.0,12.0,0.0,0.0,50.0,404800,52.6,11.5,16.2,10.0,7.4,11.0,6.5,93.5,41.5,40.3,5.2,3.4,25.6,2.7,1.7,0.0,0.0,0.0,0.0,0.0,0.0,0.0,21.8,14.6,7.2,1.0,3.5,1.7,0.0,6.3,18.4,39.4,22.2
4669.0,2530.0,283.0,638.0,764.0,151860.0,131.0,4669.0,2939.0,59.0,2004.0,2125.0,84.0,1938.0,2.29,4669.0,1763.0,94.0,582.0,788.0,95.0,134.0,,,,,,,,,846.0,66.0,64.0,92.0,74.0,4669.0,557.0,4669.0,432.0,125.0,2041.0,0.0,0.0,114.0,0.0,2041.0,116.0,846.0,133.0,1400000US06001404900,06,001,404900,2041.0,59.0,18.0,9.0,75.0,43.0,54.0,404900,54.2,6.1,13.7,16.4,2.0,2.8,4.0,96.0,35.0,37.8,2.0,12.5,16.9,2.0,2.9,0.0,0.0,0.0,0.0,0.0,0.0,0.0,11.9,9.3,2.7,0.0,0.0,5.6,0.0,5.6,5.7,15.7,12.6
3665.0,2086.0,493.0,445.0,376.0,152857.0,155.0,3665.0,2378.0,127.0,2092.0,1774.0,194.0,1938.0,2.32,3660.0,857.0,59.0,255.0,277.0,215.0,51.0,,,,,,,,,479.0,88.0,40.0,34.0,62.0,3665.0,568.0,3665.0,397.0,171.0,1580.0,0.0,0.0,110.0,0.0,1580.0,60.0,479.0,55.0,1400000US06001405000,06,001,405000,1580.0,38.0,50.0,0.0,8.0,0.0,58.0,405000,56.9,13.5,12.1,10.3,5.3,4.2,10.9,89.1,46.8,23.4,1.6,7.0,7.6,5.9,1.4,0.0,0.0,0.0,0.0,0.0,0.0,0.0,15.5,10.8,4.7,0.0,0.0,7.0,0.0,7.0,3.8,11.5,9.7
4508.0,2986.0,255.0,547.0,305.0,250001.0,226.0,4508.0,2468.0,7.0,3270.0,1786.0,84.0,1938.0,2.65,4508.0,323.0,90.0,68.0,127.0,0.0,21.0,,,,,,,,,86.0,0.0,0.0,0.0,11.0,4508.0,505.0,4508.0,379.0,126.0,1702.0,0.0,0.0,0.0,0.0,1702.0,19.0,86.0,0.0,1400000US06001405100,06,001,405100,1702.0,56.0,0.0,23.0,0.0,0.0,6.0,405100,66.2,5.7,12.1,6.8,0.3,5.0,4.7,95.3,12.8,7.2,2.0,1.5,2.8,0.0,0.5,0.0,0.0,0.0,0.0,0.0,0.0,0.0,11.2,8.4,2.8,0.0,0.0,0.0,0.0,0.0,1.1,0.0,5.0
4913.0,1670.0,680.0,1939.0,305.0,105222.0,369.0,4913.0,3110.0,58.0,1759.0,2564.0,272.0,1938.0,2.14,4899.0,3210.0,156.0,463.0,1331.0,468.0,672.0,,,,,,,,,1705.0,109.0,79.0,0.0,324.0,4913.0,1807.0,4913.0,1353.0,454.0,2292.0,0.0,33.0,154.0,0.0,2292.0,155.0,1705.0,302.0,1400000US06001405200,06,001,405200,2292.0,105.0,98.0,0.0,63.0,80.0,65.0,405200,34.0,13.8,39.5,6.2,1.9,7.5,10.6,89.4,30.0,65.5,3.2,9.5,27.2,9.6,13.7,0.0,0.0,0.0,0.0,0.0,0.0,0.0,36.8,27.5,9.2,0.0,1.4,6.7,0.0,8.2,6.8,17.7,17.9
2872.0,1394.0,400.0,411.0,480.0,112656.0,377.0,2808.0,2179.0,54.0,2039.0,1727.0,248.0,1962.0,1.94,2865.0,2461.0,155.0,733.0,880.0,486.0,77.0,,,,,,,,,1332.0,79.0,36.0,68.0,280.0,2872.0,496.0,2872.0,255.0,241.0,1479.0,30.0,11.0,69.0,0.0,1479.0,128.0,1332.0,246.0,1400000US06001405301,06,001,405301,1479.0,69.0,67.0,23.0,27.0,23.0,24.0,405301,48.5,13.9,14.3,16.7,2.5,13.4,14.4,85.6,34.8,85.9,5.4,25.6,30.7,17.0,2.7,0.0,0.0,0.0,0.0,0.0,0.0,0.0,17.3,8.9,8.4,2.0,0.7,4.7,0.0,7.4,8.7,18.5,15.8
2559.0,876.0,596.0,795.0,159.0,63709.0,377.0,2559.0,1611.0,67.0,1727.0,1686.0,147.0,1963.0,1.66,2559.0,2258.0,303.0,641.0,1050.0,144.0,62.0,,,,,,,,,1413.0,149.0,89.0,86.0,343.0,2559.0,898.0,2559.0,537.0,361.0,1539.0,0.0,14.0,219.0,81.0,1539.0,303.0,1413.0,473.0,1400000US06001405302,06,001,405302,1539.0,61.0,115.0,111.0,127.0,36.0,49.0,405302,34.2,23.3,31.1,6.2,4.2,14.7,8.7,91.3,47.2,88.2,11.8,25.0,41.0,5.6,2.4,0.0,0.0,0.0,0.0,0.0,0.0,0.0,35.1,21.0,14.1,0.0,0.9,14.2,5.3,20.4,19.7,33.5,32.4
3541.0,894.0,444.0,1132.0,834.0,70231.0,581.0,3515.0,2427.0,173.0,1773.0,1784.0,200.0,1948.0,2.2,3492.0,3032.0,380.0,625.0,1476.0,413.0,125.0,,,,,,,,,1428.0,115.0,45.0,130.0,423.0,3541.0,1249.0,3541.0,737.0,512.0,1584.0,36.0,25.0,179.0,20.0,1584.0,344.0,1428.0,377.0,1400000US06001405401,06,001,405401,1584.0,59.0,225.0,36.0,68.0,10.0,53.0,405401,25.2,12.5,32.0,23.6,7.1,16.5,11.2,88.8,49.9,86.8,10.9,17.9,42.3,11.8,3.6,0.0,0.0,0.0,0.0,0.0,0.0,0.0,35.3,20.8,14.5,2.3,1.6,11.3,1.3,16.4,21.7,26.4,28.5
3673.0,746.0,561.0,1315.0,862.0,61204.0,695.0,3591.0,2001.0,85.0,1328.0,1332.0,100.0,1961.0,2.91,3591.0,3046.0,71.0,558.0,1387.0,525.0,368.0,,,,,,,,,1107.0,63.0,142.0,64.0,314.0,3673.0,1634.0,3673.0,989.0,645.0,1232.0,32.0,0.0,169.0,17.0,1232.0,330.0,1107.0,210.0,1400000US06001405402,06,001,405402,1232.0,83.0,103.0,119.0,33.0,95.0,46.0,405402,20.3,15.3,35.8,23.5,4.2,19.4,7.5,92.5,52.7,84.8,2.0,15.5,38.6,14.6,10.2,0.0,0.0,0.0,0.0,0.0,0.0,0.0,44.5,26.9,17.6,2.6,0.0,13.7,1.4,17.7,26.8,19.0,38.9
3537.0,756.0,690.0,1288.0,520.0,82222.0,461.0,3528.0,2150.0,119.0,1707.0,1748.0,138.0,1946.0,2.2,3537.0,2589.0,208.0,251.0,933.0,879.0,181.0,,,,,,,,,1205.0,57.0,63.0,79.0,285.0,3537.0,1430.0,3537.0,1039.0,391.0,1610.0,27.0,0.0,124.0,21.0,1610.0,245.0,1205.0,248.0,1400000US06001405500,06,001,405500,1610.0,40.0,136.0,37.0,107.0,64.0,68.0,405500,21.4,19.5,36.4,14.7,5.5,13.1,7.9,92.1,40.2,73.2,5.9,7.1,26.4,24.9,5.1,0.0,0.0,0.0,0.0,0.0,0.0,0.0,40.4,29.4,11.1,1.7,0.0,7.7,1.3,10.7,15.2,20.6,28.1
3044.0,941.0,524.0,672.0,677.0,80669.0,529.0,3019.0,2187.0,95.0,1753.0,1634.0,187.0,1938.0,2.1,3044.0,1970.0,76.0,418.0,846.0,567.0,44.0,,,,,,,,,1069.0,130.0,158.0,123.0,230.0,3044.0,673.0,3044.0,458.0,215.0,1447.0,16.0,0.0,60.0,0.0,1447.0,168.0,1069.0,266.0,1400000US06001405600,06,001,405600,1447.0,85.0,92.0,31.0,47.0,19.0,26.0,405600,30.9,17.2,22.1,22.2,4.3,17.5,11.4,88.6,60.0,64.7,2.5,13.7,27.8,18.6,1.4,0.0,0.0,0.0,0.0,0.0,0.0,0.0,22.1,15.0,7.1,1.1,0.0,4.1,0.0,5.3,11.6,24.9,20.7
3522.0,530.0,985.0,934.0,876.0,74547.0,649.0,3513.0,2269.0,119.0,1726.0,1605.0,100.0,1952.0,2.32,3487.0,2274.0,251.0,475.0,1134.0,323.0,75.0,,,,,,,,,1042.0,44.0,48.0,26.0,252.0,3522.0,1590.0,3522.0,922.0,668.0,1505.0,55.0,0.0,32.0,0.0,1505.0,218.0,1042.0,128.0,1400000US06001405700,06,001,405700,1505.0,71.0,92.0,0.0,53.0,31.0,37.0,405700,15.0,28.0,26.5,24.9,5.2,18.5,6.2,93.8,35.5,65.2,7.2,13.6,32.5,9.3,2.2,0.0,0.0,0.0,0.0,0.0,0.0,0.0,45.1,26.2,19.0,3.7,0.0,2.1,0.0,5.8,14.5,12.3,18.9
4182.0,494.0,850.0,1815.0,864.0,67222.0,876.0,4170.0,2171.0,146.0,1523.0,1442.0,100.0,1938.0,3.12,4182.0,2729.0,339.0,501.0,1209.0,582.0,83.0,,,,,,,,,863.0,60.0,140.0,121.0,181.0,4182.0,1744.0,4182.0,929.0,815.0,1342.0,0.0,0.0,154.0,87.0,1342.0,305.0,863.0,105.0,1400000US06001405800,06,001,405800,1342.0,79.0,71.0,90.0,0.0,6.0,87.0,405800,11.8,20.3,43.4,20.7,6.7,21.0,6.9,93.1,58.2,65.3,8.1,12.0,28.9,13.9,2.0,0.0,0.0,0.0,0.0,0.0,0.0,0.0,41.7,22.2,19.5,0.0,0.0,11.5,6.5,18.0,22.7,12.2,24.8
3757.0,189.0,643.0,1248.0,1266.0,51292.0,718.0,3757.0,1909.0,193.0,1651.0,1219.0,130.0,1955.0,3.43,3730.0,2800.0,127.0,939.0,1196.0,470.0,36.0,,,,,,,,,813.0,40.0,65.0,85.0,265.0,3757.0,1388.0,3757.0,759.0,629.0,1089.0,83.0,0.0,131.0,0.0,1089.0,295.0,813.0,184.0,1400000US06001405901,06,001,405901,1089.0,88.0,10.0,74.0,39.0,13.0,91.0,405901,5.0,17.1,33.2,33.7,10.1,19.1,10.7,89.3,56.0,75.1,3.4,25.2,32.1,12.6,1.0,0.0,0.0,0.0,0.0,0.0,0.0,0.0,36.9,20.2,16.7,7.6,0.0,12.0,0.0,19.7,27.1,22.6,28.9
3138.0,389.0,234.0,1270.0,916.0,69097.0,589.0,3106.0,1840.0,186.0,2025.0,1078.0,155.0,1945.0,3.39,3130.0,1686.0,0.0,711.0,782.0,144.0,49.0,,,,,,,,,563.0,59.0,23.0,52.0,225.0,3138.0,1399.0,3138.0,777.0,622.0,923.0,21.0,0.0,146.0,0.0,923.0,247.0,563.0,111.0,1400000US06001405902,06,001,405902,923.0,35.0,51.0,51.0,25.0,41.0,38.0,405902,12.4,7.5,40.5,29.2,10.1,19.0,14.4,85.6,63.8,53.9,0.0,22.7,25.0,4.6,1.6,0.0,0.0,0.0,0.0,0.0,0.0,0.0,44.6,24.8,19.8,2.3,0.0,15.8,0.0,18.1,26.8,19.7,26.1
4735.0,830.0,910.0,1939.0,963.0,56763.0,596.0,4705.0,2647.0,129.0,1306.0,1956.0,140.0,1954.0,2.59,4705.0,3629.0,335.0,337.0,1764.0,868.0,218.0,,,,,,,,,1480.0,160.0,20.0,111.0,287.0,4735.0,2387.0,4735.0,1484.0,903.0,1816.0,60.0,28.0,244.0,0.0,1816.0,273.0,1480.0,337.0,1400000US06001406000,06,001,406000,1816.0,106.0,150.0,62.0,73.0,56.0,46.0,406000,17.5,19.2,41.0,20.3,4.9,12.7,7.2,92.8,39.1,77.1,7.1,7.2,37.5,18.4,4.6,0.0,0.0,0.0,0.0,0.0,0.0,0.0,50.4,31.3,19.1,3.3,1.5,13.4,0.0,18.3,15.0,22.8,27.1
4939.0,897.0,438.0,1003.0,2345.0,64879.0,840.0,4939.0,2627.0,202.0,1773.0,1997.0,187.0,1996.0,2.72,4919.0,3031.0,133.0,984.0,1203.0,659.0,52.0,,,,,,,,,1175.0,192.0,33.0,70.0,492.0,4939.0,1478.0,4939.0,831.0,647.0,1810.0,117.0,0.0,86.0,0.0,1810.0,312.0,1175.0,196.0,1400000US06001406100,06,001,406100,1810.0,97.0,195.0,49.0,112.0,41.0,61.0,406100,18.2,8.9,20.3,47.5,7.7,17.0,9.4,90.6,67.0,61.6,2.7,20.0,24.5,13.4,1.1,0.0,0.0,0.0,0.0,0.0,0.0,0.0,29.9,16.8,13.1,6.5,0.0,4.8,0.0,11.2,17.2,16.7,30.7
5072.0,284.0,695.0,1446.0,2455.0,50417.0,982.0,5044.0,2518.0,157.0,1477.0,1604.0,89.0,1950.0,3.32,5028.0,3807.0,340.0,849.0,2109.0,379.0,106.0,,,,,,,,,1207.0,30.0,175.0,122.0,425.0,5072.0,2459.0,5072.0,1067.0,1392.0,1515.0,158.0,11.0,96.0,0.0,1515.0,355.0,1207.0,279.0,1400000US06001406201,06,001,406201,1515.0,141.0,27.0,140.0,80.0,58.0,64.0,406201,5.6,13.7,28.5,48.4,6.2,19.5,5.5,94.5,62.3,75.7,6.8,16.9,41.9,7.5,2.1,0.0,0.0,0.0,0.0,0.0,0.0,0.0,48.5,21.0,27.4,10.4,0.7,6.3,0.0,17.5,23.4,23.1,33.7
4733.0,316.0,592.0,722.0,2955.0,55000.0,787.0,4570.0,2195.0,100.0,1385.0,1460.0,110.0,1965.0,3.36,4538.0,3818.0,164.0,759.0,1979.0,446.0,456.0,,,,,,,,,1178.0,115.0,85.0,124.0,275.0,4733.0,2127.0,4733.0,760.0,1367.0,1350.0,214.0,0.0,66.0,0.0,1350.0,322.0,1178.0,372.0,1400000US06001406202,06,001,406202,1350.0,117.0,67.0,54.0,106.0,55.0,9.0,406202,6.7,12.5,15.3,62.4,4.6,17.2,7.5,92.5,50.8,84.1,3.6,16.7,43.6,9.8,10.0,0.0,0.0,0.0,0.0,0.0,0.0,0.0,44.9,16.1,28.9,15.9,0.0,4.9,0.0,20.7,23.9,31.6,30.2
4556.0,482.0,880.0,980.0,1590.0,62837.0,937.0,4554.0,2451.0,89.0,1532.0,1459.0,80.0,1945.0,3.25,4488.0,2306.0,0.0,173.0,1377.0,341.0,415.0,,,,,,,,,764.0,62.0,13.0,168.0,274.0,4556.0,1441.0,4556.0,538.0,903.0,1379.0,18.0,0.0,158.0,0.0,1379.0,185.0,764.0,81.0,1400000US06001406300,06,001,406300,1379.0,53.0,194.0,12.0,111.0,0.0,26.0,406300,10.6,19.3,21.5,34.9,3.6,20.6,5.5,94.5,67.7,51.4,0.0,3.9,30.7,7.6,9.2,0.0,0.0,0.0,0.0,0.0,0.0,0.0,31.6,11.8,19.8,1.3,0.0,11.5,0.0,12.8,13.4,10.6,28.7
2598.0,609.0,430.0,564.0,816.0,72955.0,295.0,2295.0,1022.0,17.0,1871.0,872.0,48.0,1943.0,2.64,2172.0,1184.0,0.0,232.0,548.0,184.0,149.0,,,,,,,,,480.0,52.0,0.0,18.0,231.0,2598.0,846.0,2598.0,549.0,297.0,824.0,8.0,0.0,26.0,0.0,824.0,69.0,480.0,119.0,1400000US06001406400,06,001,406400,824.0,39.0,20.0,38.0,23.0,24.0,26.0,406400,23.4,16.6,21.7,31.4,1.7,12.9,5.5,94.5,62.7,54.5,0.0,10.7,25.2,8.5,6.9,0.0,0.0,0.0,0.0,0.0,0.0,0.0,32.6,21.1,11.4,1.0,0.0,3.2,0.0,4.1,8.4,24.8,20.6
6494.0,777.0,861.0,1370.0,3183.0,67717.0,1015.0,6421.0,3404.0,278.0,1733.0,2069.0,149.0,1950.0,3.35,6427.0,4485.0,0.0,800.0,2222.0,952.0,428.0,,,,,,,,,1295.0,94.0,61.0,172.0,305.0,6494.0,2372.0,6494.0,1124.0,1248.0,1920.0,82.0,0.0,98.0,9.0,1920.0,362.0,1295.0,203.0,1400000US06001406500,06,001,406500,1920.0,159.0,28.0,74.0,54.0,23.0,133.0,406500,12.0,13.3,21.1,49.0,8.2,15.8,7.2,92.8,48.8,69.8,0.0,12.4,34.6,14.8,6.7,0.0,0.0,0.0,0.0,0.0,0.0,0.0,36.5,17.3,19.2,4.3,0.0,5.1,0.5,9.8,18.9,15.7,24.5
4531.0,1034.0,1302.0,808.0,1069.0,75000.0,362.0,4531.0,2921.0,396.0,1751.0,1881.0,45.0,1942.0,2.46,4513.0,2098.0,36.0,350.0,1359.0,234.0,82.0,,,,,,,,,987.0,100.0,88.0,44.0,298.0,4531.0,1290.0,4531.0,733.0,557.0,1836.0,88.0,0.0,90.0,64.0,1836.0,268.0,987.0,45.0,1400000US06001406601,06,001,406601,1836.0,103.0,7.0,93.0,105.0,10.0,32.0,406601,22.8,28.7,17.8,23.6,13.6,8.0,2.4,97.6,53.7,46.5,0.8,7.8,30.1,5.2,1.8,0.0,0.0,0.0,0.0,0.0,0.0,0.0,28.5,16.2,12.3,4.8,0.0,4.9,3.5,13.2,14.6,4.6,19.1
2540.0,344.0,567.0,567.0,866.0,58869.0,293.0,2508.0,1247.0,151.0,1573.0,1011.0,86.0,1941.0,2.74,2535.0,1660.0,34.0,288.0,845.0,299.0,153.0,,,,,,,,,644.0,43.0,29.0,119.0,192.0,2540.0,823.0,2540.0,376.0,447.0,925.0,27.0,0.0,59.0,14.0,925.0,172.0,644.0,143.0,1400000US06001406602,06,001,406602,925.0,8.0,70.0,46.0,7.0,17.0,97.0,406602,13.5,22.3,22.3,34.1,12.1,11.7,8.5,91.5,59.5,65.5,1.3,11.4,33.3,11.8,6.0,0.0,0.0,0.0,0.0,0.0,0.0,0.0,32.4,14.8,17.6,2.9,0.0,6.4,1.5,10.8,18.6,22.2,26.5
5380.0,2465.0,366.0,1082.0,919.0,143887.0,185.0,5372.0,3297.0,109.0,1798.0,2315.0,232.0,1940.0,2.57,5345.0,1677.0,15.0,280.0,977.0,173.0,120.0,,,,,,,,,704.0,61.0,68.0,29.0,249.0,5380.0,1161.0,5380.0,735.0,426.0,2083.0,0.0,0.0,51.0,0.0,2083.0,302.0,704.0,71.0,1400000US06001406700,06,001,406700,2083.0,62.0,36.0,16.0,55.0,0.0,34.0,406700,45.8,6.8,20.1,17.1,3.3,3.4,10.0,90.0,57.8,31.4,0.3,5.2,18.3,3.2,2.2,0.0,0.0,0.0,0.0,0.0,0.0,0.0,21.6,13.7,7.9,0.0,0.0,2.4,0.0,2.4,14.5,10.1,9.7
3971.0,1127.0,833.0,743.0,965.0,131161.0,209.0,3952.0,2232.0,253.0,2613.0,1541.0,132.0,1949.0,2.81,3961.0,1083.0,284.0,68.0,375.0,49.0,269.0,,,,,,,,,405.0,19.0,0.0,78.0,47.0,3971.0,565.0,3971.0,437.0,128.0,1409.0,11.0,10.0,33.0,0.0,1409.0,104.0,405.0,19.0,1400000US06001406800,06,001,406800,1409.0,10.0,29.0,8.0,6.0,0.0,0.0,406800,28.4,21.0,18.7,24.3,11.3,5.3,8.6,91.4,35.6,27.3,7.2,1.7,9.5,1.2,6.8,0.0,0.0,0.0,0.0,0.0,0.0,0.0,14.2,11.0,3.2,0.8,0.7,2.3,0.0,3.8,7.4,4.7,3.8
3865.0,1533.0,656.0,887.0,323.0,137943.0,300.0,3865.0,2546.0,180.0,2126.0,1632.0,53.0,1952.0,2.44,3849.0,1462.0,62.0,363.0,509.0,246.0,46.0,,,,,,,,,614.0,47.0,34.0,66.0,116.0,3865.0,865.0,3865.0,656.0,209.0,1579.0,23.0,0.0,94.0,0.0,1579.0,107.0,614.0,47.0,1400000US06001406900,06,001,406900,1579.0,70.0,40.0,0.0,0.0,40.0,22.0,406900,39.7,17.0,22.9,8.4,7.1,7.8,3.2,96.8,42.8,38.0,1.6,9.4,13.2,6.4,1.2,0.0,0.0,0.0,0.0,0.0,0.0,0.0,22.4,17.0,5.4,1.5,0.0,6.0,0.0,7.4,6.8,7.7,10.9
6202.0,1135.0,970.0,1263.0,2257.0,89755.0,457.0,6096.0,3114.0,112.0,1962.0,2226.0,231.0,1938.0,3.03,6038.0,2942.0,437.0,107.0,1540.0,644.0,207.0,,,,,,,,,882.0,26.0,0.0,58.0,360.0,6202.0,1952.0,6202.0,852.0,1100.0,1995.0,17.0,30.0,133.0,39.0,1995.0,278.0,882.0,173.0,1400000US06001407000,06,001,407000,1995.0,33.0,52.0,36.0,87.0,19.0,37.0,407000,18.3,15.6,20.4,36.4,3.6,7.5,10.4,89.6,50.3,48.7,7.2,1.8,25.5,10.7,3.4,0.0,0.0,0.0,0.0,0.0,0.0,0.0,31.5,13.7,17.7,0.9,1.5,6.7,2.0,11.0,13.9,19.6,13.2
4053.0,471.0,749.0,974.0,1640.0,48281.0,1042.0,4025.0,1796.0,240.0,1624.0,1150.0,17.0,1950.0,3.58,4053.0,2493.0,53.0,263.0,1549.0,628.0,0.0,,,,,,,,,682.0,22.0,13.0,135.0,238.0,4053.0,1690.0,4053.0,906.0,784.0,1133.0,200.0,0.0,29.0,13.0,1133.0,310.0,682.0,116.0,1400000US06001407101,06,001,407101,1133.0,60.0,88.0,51.0,35.0,52.0,69.0,407101,11.6,18.5,24.0,40.5,13.4,25.9,1.5,98.5,59.8,61.5,1.3,6.5,38.2,15.5,0.0,0.0,0.0,0.0,0.0,0.0,0.0,0.0,41.7,22.4,19.3,17.7,0.0,2.6,1.1,21.4,27.4,17.0,31.3
4268.0,320.0,1011.0,1165.0,1591.0,70284.0,743.0,4222.0,2095.0,85.0,1455.0,1454.0,67.0,1938.0,3.08,4268.0,2637.0,151.0,81.0,1001.0,1190.0,153.0,,,,,,,,,758.0,36.0,46.0,68.0,141.0,4268.0,1219.0,4268.0,508.0,711.0,1387.0,143.0,0.0,74.0,0.0,1387.0,362.0,758.0,297.0,1400000US06001407102,06,001,407102,1387.0,56.0,80.0,49.0,36.0,19.0,38.0,407102,7.5,23.7,27.3,37.3,4.1,17.6,4.6,95.4,38.4,61.8,3.5,1.9,23.5,27.9,3.6,0.0,0.0,0.0,0.0,0.0,0.0,0.0,28.6,11.9,16.7,10.3,0.0,5.3,0.0,15.6,26.1,39.2,20.0
6544.0,920.0,211.0,648.0,4626.0,59937.0,1489.0,6487.0,3320.0,212.0,1473.0,1973.0,130.0,1938.0,3.47,6400.0,4338.0,0.0,716.0,2233.0,1210.0,66.0,,,,,,,,,1296.0,116.0,44.0,68.0,469.0,6544.0,3254.0,6544.0,1033.0,2221.0,1843.0,116.0,0.0,30.0,55.0,1843.0,430.0,1296.0,239.0,1400000US06001407200,06,001,407200,1843.0,125.0,116.0,58.0,118.0,82.0,48.0,407200,14.1,3.2,9.9,70.7,6.4,23.0,6.6,93.4,53.8,67.8,0.0,11.2,34.9,18.9,1.0,0.0,0.0,0.0,0.0,0.0,0.0,0.0,49.7,15.8,33.9,6.3,0.0,1.6,3.0,10.9,23.3,18.4,29.7
2459.0,268.0,207.0,298.0,1604.0,77813.0,384.0,2459.0,1250.0,168.0,2084.0,767.0,118.0,1938.0,3.69,2397.0,1362.0,64.0,279.0,646.0,275.0,59.0,,,,,,,,,424.0,38.0,4.0,58.0,153.0,2459.0,1033.0,2459.0,247.0,786.0,649.0,37.0,0.0,18.0,4.0,649.0,148.0,424.0,43.0,1400000US06001407300,06,001,407300,649.0,10.0,9.0,0.0,23.0,37.0,16.0,407300,10.9,8.4,12.1,65.2,13.4,15.6,15.4,84.6,59.7,56.8,2.7,11.6,27.0,11.5,2.5,0.0,0.0,0.0,0.0,0.0,0.0,0.0,42.0,10.0,32.0,5.7,0.0,2.8,0.6,9.1,22.8,10.1,14.6
4242.0,253.0,1548.0,466.0,1882.0,57961.0,938.0,4242.0,1891.0,142.0,1143.0,1382.0,109.0,1944.0,3.26,4149.0,2423.0,94.0,607.0,801.0,870.0,0.0,,,,,,,,,883.0,105.0,39.0,76.0,328.0,4242.0,1349.0,4242.0,518.0,831.0,1273.0,61.0,0.0,20.0,19.0,1273.0,382.0,883.0,199.0,1400000US06001407400,06,001,407400,1273.0,248.0,38.0,145.0,32.0,0.0,33.0,407400,6.0,36.5,11.0,44.4,7.5,22.1,7.9,92.1,62.1,58.4,2.3,14.6,19.3,21.0,0.0,0.0,0.0,0.0,0.0,0.0,0.0,0.0,31.8,12.2,19.6,4.8,0.0,1.6,1.5,7.9,30.0,22.5,39.0
3988.0,280.0,910.0,751.0,1912.0,46019.0,1225.0,3917.0,1732.0,241.0,1217.0,1407.0,115.0,1954.0,3.03,3911.0,2655.0,56.0,381.0,1659.0,249.0,262.0,,,,,,,,,879.0,73.0,8.0,122.0,288.0,3988.0,1222.0,3988.0,675.0,547.0,1292.0,101.0,0.0,16.0,0.0,1292.0,494.0,879.0,205.0,1400000US06001407500,06,001,407500,1292.0,178.0,65.0,30.0,82.0,94.0,51.0,407500,7.0,22.8,18.8,47.9,13.9,31.3,8.2,91.8,55.9,67.9,1.4,9.7,42.4,6.4,6.7,0.0,0.0,0.0,0.0,0.0,0.0,0.0,30.6,16.9,13.7,7.8,0.0,1.2,0.0,9.1,38.2,23.3,38.7
6459.0,1637.0,1617.0,705.0,2189.0,86761.0,661.0,6454.0,3696.0,119.0,2149.0,2205.0,162.0,1944.0,3.11,6357.0,2887.0,189.0,494.0,1398.0,695.0,111.0,,,,,,,,,1035.0,37.0,73.0,196.0,439.0,6459.0,1442.0,6459.0,435.0,1007.0,2043.0,128.0,17.0,23.0,0.0,2043.0,158.0,1035.0,44.0,1400000US06001407600,06,001,407600,2043.0,18.0,58.0,119.0,0.0,139.0,30.0,407600,25.3,25.0,10.9,33.9,3.2,10.2,7.3,92.7,72.0,45.4,3.0,7.8,22.0,10.9,1.7,0.0,0.0,0.0,0.0,0.0,0.0,0.0,22.3,6.7,15.6,6.3,0.8,1.1,0.0,8.2,7.7,4.3,17.8
4238.0,1896.0,897.0,325.0,769.0,116814.0,152.0,4235.0,2355.0,172.0,3038.0,1833.0,149.0,1938.0,2.51,4222.0,875.0,19.0,461.0,231.0,108.0,56.0,,,,,,,,,354.0,0.0,37.0,29.0,81.0,4238.0,624.0,4238.0,287.0,337.0,1684.0,7.0,0.0,34.0,0.0,1684.0,113.0,354.0,44.0,1400000US06001407700,06,001,407700,1684.0,69.0,21.0,31.0,0.0,32.0,30.0,407700,44.7,21.2,7.7,18.1,7.3,3.6,8.1,91.9,41.5,20.7,0.5,10.9,5.5,2.6,1.3,0.0,0.0,0.0,0.0,0.0,0.0,0.0,14.7,6.8,8.0,0.4,0.0,2.0,0.0,2.4,6.7,12.4,10.9
2769.0,989.0,602.0,340.0,671.0,113438.0,334.0,2149.0,1411.0,76.0,1842.0,772.0,28.0,1942.0,2.9,2157.0,613.0,103.0,317.0,172.0,0.0,21.0,,,,,,,,,179.0,26.0,0.0,29.0,78.0,2769.0,463.0,2769.0,169.0,294.0,744.0,18.0,0.0,12.0,21.0,744.0,61.0,179.0,33.0,1400000US06001407800,06,001,407800,744.0,45.0,57.0,0.0,0.0,36.0,15.0,407800,35.7,21.7,12.3,24.2,5.4,15.5,3.6,96.4,74.3,28.4,4.8,14.7,8.0,0.0,1.0,0.0,0.0,0.0,0.0,0.0,0.0,0.0,16.7,6.1,10.6,2.4,0.0,1.6,2.8,6.9,8.2,18.4,20.6
3088.0,1530.0,398.0,426.0,396.0,124523.0,41.0,3083.0,1793.0,31.0,1990.0,1407.0,58.0,1946.0,2.25,3033.0,688.0,0.0,414.0,264.0,0.0,10.0,,,,,,,,,343.0,48.0,103.0,0.0,105.0,3088.0,314.0,3088.0,250.0,64.0,1349.0,0.0,17.0,36.0,0.0,1349.0,131.0,343.0,0.0,1400000US06001407900,06,001,407900,1349.0,31.0,0.0,0.0,87.0,12.0,14.0,407900,49.5,12.9,13.8,12.8,1.7,1.3,4.1,95.9,74.6,22.7,0.0,13.6,8.7,0.0,0.3,0.0,0.0,0.0,0.0,0.0,0.0,0.0,10.2,8.1,2.1,0.0,1.3,2.7,0.0,3.9,9.7,0.0,10.7
2860.0,1736.0,235.0,459.0,326.0,192159.0,58.0,2436.0,1561.0,128.0,3501.0,1096.0,22.0,1969.0,2.27,2436.0,309.0,123.0,100.0,86.0,0.0,0.0,,,,,,,,,146.0,9.0,8.0,0.0,51.0,2860.0,447.0,2860.0,341.0,106.0,1074.0,0.0,0.0,12.0,0.0,1074.0,24.0,146.0,51.0,1400000US06001408000,06,001,408000,1074.0,0.0,0.0,10.0,0.0,28.0,0.0,408000,60.7,8.2,16.0,11.4,8.2,2.4,2.0,98.0,46.6,12.7,5.0,4.1,3.5,0.0,0.0,0.0,0.0,0.0,0.0,0.0,0.0,0.0,15.6,11.9,3.7,0.0,0.0,1.1,0.0,1.1,2.2,34.9,3.5
7313.0,2731.0,1828.0,1806.0,539.0,166786.0,364.0,7313.0,4147.0,283.0,2418.0,3082.0,160.0,1980.0,2.5,7313.0,782.0,44.0,141.0,408.0,89.0,100.0,,,,,,,,,400.0,97.0,16.0,12.0,144.0,7313.0,1415.0,7313.0,962.0,453.0,2922.0,0.0,0.0,94.0,0.0,2922.0,0.0,400.0,0.0,1400000US06001408100,06,001,408100,2922.0,71.0,12.0,0.0,53.0,82.0,100.0,408100,37.3,25.0,24.7,7.4,6.8,5.0,5.2,94.8,67.2,10.7,0.6,1.9,5.6,1.2,1.4,0.0,0.0,0.0,0.0,0.0,0.0,0.0,19.3,13.2,6.2,0.0,0.0,3.2,0.0,3.2,0.0,0.0,10.9
4471.0,752.0,1811.0,156.0,1300.0,79821.0,525.0,4442.0,2557.0,85.0,1936.0,2024.0,102.0,1946.0,2.33,4471.0,2017.0,290.0,569.0,802.0,248.0,98.0,,,,,,,,,981.0,123.0,25.0,96.0,279.0,4471.0,685.0,4471.0,252.0,433.0,1922.0,34.0,0.0,0.0,29.0,1922.0,276.0,981.0,265.0,1400000US06001408200,06,001,408200,1922.0,194.0,59.0,51.0,60.0,27.0,88.0,408200,16.8,40.5,3.5,29.1,3.3,11.8,5.0,95.0,53.3,45.1,6.5,12.7,17.9,5.5,2.2,0.0,0.0,0.0,0.0,0.0,0.0,0.0,15.3,5.6,9.7,1.8,0.0,0.0,1.5,3.3,14.4,27.0,24.9
4791.0,1046.0,1827.0,539.0,1007.0,129295.0,650.0,4791.0,2747.0,181.0,1974.0,1992.0,136.0,1946.0,2.57,4774.0,1669.0,0.0,545.0,639.0,108.0,377.0,,,,,,,,,546.0,37.0,0.0,130.0,112.0,4791.0,801.0,4791.0,317.0,484.0,1856.0,74.0,0.0,34.0,0.0,1856.0,269.0,546.0,45.0,1400000US06001408300,06,001,408300,1856.0,31.0,62.0,49.0,47.0,45.0,27.0,408300,21.8,38.1,11.3,21.0,6.6,13.6,6.8,93.2,51.1,35.0,0.0,11.4,13.4,2.3,7.9,0.0,0.0,0.0,0.0,0.0,0.0,0.0,16.7,6.6,10.1,4.0,0.0,1.8,0.0,5.8,14.5,8.2,14.1
4077.0,181.0,1610.0,300.0,1922.0,63994.0,443.0,4074.0,2138.0,116.0,1892.0,1339.0,0.0,1945.0,3.02,4047.0,2149.0,161.0,298.0,1377.0,177.0,43.0,,,,,,,,,757.0,14.0,41.0,118.0,303.0,4077.0,1374.0,4077.0,338.0,1036.0,1339.0,99.0,0.0,35.0,0.0,1339.0,168.0,757.0,192.0,1400000US06001408400,06,001,408400,1339.0,71.0,63.0,43.0,10.0,109.0,49.0,408400,4.4,39.5,7.4,47.1,5.4,10.9,0.0,100.0,62.9,53.1,4.0,7.4,34.0,4.4,1.1,0.0,0.0,0.0,0.0,0.0,0.0,0.0,33.7,8.3,25.4,7.4,0.0,2.6,0.0,10.0,12.5,25.4,25.8
5634.0,149.0,2216.0,202.0,2783.0,61750.0,705.0,5628.0,2848.0,198.0,1736.0,1840.0,173.0,1947.0,3.37,5623.0,3623.0,299.0,496.0,1749.0,887.0,175.0,,,,,,,,,979.0,103.0,32.0,172.0,320.0,5634.0,1740.0,5634.0,551.0,1189.0,1667.0,180.0,0.0,25.0,23.0,1667.0,316.0,979.0,195.0,1400000US06001408500,06,001,408500,1667.0,55.0,126.0,39.0,25.0,114.0,83.0,408500,2.6,39.3,3.6,49.4,7.0,12.5,9.4,90.6,64.0,64.4,5.3,8.8,31.1,15.8,3.1,0.0,0.0,0.0,0.0,0.0,0.0,0.0,30.9,9.8,21.1,10.8,0.0,1.5,1.4,13.7,19.0,19.9,26.5
6519.0,398.0,2818.0,362.0,2695.0,80114.0,1026.0,6396.0,3402.0,152.0,1859.0,2088.0,93.0,1943.0,3.24,6473.0,3565.0,0.0,1665.0,1559.0,341.0,0.0,,,,,,,,,1135.0,74.0,109.0,74.0,275.0,6519.0,2068.0,6519.0,944.0,1124.0,1995.0,109.0,0.0,12.0,0.0,1995.0,365.0,1135.0,75.0,1400000US06001408600,06,001,408600,1995.0,167.0,27.0,44.0,41.0,91.0,132.0,408600,6.1,43.2,5.6,41.3,4.5,16.0,4.5,95.5,46.9,55.1,0.0,25.7,24.1,5.3,0.0,0.0,0.0,0.0,0.0,0.0,0.0,0.0,31.7,14.5,17.2,5.5,0.0,0.6,0.0,6.1,18.3,6.6,25.2
7456.0,673.0,2414.0,477.0,3788.0,45500.0,1299.0,7444.0,3298.0,230.0,1192.0,2876.0,212.0,1938.0,2.79,7440.0,4087.0,568.0,673.0,1678.0,874.0,259.0,,,,,,,,,1514.0,0.0,119.0,223.0,715.0,7456.0,2353.0,7456.0,922.0,1431.0,2664.0,123.0,0.0,25.0,0.0,2664.0,471.0,1514.0,185.0,1400000US06001408700,06,001,408700,2664.0,411.0,13.0,194.0,251.0,188.0,167.0,408700,9.0,32.4,6.4,50.8,7.0,17.5,7.4,92.6,69.8,54.9,7.6,9.0,22.6,11.7,3.5,0.0,0.0,0.0,0.0,0.0,0.0,0.0,31.6,12.4,19.2,4.6,0.0,0.9,0.0,5.6,17.7,12.2,45.9
7968.0,328.0,2723.0,353.0,3644.0,44100.0,1657.0,7968.0,3507.0,249.0,883.0,2377.0,19.0,1981.0,3.37,7949.0,5549.0,34.0,847.0,3639.0,740.0,284.0,,,,,,,,,1848.0,217.0,148.0,120.0,525.0,7968.0,2825.0,7968.0,1215.0,1610.0,2358.0,102.0,0.0,98.0,76.0,2358.0,783.0,1848.0,573.0,1400000US06001408800,06,001,408800,2358.0,188.0,299.0,168.0,181.0,193.0,65.0,408800,4.1,34.2,4.4,45.7,7.1,20.8,0.8,99.2,54.7,69.8,0.4,10.7,45.8,9.3,3.6,0.0,0.0,0.0,0.0,0.0,0.0,0.0,35.5,15.2,20.2,4.3,0.0,4.2,3.2,11.7,33.2,31.0,46.4
3956.0,171.0,836.0,172.0,2694.0,44077.0,1118.0,3909.0,1981.0,282.0,1483.0,1170.0,37.0,1968.0,3.33,3768.0,2576.0,0.0,617.0,1515.0,383.0,24.0,,,,,,,,,811.0,42.0,37.0,71.0,276.0,3956.0,1458.0,3956.0,424.0,1034.0,1133.0,46.0,0.0,6.0,21.0,1133.0,321.0,811.0,143.0,1400000US06001408900,06,001,408900,1133.0,62.0,113.0,78.0,63.0,107.0,73.0,408900,4.3,21.1,4.3,68.1,14.2,28.6,3.2,96.8,52.5,68.4,0.0,16.4,40.2,10.2,0.6,0.0,0.0,0.0,0.0,0.0,0.0,0.0,36.9,10.7,26.1,4.1,0.0,0.5,1.9,6.4,28.3,17.6,43.8
5039.0,165.0,1477.0,390.0,2960.0,70769.0,763.0,4939.0,2255.0,102.0,1829.0,1092.0,44.0,1950.0,4.68,4908.0,2524.0,0.0,1145.0,990.0,212.0,115.0,,,,,,,,,563.0,39.0,0.0,63.0,154.0,5039.0,1684.0,5039.0,651.0,1033.0,1048.0,98.0,0.0,45.0,0.0,1048.0,228.0,563.0,38.0,1400000US06001409000,06,001,409000,1048.0,24.0,17.0,0.0,51.0,7.0,30.0,409000,3.3,29.3,7.7,58.7,4.5,15.4,4.0,96.0,45.5,51.4,0.0,23.3,20.2,4.3,2.3,0.0,0.0,0.0,0.0,0.0,0.0,0.0,33.4,12.9,20.5,9.4,0.0,4.3,0.0,13.6,21.8,6.7,12.3
2532.0,256.0,516.0,168.0,1559.0,72204.0,166.0,2508.0,1277.0,7.0,1768.0,728.0,43.0,1949.0,3.69,2531.0,979.0,51.0,207.0,295.0,189.0,237.0,,,,,,,,,242.0,46.0,23.0,15.0,59.0,2532.0,866.0,2532.0,280.0,586.0,685.0,32.0,0.0,15.0,0.0,685.0,147.0,242.0,73.0,1400000US06001409100,06,001,409100,685.0,37.0,58.0,0.0,35.0,0.0,17.0,409100,10.1,20.4,6.6,61.6,0.5,6.6,5.9,94.1,59.1,38.7,2.0,8.2,11.7,7.5,9.4,0.0,0.0,0.0,0.0,0.0,0.0,0.0,34.2,11.1,23.1,4.7,0.0,2.2,0.0,6.9,21.5,30.2,21.5
3615.0,45.0,987.0,164.0,2249.0,73621.0,212.0,3587.0,1677.0,74.0,1921.0,1051.0,20.0,1951.0,3.49,3600.0,1518.0,147.0,239.0,699.0,316.0,95.0,,,,,,,,,431.0,50.0,16.0,54.0,124.0,3615.0,1339.0,3615.0,339.0,1000.0,1031.0,104.0,0.0,7.0,0.0,1031.0,125.0,431.0,45.0,1400000US06001409200,06,001,409200,1031.0,13.0,52.0,20.0,0.0,0.0,42.0,409200,1.2,27.3,4.5,62.2,4.4,5.9,1.9,98.1,56.6,42.2,4.1,6.6,19.4,8.8,2.6,0.0,0.0,0.0,0.0,0.0,0.0,0.0,37.0,9.4,27.7,10.1,0.0,0.7,0.0,10.8,12.1,10.4,12.3
5743.0,129.0,1357.0,286.0,3769.0,56058.0,1100.0,5736.0,2645.0,134.0,1562.0,1800.0,93.0,1948.0,3.27,5584.0,3080.0,46.0,562.0,1530.0,630.0,228.0,,,,,,,,,1103.0,97.0,117.0,51.0,372.0,5743.0,2111.0,5743.0,722.0,1389.0,1707.0,127.0,10.0,6.0,0.0,1707.0,285.0,1103.0,157.0,1400000US06001409300,06,001,409300,1707.0,46.0,127.0,148.0,81.0,49.0,56.0,409300,2.2,23.6,5.0,65.6,5.1,19.2,5.2,94.8,57.8,55.2,0.8,10.1,27.4,11.3,4.1,0.0,0.0,0.0,0.0,0.0,0.0,0.0,36.8,12.6,24.2,7.4,0.6,0.4,0.0,8.4,16.7,14.2,29.7
4710.0,217.0,851.0,432.0,3107.0,66602.0,750.0,4538.0,2279.0,126.0,1763.0,1399.0,64.0,1957.0,3.52,4702.0,2024.0,220.0,184.0,1051.0,446.0,0.0,,,,,,,,,662.0,65.0,34.0,101.0,224.0,4710.0,1756.0,4710.0,434.0,1322.0,1335.0,118.0,0.0,23.0,0.0,1335.0,171.0,662.0,49.0,1400000US06001409400,06,001,409400,1335.0,46.0,49.0,13.0,143.0,109.0,0.0,409400,4.6,18.1,9.2,66.0,5.5,16.5,4.6,95.4,64.0,43.0,4.7,3.9,22.4,9.5,0.0,0.0,0.0,0.0,0.0,0.0,0.0,0.0,37.3,9.2,28.1,8.8,0.0,1.7,0.0,10.6,12.8,7.4,27.0
4291.0,505.0,759.0,72.0,2755.0,54000.0,1120.0,4270.0,1769.0,171.0,1675.0,1173.0,73.0,1959.0,3.87,4258.0,2891.0,183.0,517.0,1446.0,557.0,100.0,,,,,,,,,758.0,72.0,62.0,66.0,292.0,4291.0,1987.0,4291.0,677.0,1310.0,1100.0,20.0,0.0,12.0,40.0,1100.0,211.0,758.0,123.0,1400000US06001409500,06,001,409500,1100.0,60.0,85.0,84.0,39.0,39.0,65.0,409500,11.8,17.7,1.7,64.2,9.7,26.2,6.2,93.8,64.9,67.9,4.3,12.1,34.0,13.1,2.3,0.0,0.0,0.0,0.0,0.0,0.0,0.0,46.3,15.8,30.5,1.8,0.0,1.1,3.6,6.5,19.2,16.2,33.8
5139.0,172.0,1247.0,77.0,3599.0,54012.0,703.0,5136.0,2372.0,216.0,1627.0,1841.0,90.0,1954.0,2.93,5123.0,3853.0,203.0,701.0,1933.0,984.0,32.0,,,,,,,,,1131.0,78.0,50.0,52.0,483.0,5139.0,2015.0,5139.0,570.0,1445.0,1751.0,92.0,0.0,0.0,0.0,1751.0,330.0,1131.0,126.0,1400000US06001409600,06,001,409600,1751.0,174.0,69.0,94.0,29.0,171.0,21.0,409600,3.3,24.3,1.5,70.0,9.1,13.7,4.9,95.1,58.6,75.2,4.0,13.7,37.7,19.2,0.6,0.0,0.0,0.0,0.0,0.0,0.0,0.0,39.2,11.1,28.1,5.3,0.0,0.0,0.0,5.3,18.8,11.1,31.9
5240.0,424.0,1875.0,168.0,1906.0,47161.0,1494.0,5202.0,2197.0,170.0,1524.0,1796.0,148.0,1958.0,3.14,5172.0,3495.0,160.0,1149.0,1873.0,254.0,0.0,,,,,,,,,1203.0,69.0,162.0,153.0,522.0,5240.0,1088.0,5240.0,278.0,810.0,1648.0,77.0,0.0,0.0,0.0,1648.0,502.0,1203.0,343.0,1400000US06001409700,06,001,409700,1648.0,76.0,95.0,132.0,157.0,71.0,107.0,409700,8.1,35.8,3.2,36.4,7.7,28.7,8.2,91.8,75.3,67.6,3.1,22.2,36.2,4.9,0.0,0.0,0.0,0.0,0.0,0.0,0.0,0.0,20.8,5.3,15.5,4.7,0.0,0.0,0.0,4.7,30.5,28.5,38.7
3511.0,618.0,1762.0,220.0,529.0,106023.0,365.0,3503.0,2037.0,139.0,1760.0,1294.0,109.0,1952.0,2.91,3449.0,1603.0,0.0,747.0,787.0,42.0,27.0,,,,,,,,,463.0,91.0,49.0,0.0,139.0,3511.0,366.0,3511.0,217.0,149.0,1185.0,0.0,0.0,0.0,0.0,1185.0,140.0,463.0,147.0,1400000US06001409800,06,001,409800,1185.0,55.0,97.0,11.0,21.0,12.0,10.0,409800,17.6,50.2,6.3,15.1,6.8,10.4,8.4,91.6,60.3,46.5,0.0,21.7,22.8,1.2,0.8,0.0,0.0,0.0,0.0,0.0,0.0,0.0,10.4,6.2,4.2,0.0,0.0,0.0,0.0,0.0,11.8,31.7,17.4
3983.0,926.0,1635.0,245.0,536.0,176141.0,152.0,3978.0,2107.0,72.0,2678.0,1521.0,104.0,1960.0,2.78,3940.0,273.0,0.0,161.0,68.0,44.0,0.0,,,,,,,,,139.0,17.0,0.0,0.0,23.0,3983.0,563.0,3983.0,309.0,254.0,1417.0,0.0,0.0,5.0,0.0,1417.0,80.0,139.0,0.0,1400000US06001409900,06,001,409900,1417.0,16.0,0.0,0.0,31.0,44.0,69.0,409900,23.2,41.0,6.2,13.5,3.4,3.8,6.8,93.2,28.8,6.9,0.0,4.1,1.7,1.1,0.0,0.0,0.0,0.0,0.0,0.0,0.0,0.0,14.1,7.8,6.4,0.0,0.0,0.4,0.0,0.4,5.6,0.0,11.3
3177.0,1038.0,1502.0,211.0,158.0,154648.0,131.0,3177.0,1653.0,92.0,3212.0,1241.0,0.0,1957.0,2.56,3177.0,275.0,149.0,16.0,68.0,28.0,0.0,,,,,,,,,137.0,0.0,0.0,0.0,68.0,3177.0,217.0,3177.0,167.0,50.0,1241.0,0.0,0.0,14.0,0.0,1241.0,72.0,137.0,0.0,1400000US06001410000,06,001,410000,1241.0,0.0,43.0,70.0,24.0,0.0,15.0,410000,32.7,47.3,6.6,5.0,5.6,4.1,0.0,100.0,49.6,8.7,4.7,0.5,2.1,0.9,0.0,0.0,0.0,0.0,0.0,0.0,0.0,0.0,6.8,5.3,1.6,0.0,0.0,1.1,0.0,1.1,5.8,0.0,12.2
3172.0,310.0,1645.0,326.0,564.0,84135.0,397.0,3163.0,1568.0,91.0,1678.0,1157.0,14.0,1956.0,2.76,3154.0,1305.0,29.0,321.0,769.0,158.0,28.0,,,,,,,,,427.0,0.0,56.0,49.0,141.0,3172.0,509.0,3172.0,207.0,302.0,1143.0,43.0,0.0,0.0,0.0,1143.0,201.0,427.0,87.0,1400000US06001410100,06,001,410100,1143.0,63.0,10.0,32.0,64.0,38.0,38.0,410100,9.8,51.9,10.3,17.8,5.8,12.6,1.2,98.8,57.6,41.4,0.9,10.2,24.4,5.0,0.9,0.0,0.0,0.0,0.0,0.0,0.0,0.0,16.0,6.5,9.5,3.8,0.0,0.0,0.0,3.8,17.6,20.4,21.4
3238.0,343.0,1432.0,152.0,1205.0,75106.0,267.0,3238.0,1709.0,53.0,1974.0,1149.0,43.0,1953.0,2.89,3200.0,1496.0,89.0,101.0,1177.0,86.0,43.0,,,,,,,,,553.0,82.0,109.0,31.0,149.0,3238.0,531.0,3238.0,192.0,339.0,1106.0,0.0,0.0,43.0,0.0,1106.0,147.0,553.0,88.0,1400000US06001410200,06,001,410200,1106.0,8.0,50.0,59.0,0.0,37.0,42.0,410200,10.6,44.2,4.7,37.2,3.1,8.2,3.7,96.3,67.1,46.8,2.8,3.2,36.8,2.7,1.3,0.0,0.0,0.0,0.0,0.0,0.0,0.0,16.4,5.9,10.5,0.0,0.0,3.9,0.0,3.9,13.3,15.9,17.7
3893.0,79.0,642.0,54.0,3044.0,54698.0,625.0,3893.0,1983.0,191.0,1862.0,1087.0,24.0,1954.0,3.66,3893.0,2252.0,148.0,593.0,1000.0,511.0,0.0,,,,,,,,,613.0,27.0,24.0,50.0,268.0,3893.0,1561.0,3893.0,271.0,1290.0,1063.0,157.0,0.0,0.0,0.0,1063.0,173.0,613.0,92.0,1400000US06001410300,06,001,410300,1063.0,69.0,72.0,19.0,47.0,93.0,69.0,410300,2.0,16.5,1.4,78.2,9.6,16.1,2.2,97.8,60.2,57.8,3.8,15.2,25.7,13.1,0.0,0.0,0.0,0.0,0.0,0.0,0.0,0.0,40.1,7.0,33.1,14.8,0.0,0.0,0.0,14.8,16.3,15.0,34.7
4687.0,218.0,1465.0,370.0,2415.0,82188.0,348.0,4687.0,2499.0,83.0,1827.0,1500.0,68.0,1952.0,3.27,4679.0,1931.0,194.0,236.0,648.0,304.0,477.0,,,,,,,,,712.0,101.0,0.0,22.0,156.0,4687.0,1348.0,4687.0,367.0,981.0,1432.0,108.0,14.0,42.0,0.0,1432.0,131.0,712.0,183.0,1400000US06001410400,06,001,410400,1432.0,67.0,64.0,38.0,74.0,7.0,83.0,410400,4.7,31.3,7.9,51.5,3.3,7.4,4.5,95.5,39.2,41.3,4.1,5.0,13.8,6.5,10.2,0.0,0.0,0.0,0.0,0.0,0.0,0.0,28.8,7.8,20.9,7.5,1.0,2.9,0.0,11.5,9.1,25.7,23.3
3081.0,662.0,1814.0,126.0,373.0,46031.0,1006.0,3081.0,1471.0,165.0,1391.0,1029.0,26.0,1961.0,3.07,3081.0,2678.0,0.0,208.0,1740.0,534.0,67.0,,,,,,,,,856.0,72.0,50.0,121.0,197.0,3081.0,390.0,3081.0,216.0,174.0,1003.0,0.0,0.0,25.0,9.0,1003.0,350.0,856.0,237.0,1400000US06001410500,06,001,410500,1003.0,145.0,19.0,49.0,93.0,64.0,27.0,410500,21.5,58.9,4.1,12.1,11.2,32.7,2.5,97.5,51.4,86.9,0.0,6.8,56.5,17.3,2.2,0.0,0.0,0.0,0.0,0.0,0.0,0.0,12.7,7.0,5.6,0.0,0.0,2.5,0.9,3.4,34.9,27.7,39.6
2631.0,1426.0,122.0,517.0,350.0,188125.0,91.0,2631.0,1333.0,55.0,2693.0,1038.0,16.0,1938.0,2.57,2631.0,673.0,83.0,163.0,288.0,133.0,6.0,,,,,,,,,234.0,31.0,64.0,0.0,28.0,2631.0,491.0,2631.0,370.0,121.0,1022.0,0.0,0.0,35.0,0.0,1022.0,12.0,234.0,52.0,1400000US06001420100,06,001,420100,1022.0,0.0,16.0,20.0,17.0,17.0,10.0,420100,54.2,4.6,19.7,13.3,4.1,3.5,1.5,98.5,52.6,25.6,3.2,6.2,10.9,5.1,0.2,0.0,0.0,0.0,0.0,0.0,0.0,0.0,18.7,14.1,4.6,0.0,0.0,3.4,0.0,3.4,1.2,22.2,7.8
3275.0,1148.0,185.0,1297.0,158.0,140508.0,196.0,3257.0,2036.0,53.0,2402.0,1376.0,73.0,1953.0,2.5,3264.0,1940.0,118.0,583.0,814.0,371.0,54.0,,,,,,,,,779.0,42.0,80.0,6.0,104.0,3275.0,1228.0,3275.0,826.0,402.0,1303.0,0.0,0.0,97.0,0.0,1303.0,34.0,779.0,84.0,1400000US06001420200,06,001,420200,1303.0,70.0,0.0,11.0,39.0,19.0,16.0,420200,35.1,5.6,39.6,4.8,2.6,6.0,5.3,94.7,29.8,59.4,3.6,17.9,24.9,11.4,1.7,0.0,0.0,0.0,0.0,0.0,0.0,0.0,37.5,25.2,12.3,0.0,0.0,7.4,0.0,7.4,2.6,10.8,11.9
2645.0,1004.0,64.0,1143.0,230.0,113188.0,107.0,2637.0,1445.0,37.0,2090.0,1144.0,41.0,1977.0,2.39,2637.0,1061.0,162.0,411.0,374.0,65.0,49.0,,,,,,,,,407.0,41.0,37.0,8.0,98.0,2645.0,874.0,2645.0,519.0,355.0,1103.0,0.0,0.0,120.0,0.0,1103.0,45.0,407.0,30.0,1400000US06001420301,06,001,420301,1103.0,75.0,13.0,0.0,0.0,0.0,26.0,420301,38.0,2.4,43.2,8.7,2.6,4.1,3.6,96.4,45.2,40.2,6.1,15.6,14.2,2.5,1.9,0.0,0.0,0.0,0.0,0.0,0.0,0.0,33.0,19.6,13.4,0.0,0.0,10.9,0.0,10.9,4.1,7.4,10.3
2446.0,849.0,287.0,834.0,171.0,121538.0,93.0,2446.0,1265.0,25.0,2271.0,992.0,48.0,1951.0,2.59,2446.0,1106.0,42.0,351.0,377.0,263.0,19.0,,,,,,,,,526.0,31.0,53.0,96.0,94.0,2446.0,667.0,2446.0,352.0,315.0,944.0,0.0,11.0,38.0,0.0,944.0,89.0,526.0,99.0,1400000US06001420302,06,001,420302,944.0,3.0,12.0,5.0,17.0,6.0,7.0,420302,34.7,11.7,34.1,7.0,2.0,3.8,4.8,95.2,52.1,45.2,1.7,14.3,15.4,10.8,0.8,0.0,0.0,0.0,0.0,0.0,0.0,0.0,27.3,14.4,12.9,0.0,1.2,4.0,0.0,5.2,9.4,18.8,5.3
1333.0,427.0,0.0,483.0,314.0,72708.0,514.0,1207.0,538.0,0.0,2233.0,493.0,56.0,2002.0,2.76,1207.0,1207.0,320.0,634.0,248.0,5.0,0.0,,,,,,,,,437.0,50.0,6.0,42.0,160.0,1333.0,474.0,1333.0,46.0,428.0,437.0,0.0,0.0,25.0,0.0,437.0,61.0,437.0,124.0,1400000US06001420401,06,001,420401,437.0,40.0,0.0,59.0,4.0,22.0,5.0,420401,32.0,0.0,36.2,23.6,0.0,42.6,11.4,88.6,59.0,100.0,26.5,52.5,20.5,0.4,0.0,0.0,0.0,0.0,0.0,0.0,0.0,0.0,35.6,3.5,32.1,0.0,0.0,5.7,0.0,5.7,14.0,28.4,29.7
1661.0,531.0,52.0,536.0,468.0,58835.0,412.0,1522.0,873.0,43.0,2020.0,718.0,71.0,2002.0,2.35,1522.0,1522.0,199.0,975.0,339.0,0.0,0.0,,,,,,,,,647.0,21.0,47.0,91.0,180.0,1661.0,618.0,1661.0,87.0,531.0,647.0,12.0,0.0,46.0,0.0,647.0,75.0,647.0,122.0,1400000US06001420402,06,001,420402,647.0,93.0,33.0,30.0,5.0,5.0,21.0,420402,32.0,3.1,32.3,28.2,4.9,27.1,9.9,90.1,52.4,100.0,13.1,64.1,22.3,0.0,0.0,0.0,0.0,0.0,0.0,0.0,0.0,0.0,37.2,5.2,32.0,1.9,0.0,7.1,0.0,9.0,11.6,18.9,28.9
2548.0,1245.0,57.0,630.0,404.0,127000.0,163.0,2522.0,1398.0,60.0,2451.0,1024.0,62.0,1944.0,2.63,2528.0,1225.0,93.0,255.0,719.0,127.0,26.0,,,,,,,,,498.0,29.0,41.0,41.0,110.0,2548.0,565.0,2548.0,323.0,242.0,962.0,5.0,0.0,33.0,0.0,962.0,23.0,498.0,73.0,1400000US06001420500,06,001,420500,962.0,13.0,10.0,22.0,7.0,9.0,19.0,420500,48.9,2.2,24.7,15.9,4.3,6.5,6.1,93.9,44.4,48.5,3.7,10.1,28.4,5.0,1.0,0.0,0.0,0.0,0.0,0.0,0.0,0.0,22.2,12.7,9.5,0.5,0.0,3.4,0.0,4.0,2.4,14.7,8.3
3488.0,2222.0,36.0,491.0,272.0,169868.0,216.0,3480.0,1800.0,76.0,2368.0,1372.0,44.0,1938.0,2.61,3469.0,780.0,147.0,141.0,477.0,15.0,0.0,,,,,,,,,303.0,35.0,7.0,0.0,100.0,3488.0,500.0,3488.0,368.0,132.0,1328.0,0.0,0.0,34.0,0.0,1328.0,41.0,303.0,0.0,1400000US06001420600,06,001,420600,1328.0,27.0,28.0,28.0,18.0,15.0,13.0,420600,63.7,1.0,14.1,7.8,4.2,6.2,3.2,96.8,46.9,22.5,4.2,4.1,13.8,0.4,0.0,0.0,0.0,0.0,0.0,0.0,0.0,0.0,14.3,10.6,3.8,0.0,0.0,2.6,0.0,2.6,3.1,0.0,9.7
2108.0,1615.0,35.0,217.0,111.0,234243.0,86.0,2108.0,1185.0,75.0,1958.0,857.0,22.0,1938.0,2.52,2108.0,304.0,35.0,112.0,127.0,30.0,0.0,,,,,,,,,104.0,13.0,0.0,0.0,0.0,2108.0,327.0,2108.0,261.0,66.0,835.0,0.0,5.0,0.0,0.0,835.0,20.0,104.0,16.0,1400000US06001421100,06,001,421100,835.0,11.0,6.0,21.0,0.0,0.0,9.0,421100,76.6,1.7,10.3,5.3,6.3,4.1,2.6,97.4,12.5,14.4,1.7,5.3,6.0,1.4,0.0,0.0,0.0,0.0,0.0,0.0,0.0,0.0,15.5,12.4,3.1,0.0,0.6,0.0,0.0,0.6,2.4,15.4,5.6
3557.0,2473.0,24.0,710.0,70.0,247171.0,11.0,3547.0,1761.0,81.0,3153.0,1466.0,67.0,1938.0,2.54,3557.0,199.0,30.0,33.0,104.0,0.0,0.0,,,,,,,,,74.0,7.0,6.0,0.0,5.0,3557.0,960.0,3557.0,735.0,225.0,1399.0,0.0,0.0,0.0,0.0,1399.0,26.0,74.0,18.0,1400000US06001421200,06,001,421200,1399.0,0.0,0.0,0.0,11.0,0.0,19.0,421200,69.5,0.7,20.0,2.0,4.6,0.3,4.6,95.4,24.3,5.6,0.8,0.9,2.9,0.0,0.0,0.0,0.0,0.0,0.0,0.0,0.0,0.0,27.0,20.7,6.3,0.0,0.0,0.0,0.0,0.0,1.9,24.3,2.1
4011.0,2907.0,7.0,578.0,115.0,130500.0,221.0,3999.0,2092.0,82.0,1109.0,1819.0,11.0,1938.0,2.22,4011.0,635.0,0.0,163.0,251.0,80.0,74.0,,,,,,,,,385.0,27.0,8.0,18.0,98.0,4011.0,742.0,4011.0,588.0,154.0,1808.0,0.0,0.0,0.0,0.0,1808.0,13.0,385.0,59.0,1400000US06001421300,06,001,421300,1808.0,140.0,7.0,17.0,30.0,154.0,12.0,421300,72.5,0.2,14.4,2.9,3.9,5.5,0.6,99.4,39.2,15.8,0.0,4.1,6.3,2.0,1.8,0.0,0.0,0.0,0.0,0.0,0.0,0.0,18.5,14.7,3.8,0.0,0.0,0.0,0.0,0.0,0.7,15.3,19.9
1638.0,1270.0,31.0,114.0,147.0,208500.0,123.0,1631.0,798.0,0.0,2536.0,692.0,72.0,1938.0,2.64,1638.0,152.0,6.0,83.0,54.0,4.0,5.0,,,,,,,,,62.0,0.0,5.0,7.0,9.0,1638.0,247.0,1638.0,156.0,91.0,620.0,0.0,0.0,0.0,0.0,620.0,40.0,62.0,14.0,1400000US06001421400,06,001,421400,620.0,9.0,0.0,29.0,0.0,14.0,5.0,421400,77.5,1.9,7.0,9.0,0.0,7.5,10.4,89.6,33.9,9.3,0.4,5.1,3.3,0.2,0.3,0.0,0.0,0.0,0.0,0.0,0.0,0.0,15.1,9.5,5.6,0.0,0.0,0.0,0.0,0.0,6.5,22.6,9.2
4064.0,3312.0,65.0,368.0,185.0,201950.0,233.0,4000.0,2058.0,111.0,2869.0,1636.0,71.0,1945.0,2.58,4034.0,682.0,73.0,353.0,139.0,61.0,33.0,,,,,,,,,271.0,10.0,9.0,48.0,32.0,4064.0,616.0,4064.0,444.0,172.0,1565.0,0.0,10.0,0.0,0.0,1565.0,37.0,271.0,12.0,1400000US06001421500,06,001,421500,1565.0,32.0,9.0,9.0,17.0,28.0,16.0,421500,81.5,1.6,9.1,4.6,5.4,5.8,4.3,95.7,36.5,16.9,1.8,8.8,3.4,1.5,0.8,0.0,0.0,0.0,0.0,0.0,0.0,0.0,15.2,10.9,4.2,0.0,0.6,0.0,0.0,0.6,2.4,4.4,7.1
3854.0,2746.0,93.0,428.0,150.0,218390.0,337.0,3817.0,1903.0,88.0,1917.0,1671.0,178.0,1948.0,2.55,3809.0,706.0,107.0,317.0,152.0,99.0,22.0,,,,,,,,,249.0,0.0,0.0,47.0,54.0,3854.0,754.0,3854.0,582.0,172.0,1493.0,11.0,9.0,6.0,0.0,1493.0,41.0,249.0,44.0,1400000US06001421600,06,001,421600,1493.0,49.0,21.0,10.0,17.0,10.0,9.0,421600,71.3,2.4,11.1,3.9,4.6,8.8,10.7,89.3,40.6,18.5,2.8,8.3,4.0,2.6,0.6,0.0,0.0,0.0,0.0,0.0,0.0,0.0,19.6,15.1,4.5,0.7,0.6,0.4,0.0,1.7,2.7,17.7,7.8
3421.0,2234.0,140.0,786.0,199.0,108339.0,621.0,3421.0,1867.0,37.0,1923.0,1823.0,154.0,1938.0,2.02,3364.0,2057.0,343.0,646.0,752.0,74.0,71.0,,,,,,,,,1116.0,60.0,49.0,69.0,269.0,3421.0,803.0,3421.0,327.0,476.0,1669.0,0.0,94.0,57.0,0.0,1669.0,97.0,1116.0,206.0,1400000US06001421700,06,001,421700,1669.0,86.0,103.0,20.0,37.0,23.0,95.0,421700,65.3,4.1,23.0,5.8,2.0,18.2,8.4,91.6,40.1,61.1,10.2,19.2,22.4,2.2,2.1,0.0,0.0,0.0,0.0,0.0,0.0,0.0,23.5,9.6,13.9,0.0,5.6,3.4,0.0,9.0,5.8,18.5,21.8
2260.0,1584.0,20.0,354.0,114.0,171168.0,110.0,2239.0,1320.0,38.0,2807.0,960.0,41.0,1938.0,2.44,2243.0,783.0,55.0,216.0,347.0,133.0,27.0,,,,,,,,,311.0,11.0,19.0,34.0,24.0,2260.0,258.0,2260.0,155.0,103.0,919.0,0.0,0.0,0.0,0.0,919.0,22.0,311.0,20.0,1400000US06001421800,06,001,421800,919.0,0.0,31.0,13.0,10.0,0.0,10.0,421800,70.1,0.9,15.7,5.0,2.9,4.9,4.3,95.7,28.3,34.9,2.5,9.6,15.5,5.9,1.2,0.0,0.0,0.0,0.0,0.0,0.0,0.0,11.4,6.9,4.6,0.0,0.0,0.0,0.0,0.0,2.4,6.4,7.0
4141.0,2089.0,549.0,871.0,298.0,160063.0,211.0,4136.0,2450.0,37.0,2208.0,1758.0,82.0,1938.0,2.46,4131.0,1320.0,0.0,350.0,556.0,204.0,179.0,,,,,,,,,674.0,8.0,52.0,71.0,131.0,4141.0,615.0,4141.0,366.0,249.0,1676.0,8.0,22.0,44.0,0.0,1676.0,84.0,674.0,127.0,1400000US06001421900,06,001,421900,1676.0,60.0,58.0,8.0,31.0,43.0,34.0,421900,50.4,13.3,21.0,7.2,1.5,5.1,4.7,95.3,38.9,32.0,0.0,8.5,13.5,4.9,4.3,0.0,0.0,0.0,0.0,0.0,0.0,0.0,14.9,8.8,6.0,0.5,1.3,2.6,0.0,4.4,5.0,18.8,14.0
2453.0,1214.0,119.0,510.0,164.0,140331.0,190.0,2429.0,1745.0,39.0,3135.0,1276.0,91.0,2003.0,1.93,2282.0,1815.0,192.0,713.0,561.0,209.0,98.0,,,,,,,,,968.0,116.0,39.0,116.0,168.0,2453.0,539.0,2453.0,207.0,332.0,1185.0,0.0,0.0,22.0,0.0,1185.0,78.0,968.0,119.0,1400000US06001422000,06,001,422000,1185.0,25.0,28.0,28.0,16.0,0.0,6.0,422000,49.5,4.9,20.8,6.7,2.2,7.8,7.1,92.9,45.4,79.5,8.4,31.2,24.6,9.2,4.3,0.0,0.0,0.0,0.0,0.0,0.0,0.0,22.0,8.4,13.5,0.0,0.0,1.9,0.0,1.9,6.6,12.3,8.7
3200.0,1495.0,374.0,455.0,641.0,124583.0,105.0,3191.0,1968.0,90.0,1979.0,1448.0,80.0,1959.0,2.34,3200.0,1442.0,228.0,362.0,366.0,436.0,0.0,,,,,,,,,706.0,83.0,31.0,85.0,145.0,3200.0,661.0,3200.0,315.0,346.0,1368.0,11.0,0.0,0.0,0.0,1368.0,60.0,706.0,106.0,1400000US06001422100,06,001,422100,1368.0,15.0,33.0,38.0,46.0,0.0,59.0,422100,46.7,11.7,14.2,20.0,4.6,3.3,5.5,94.5,48.7,45.1,7.1,11.3,11.4,13.6,0.0,0.0,0.0,0.0,0.0,0.0,0.0,0.0,20.7,9.8,10.8,0.8,0.0,0.0,0.0,0.8,4.4,15.0,14.0
3280.0,2054.0,83.0,360.0,239.0,105750.0,208.0,3275.0,1884.0,98.0,1952.0,1603.0,179.0,1947.0,2.29,3261.0,1298.0,69.0,366.0,616.0,146.0,78.0,,,,,,,,,748.0,9.0,22.0,39.0,148.0,3280.0,548.0,3280.0,278.0,270.0,1424.0,0.0,0.0,20.0,0.0,1424.0,106.0,748.0,124.0,1400000US06001422200,06,001,422200,1424.0,103.0,0.0,18.0,20.0,38.0,0.0,422200,62.6,2.5,11.0,7.3,5.2,6.4,11.2,88.8,29.1,39.8,2.1,11.2,18.9,4.5,2.4,0.0,0.0,0.0,0.0,0.0,0.0,0.0,16.7,8.5,8.2,0.0,0.0,1.4,0.0,1.4,7.4,16.6,12.6
3567.0,1875.0,444.0,717.0,245.0,93750.0,369.0,3560.0,1957.0,133.0,2242.0,1917.0,263.0,1956.0,2.15,3556.0,2100.0,299.0,536.0,636.0,388.0,233.0,,,,,,,,,1028.0,76.0,54.0,64.0,279.0,3567.0,739.0,3567.0,295.0,444.0,1654.0,0.0,0.0,59.0,34.0,1654.0,124.0,1028.0,364.0,1400000US06001422300,06,001,422300,1654.0,124.0,54.0,0.0,0.0,31.0,95.0,422300,52.6,12.4,20.1,6.9,6.8,10.4,13.7,86.3,46.0,59.1,8.4,15.1,17.9,10.9,6.6,0.0,0.0,0.0,0.0,0.0,0.0,0.0,20.7,8.3,12.4,0.0,0.0,3.6,2.1,5.6,7.5,35.4,18.4
4187.0,1580.0,134.0,1650.0,522.0,69717.0,721.0,4187.0,2531.0,157.0,2287.0,2247.0,394.0,1952.0,2.26,4187.0,3357.0,362.0,940.0,1721.0,80.0,164.0,,,,,,,,,1561.0,68.0,135.0,254.0,446.0,4187.0,1541.0,4187.0,588.0,953.0,1853.0,0.0,43.0,52.0,0.0,1853.0,64.0,1561.0,579.0,1400000US06001422400,06,001,422400,1853.0,168.0,70.0,29.0,41.0,111.0,34.0,422400,37.7,3.2,39.4,12.5,6.2,17.2,17.5,82.5,57.8,80.2,8.6,22.5,41.1,1.9,3.9,0.0,0.0,0.0,0.0,0.0,0.0,0.0,36.8,14.0,22.8,0.0,2.3,2.8,0.0,5.1,3.5,37.1,24.4
4467.0,1994.0,183.0,1432.0,585.0,58558.0,894.0,3290.0,2441.0,69.0,1817.0,1910.0,243.0,1948.0,1.88,3142.0,2428.0,430.0,761.0,1065.0,56.0,54.0,,,,,,,,,1281.0,25.0,81.0,272.0,462.0,4467.0,1496.0,4467.0,440.0,1056.0,1667.0,0.0,200.0,70.0,0.0,1667.0,97.0,1281.0,338.0,1400000US06001422500,06,001,422500,1667.0,248.0,23.0,23.0,75.0,64.0,15.0,422500,44.6,4.1,32.1,13.1,2.8,27.2,12.7,87.3,65.6,77.3,13.7,24.2,33.9,1.8,1.7,0.0,0.0,0.0,0.0,0.0,0.0,0.0,33.5,9.9,23.6,0.0,12.0,4.2,0.0,16.2,5.8,26.4,26.9
4803.0,1744.0,186.0,1597.0,793.0,42417.0,1305.0,2552.0,2032.0,140.0,1928.0,1138.0,139.0,1970.0,2.48,2477.0,2126.0,435.0,1121.0,535.0,0.0,20.0,,,,,,,,,848.0,44.0,12.0,63.0,372.0,4803.0,1187.0,4803.0,388.0,799.0,999.0,0.0,0.0,8.0,0.0,999.0,129.0,848.0,356.0,1400000US06001422700,06,001,422700,999.0,322.0,38.0,28.0,20.0,54.0,11.0,422700,36.3,3.9,33.3,16.5,6.9,51.1,12.2,87.8,57.9,85.8,17.6,45.3,21.6,0.0,0.8,0.0,0.0,0.0,0.0,0.0,0.0,0.0,24.7,8.1,16.6,0.0,0.0,0.8,0.0,0.8,12.9,42.0,47.3
8980.0,2486.0,515.0,3674.0,1671.0,26056.0,1810.0,2939.0,3535.0,452.0,1842.0,1726.0,363.0,1960.0,2.09,2853.0,2805.0,400.0,1400.0,805.0,41.0,91.0,,,,,,,,,1338.0,145.0,83.0,50.0,687.0,8980.0,1800.0,8980.0,430.0,1370.0,1363.0,0.0,38.0,111.0,0.0,1363.0,236.0,1338.0,969.0,1400000US06001422800,06,001,422800,1363.0,338.0,101.0,109.0,109.0,100.0,84.0,422800,27.7,5.7,40.9,18.6,12.8,61.6,21.0,79.0,72.1,98.3,14.0,49.1,28.2,1.4,3.2,0.0,0.0,0.0,0.0,0.0,0.0,0.0,20.0,4.8,15.3,0.0,2.8,8.1,0.0,10.9,17.3,72.4,61.7
2024.0,820.0,0.0,1040.0,51.0,49604.0,814.0,2009.0,1185.0,97.0,2127.0,1166.0,317.0,1970.0,2.37,2009.0,2001.0,134.0,825.0,839.0,56.0,23.0,,,,,,,,,841.0,0.0,31.0,34.0,273.0,2024.0,869.0,2024.0,150.0,719.0,849.0,0.0,19.0,43.0,0.0,849.0,37.0,841.0,373.0,1400000US06001422901,06,001,422901,849.0,177.0,33.0,0.0,41.0,17.0,45.0,422901,40.5,0.0,51.4,2.5,8.2,40.5,27.2,72.8,40.2,99.6,6.7,41.1,41.8,2.8,1.1,0.0,0.0,0.0,0.0,0.0,0.0,0.0,42.9,7.4,35.5,0.0,2.2,5.1,0.0,7.3,4.4,44.4,36.9
3022.0,907.0,203.0,1189.0,209.0,,1560.0,3022.0,1368.0,0.0,1927.0,1567.0,198.0,1972.0,2.15,2945.0,2945.0,652.0,1326.0,671.0,250.0,0.0,,,,,,,,,1369.0,118.0,0.0,89.0,589.0,3022.0,931.0,3022.0,276.0,655.0,1369.0,0.0,0.0,15.0,0.0,1369.0,117.0,1369.0,694.0,1400000US06001422902,06,001,422902,1369.0,328.0,9.0,82.0,44.0,65.0,8.0,422902,30.0,6.7,39.3,6.9,0.0,51.6,12.6,87.4,58.1,100.0,22.1,45.0,22.8,8.5,0.0,0.0,0.0,0.0,0.0,0.0,0.0,0.0,30.8,9.1,21.7,0.0,0.0,1.1,0.0,1.1,8.5,50.7,39.2
4549.0,2605.0,343.0,1011.0,374.0,86917.0,482.0,4539.0,3009.0,124.0,2300.0,2104.0,213.0,1938.0,2.34,4422.0,2580.0,433.0,320.0,1646.0,117.0,40.0,,,,,,,,,1143.0,75.0,17.0,97.0,447.0,4549.0,755.0,4549.0,320.0,435.0,1891.0,0.0,0.0,68.0,0.0,1891.0,179.0,1143.0,230.0,1400000US06001423000,06,001,423000,1891.0,32.0,112.0,24.0,12.0,88.0,80.0,423000,57.3,7.5,22.2,8.2,4.1,10.6,10.1,89.9,55.6,58.3,9.8,7.2,37.2,2.6,0.9,0.0,0.0,0.0,0.0,0.0,0.0,0.0,16.6,7.0,9.6,0.0,0.0,3.6,0.0,3.6,9.5,20.1,18.4
4275.0,1766.0,1015.0,601.0,434.0,61161.0,723.0,4224.0,2022.0,98.0,1803.0,2155.0,147.0,1948.0,2.08,4186.0,2551.0,90.0,721.0,1147.0,318.0,32.0,,,,,,,,,1281.0,102.0,81.0,154.0,525.0,4275.0,940.0,4275.0,570.0,370.0,2008.0,8.0,28.0,82.0,0.0,2008.0,123.0,1281.0,629.0,1400000US06001423100,06,001,423100,2008.0,44.0,120.0,205.0,48.0,23.0,228.0,423100,41.3,23.7,14.1,10.2,4.8,17.1,6.8,93.2,67.3,60.9,2.2,17.2,27.4,7.6,0.8,0.0,0.0,0.0,0.0,0.0,0.0,0.0,22.0,13.3,8.7,0.4,1.4,4.1,0.0,5.9,6.1,49.1,33.3
3003.0,1176.0,527.0,178.0,1004.0,80106.0,510.0,2997.0,1486.0,29.0,1790.0,1287.0,156.0,1959.0,2.63,2976.0,1619.0,204.0,248.0,457.0,507.0,186.0,,,,,,,,,750.0,7.0,85.0,133.0,189.0,3003.0,809.0,3003.0,458.0,351.0,1131.0,22.0,0.0,29.0,0.0,1131.0,175.0,750.0,285.0,1400000US06001423200,06,001,423200,1131.0,88.0,81.0,30.0,39.0,35.0,25.0,423200,39.2,17.5,5.9,33.4,2.0,17.0,12.1,87.9,55.2,54.4,6.9,8.3,15.4,17.0,6.2,0.0,0.0,0.0,0.0,0.0,0.0,0.0,26.9,15.3,11.7,1.9,0.0,2.6,0.0,4.5,15.5,38.0,26.3
3476.0,1595.0,690.0,206.0,579.0,83450.0,658.0,3476.0,1857.0,112.0,1375.0,1699.0,270.0,1944.0,2.43,3476.0,1478.0,253.0,124.0,805.0,200.0,65.0,,,,,,,,,652.0,26.0,34.0,29.0,261.0,3476.0,522.0,3476.0,352.0,170.0,1429.0,24.0,10.0,10.0,0.0,1429.0,163.0,652.0,208.0,1400000US06001423300,06,001,423300,1429.0,123.0,55.0,13.0,39.0,70.0,45.0,423300,45.9,19.9,5.9,16.7,6.0,18.9,15.9,84.1,53.7,42.5,7.3,3.6,23.2,5.8,1.9,0.0,0.0,0.0,0.0,0.0,0.0,0.0,15.0,10.1,4.9,1.7,0.7,0.7,0.0,3.1,11.4,31.9,24.1
5551.0,2613.0,737.0,593.0,1237.0,107455.0,809.0,5551.0,3601.0,231.0,2047.0,2316.0,157.0,1954.0,2.55,5508.0,3431.0,57.0,1148.0,1519.0,681.0,26.0,,,,,,,,,1367.0,230.0,106.0,56.0,250.0,5551.0,1081.0,5551.0,486.0,595.0,2159.0,31.0,25.0,57.0,0.0,2159.0,465.0,1367.0,268.0,1400000US06001423400,06,001,423400,2159.0,130.0,77.0,135.0,160.0,12.0,12.0,423400,47.1,13.3,10.7,22.3,6.4,14.6,6.8,93.2,47.0,62.3,1.0,20.8,27.6,12.4,0.5,0.0,0.0,0.0,0.0,0.0,0.0,0.0,19.5,8.8,10.7,1.4,1.2,2.6,0.0,5.2,21.5,19.6,24.4
3540.0,1935.0,357.0,490.0,594.0,89728.0,432.0,3407.0,2103.0,85.0,1932.0,1632.0,114.0,1953.0,2.22,3364.0,2075.0,195.0,869.0,722.0,155.0,59.0,,,,,,,,,1001.0,202.0,28.0,106.0,213.0,3540.0,624.0,3540.0,291.0,333.0,1518.0,0.0,13.0,53.0,50.0,1518.0,83.0,1001.0,289.0,1400000US06001423500,06,001,423500,1518.0,95.0,63.0,86.0,29.0,66.0,53.0,423500,54.7,10.1,13.8,16.8,4.0,12.7,7.0,93.0,54.8,61.7,5.8,25.8,21.5,4.6,1.8,0.0,0.0,0.0,0.0,0.0,0.0,0.0,17.6,8.2,9.4,0.0,0.9,3.5,3.3,7.6,5.5,28.9,25.8
2738.0,1715.0,102.0,352.0,358.0,155857.0,300.0,2700.0,1741.0,123.0,2162.0,1241.0,119.0,1938.0,2.39,2678.0,1297.0,162.0,343.0,470.0,237.0,68.0,,,,,,,,,615.0,55.0,16.0,55.0,129.0,2738.0,509.0,2738.0,281.0,228.0,1122.0,0.0,10.0,0.0,0.0,1122.0,100.0,615.0,114.0,1400000US06001423601,06,001,423601,1122.0,37.0,8.0,0.0,56.0,14.0,19.0,423601,62.6,3.7,12.9,13.1,7.1,11.1,9.6,90.4,41.5,48.4,6.0,12.8,17.6,8.8,2.5,0.0,0.0,0.0,0.0,0.0,0.0,0.0,18.6,10.3,8.3,0.0,0.9,0.0,0.0,0.9,8.9,18.5,11.9
7198.0,3393.0,108.0,2166.0,1006.0,59297.0,3578.0,7083.0,3800.0,287.0,2225.0,2543.0,327.0,1963.0,3.19,7078.0,5575.0,482.0,3458.0,1431.0,0.0,127.0,,,,,,,,,1625.0,105.0,47.0,111.0,880.0,7198.0,1799.0,7198.0,732.0,1067.0,2216.0,0.0,0.0,0.0,0.0,2216.0,293.0,1625.0,772.0,1400000US06001423602,06,001,423602,2216.0,301.0,95.0,118.0,73.0,0.0,57.0,423602,47.1,1.5,30.1,14.0,7.6,50.5,12.9,87.1,70.3,78.8,6.8,48.9,20.2,0.0,1.8,0.0,0.0,0.0,0.0,0.0,0.0,0.0,25.0,10.2,14.8,0.0,0.0,0.0,0.0,0.0,13.2,47.5,29.1
3606.0,2179.0,86.0,533.0,603.0,108750.0,473.0,2859.0,1774.0,96.0,1877.0,1377.0,172.0,1938.0,2.37,2850.0,1126.0,110.0,433.0,451.0,51.0,44.0,,,,,,,,,631.0,39.0,70.0,70.0,169.0,3606.0,616.0,3606.0,300.0,316.0,1205.0,22.0,0.0,19.0,0.0,1205.0,110.0,631.0,199.0,1400000US06001423700,06,001,423700,1205.0,99.0,53.0,20.0,26.0,55.0,0.0,423700,60.4,2.4,14.8,16.7,5.4,16.5,12.5,87.5,55.2,39.5,3.9,15.2,15.8,1.8,1.5,0.0,0.0,0.0,0.0,0.0,0.0,0.0,17.1,8.3,8.8,1.8,0.0,1.6,0.0,3.4,9.1,31.5,21.0
3425.0,2485.0,37.0,393.0,189.0,191838.0,268.0,3425.0,1704.0,66.0,2241.0,1452.0,31.0,1938.0,2.41,3425.0,920.0,90.0,362.0,319.0,105.0,35.0,,,,,,,,,462.0,33.0,0.0,24.0,48.0,3425.0,567.0,3425.0,266.0,301.0,1421.0,0.0,0.0,33.0,0.0,1421.0,35.0,462.0,24.0,1400000US06001423800,06,001,423800,1421.0,72.0,9.0,0.0,5.0,14.0,0.0,423800,72.6,1.1,11.5,5.5,3.9,7.8,2.1,97.9,22.7,26.9,2.6,10.6,9.3,3.1,1.0,0.0,0.0,0.0,0.0,0.0,0.0,0.0,16.6,7.8,8.8,0.0,0.0,2.3,0.0,2.3,2.5,5.2,7.0
2258.0,1168.0,286.0,153.0,444.0,105625.0,201.0,2250.0,1457.0,85.0,2065.0,938.0,79.0,1938.0,2.61,2239.0,1236.0,44.0,377.0,426.0,277.0,47.0,,,,,,,,,551.0,28.0,14.0,55.0,103.0,2258.0,488.0,2258.0,231.0,257.0,859.0,6.0,0.0,12.0,0.0,859.0,86.0,551.0,77.0,1400000US06001423901,06,001,423901,859.0,35.0,32.0,16.0,10.0,23.0,16.0,423901,51.7,12.7,6.8,19.7,5.8,8.9,8.4,91.6,36.3,55.2,2.0,16.8,19.0,12.4,2.1,0.0,0.0,0.0,0.0,0.0,0.0,0.0,21.6,10.2,11.4,0.7,0.0,1.4,0.0,2.1,10.0,14.0,15.4
1512.0,1041.0,90.0,212.0,107.0,171583.0,251.0,1483.0,975.0,41.0,2391.0,737.0,78.0,1938.0,2.2,1453.0,853.0,167.0,286.0,219.0,55.0,36.0,,,,,,,,,450.0,40.0,12.0,0.0,125.0,1512.0,212.0,1512.0,85.0,127.0,659.0,14.0,0.0,0.0,0.0,659.0,64.0,450.0,93.0,1400000US06001423902,06,001,423902,659.0,42.0,13.0,32.0,5.0,16.0,5.0,423902,68.8,6.0,14.0,7.1,4.2,16.9,10.6,89.4,39.3,58.7,11.5,19.7,15.1,3.8,2.5,0.0,0.0,0.0,0.0,0.0,0.0,0.0,14.0,5.6,8.4,2.1,0.0,0.0,0.0,2.1,9.7,20.7,17.1
3631.0,1683.0,658.0,508.0,593.0,87500.0,591.0,3620.0,2204.0,237.0,1998.0,1516.0,118.0,1938.0,2.55,3563.0,2323.0,284.0,802.0,765.0,360.0,89.0,,,,,,,,,1003.0,73.0,145.0,37.0,348.0,3631.0,727.0,3631.0,316.0,411.0,1398.0,0.0,0.0,15.0,0.0,1398.0,241.0,1003.0,238.0,1400000US06001424001,06,001,424001,1398.0,95.0,68.0,59.0,35.0,44.0,37.0,424001,46.4,18.1,14.0,16.3,10.8,16.3,7.8,92.2,60.1,65.2,8.0,22.5,21.5,10.1,2.5,0.0,0.0,0.0,0.0,0.0,0.0,0.0,20.0,8.7,11.3,0.0,0.0,1.1,0.0,1.1,17.2,23.7,24.2
2663.0,1004.0,830.0,301.0,453.0,103393.0,198.0,2628.0,1575.0,142.0,1482.0,1145.0,108.0,1945.0,2.56,2650.0,1004.0,14.0,305.0,460.0,213.0,12.0,,,,,,,,,504.0,104.0,16.0,29.0,68.0,2663.0,415.0,2663.0,264.0,151.0,1037.0,4.0,11.0,30.0,0.0,1037.0,219.0,504.0,140.0,1400000US06001424002,06,001,424002,1037.0,8.0,73.0,4.0,29.0,35.0,28.0,424002,37.7,31.2,11.3,17.0,9.0,7.5,9.4,90.6,43.1,37.9,0.5,11.5,17.4,8.0,0.5,0.0,0.0,0.0,0.0,0.0,0.0,0.0,15.6,9.9,5.7,0.4,1.1,2.9,0.0,4.3,21.1,27.8,17.1
1754.0,797.0,104.0,420.0,186.0,81722.0,108.0,1754.0,1241.0,64.0,2380.0,1359.0,116.0,1975.0,1.41,1754.0,936.0,108.0,255.0,505.0,50.0,18.0,,,,,,,,,688.0,59.0,86.0,50.0,193.0,1754.0,584.0,1754.0,265.0,319.0,1243.0,8.0,69.0,24.0,0.0,1243.0,35.0,688.0,74.0,1400000US06001425101,06,001,425101,1243.0,34.0,40.0,15.0,32.0,7.0,121.0,425101,45.4,5.9,23.9,10.6,5.2,6.2,8.5,91.5,56.4,53.4,6.2,14.5,28.8,2.9,1.0,0.0,0.0,0.0,0.0,0.0,0.0,0.0,33.3,15.1,18.2,0.6,5.6,1.9,0.0,8.1,2.8,10.8,20.0
3969.0,1170.0,507.0,1589.0,399.0,124375.0,275.0,3969.0,2964.0,56.0,3044.0,2475.0,184.0,1989.0,1.73,3969.0,2869.0,493.0,1264.0,1081.0,31.0,0.0,,,,,,,,,1698.0,150.0,79.0,304.0,337.0,3969.0,1786.0,3969.0,706.0,1080.0,2291.0,0.0,26.0,146.0,22.0,2291.0,54.0,1698.0,319.0,1400000US06001425102,06,001,425102,2291.0,56.0,0.0,43.0,0.0,8.0,0.0,425102,29.5,12.8,40.0,10.1,1.9,6.9,7.4,92.6,51.2,72.3,12.4,31.8,27.2,0.8,0.0,0.0,0.0,0.0,0.0,0.0,0.0,0.0,45.0,17.8,27.2,0.0,1.1,6.4,1.0,8.5,2.4,18.8,4.7
3103.0,971.0,826.0,928.0,215.0,119301.0,278.0,3103.0,2401.0,231.0,2953.0,1801.0,80.0,2002.0,1.8,3103.0,2307.0,291.0,768.0,1021.0,78.0,85.0,,,,,,,,,1258.0,82.0,97.0,83.0,274.0,3103.0,879.0,3103.0,396.0,483.0,1721.0,0.0,0.0,54.0,0.0,1721.0,126.0,1258.0,112.0,1400000US06001425103,06,001,425103,1721.0,105.0,27.0,8.0,0.0,17.0,0.0,425103,31.3,26.6,29.9,6.9,9.6,9.0,4.4,95.6,42.6,74.3,9.4,24.8,32.9,2.5,2.7,0.0,0.0,0.0,0.0,0.0,0.0,0.0,28.3,12.8,15.6,0.0,0.0,3.1,0.0,3.1,7.3,8.9,9.1
4014.0,1668.0,624.0,949.0,388.0,119083.0,898.0,4003.0,2581.0,99.0,2442.0,2398.0,420.0,1991.0,2.02,4002.0,2814.0,31.0,1042.0,1355.0,335.0,24.0,,,,,,,,,1406.0,70.0,99.0,24.0,376.0,4014.0,980.0,4014.0,525.0,455.0,1978.0,57.0,15.0,24.0,0.0,1978.0,188.0,1406.0,346.0,1400000US06001425104,06,001,425104,1978.0,182.0,136.0,56.0,61.0,30.0,70.0,425104,41.6,15.5,23.6,9.7,3.8,22.4,17.5,82.5,40.5,70.3,0.8,26.0,33.9,8.4,0.6,0.0,0.0,0.0,0.0,0.0,0.0,0.0,24.4,13.1,11.3,2.9,0.8,1.2,0.0,4.9,9.5,24.6,27.0
6300.0,4288.0,0.0,1549.0,152.0,250001.0,76.0,6300.0,3041.0,113.0,3501.0,2259.0,122.0,1938.0,2.95,6295.0,427.0,0.0,70.0,216.0,101.0,0.0,,,,,,,,,125.0,0.0,0.0,0.0,0.0,6300.0,913.0,6300.0,696.0,217.0,2137.0,0.0,0.0,0.0,0.0,2137.0,0.0,125.0,10.0,1400000US06001426100,06,001,426100,2137.0,0.0,19.0,21.0,0.0,21.0,0.0,426100,68.1,0.0,24.6,2.4,3.7,1.2,5.4,94.6,0.0,6.8,0.0,1.1,3.4,1.6,0.0,0.0,0.0,0.0,0.0,0.0,0.0,0.0,14.5,11.0,3.4,0.0,0.0,0.0,0.0,0.0,0.0,8.0,2.9
4861.0,3310.0,70.0,866.0,281.0,250001.0,318.0,4861.0,2403.0,157.0,3501.0,1684.0,32.0,1938.0,2.94,4861.0,800.0,152.0,405.0,159.0,14.0,0.0,,,,,,,,,301.0,8.0,4.0,0.0,29.0,4861.0,459.0,4861.0,378.0,81.0,1652.0,0.0,0.0,40.0,0.0,1652.0,45.0,301.0,12.0,1400000US06001426200,06,001,426200,1652.0,17.0,21.0,25.0,36.0,7.0,24.0,426200,68.1,1.4,17.8,5.8,6.5,6.5,1.9,98.1,13.6,16.5,3.1,8.3,3.3,0.3,0.0,0.0,0.0,0.0,0.0,0.0,0.0,0.0,9.4,7.8,1.7,0.0,0.0,2.4,0.0,2.4,2.7,4.0,7.9
4222.0,2448.0,51.0,776.0,628.0,215045.0,71.0,4058.0,2150.0,138.0,3501.0,1477.0,102.0,1938.0,2.95,4062.0,996.0,0.0,421.0,379.0,196.0,0.0,,,,,,,,,329.0,35.0,0.0,27.0,49.0,4222.0,716.0,4222.0,431.0,285.0,1375.0,0.0,0.0,26.0,0.0,1375.0,21.0,329.0,0.0,1400000US06001427100,06,001,427100,1375.0,23.0,0.0,0.0,8.0,0.0,0.0,427100,58.0,1.2,18.4,14.9,6.4,1.7,6.9,93.1,33.7,24.5,0.0,10.4,9.3,4.8,0.0,0.0,0.0,0.0,0.0,0.0,0.0,0.0,17.0,10.2,6.8,0.0,0.0,1.9,0.0,1.9,1.5,0.0,2.3
4508.0,1468.0,149.0,1788.0,748.0,118571.0,305.0,4399.0,2541.0,141.0,2127.0,1688.0,86.0,1938.0,2.71,4346.0,2588.0,19.0,482.0,1506.0,500.0,37.0,,,,,,,,,1037.0,95.0,58.0,106.0,136.0,4508.0,1100.0,4508.0,780.0,320.0,1602.0,0.0,0.0,65.0,0.0,1602.0,138.0,1037.0,139.0,1400000US06001427200,06,001,427200,1602.0,53.0,28.0,47.0,52.0,59.0,64.0,427200,32.6,3.3,39.7,16.6,5.5,6.9,5.1,94.9,38.1,59.5,0.4,11.1,34.7,11.5,0.9,0.0,0.0,0.0,0.0,0.0,0.0,0.0,24.4,17.3,7.1,0.0,0.0,4.1,0.0,4.1,8.6,13.4,18.9
5283.0,1673.0,859.0,1929.0,430.0,124432.0,552.0,5283.0,2817.0,68.0,1875.0,2076.0,61.0,1967.0,2.62,5283.0,2143.0,336.0,396.0,751.0,501.0,125.0,,,,,,,,,981.0,40.0,106.0,101.0,188.0,5283.0,1330.0,5283.0,997.0,333.0,2015.0,22.0,18.0,84.0,50.0,2015.0,137.0,981.0,157.0,1400000US06001427300,06,001,427300,2015.0,100.0,91.0,24.0,22.0,55.0,0.0,427300,31.7,16.3,36.5,8.1,2.4,10.4,2.9,97.1,44.3,40.6,6.4,7.5,14.2,9.5,2.4,0.0,0.0,0.0,0.0,0.0,0.0,0.0,25.2,18.9,6.3,1.1,0.9,4.2,2.5,8.6,6.8,16.0,14.5
4740.0,1352.0,738.0,1645.0,733.0,91820.0,615.0,4709.0,2746.0,233.0,2340.0,2041.0,159.0,1967.0,2.5,4709.0,3840.0,329.0,978.0,1723.0,643.0,110.0,,,,,,,,,1544.0,98.0,120.0,145.0,445.0,4740.0,1864.0,4740.0,1110.0,754.0,1882.0,100.0,44.0,76.0,0.0,1882.0,360.0,1544.0,255.0,1400000US06001427600,06,001,427600,1882.0,159.0,116.0,47.0,19.0,0.0,53.0,427600,28.5,15.6,34.7,15.5,8.5,13.1,7.8,92.2,52.3,81.5,7.0,20.8,36.6,13.7,2.3,0.0,0.0,0.0,0.0,0.0,0.0,0.0,39.3,23.4,15.9,5.3,2.3,4.0,0.0,11.7,19.1,16.5,20.9
5009.0,3052.0,107.0,1129.0,530.0,120804.0,389.0,4988.0,3081.0,128.0,2270.0,2310.0,137.0,1953.0,2.3,4996.0,2252.0,61.0,714.0,995.0,415.0,67.0,,,,,,,,,1296.0,52.0,67.0,122.0,298.0,5009.0,1107.0,5009.0,614.0,493.0,2173.0,0.0,0.0,123.0,0.0,2173.0,242.0,1296.0,234.0,1400000US06001427700,06,001,427700,2173.0,42.0,183.0,59.0,0.0,70.0,73.0,427700,60.9,2.1,22.5,10.6,4.2,7.8,5.9,94.1,41.6,45.1,1.2,14.3,19.9,8.3,1.3,0.0,0.0,0.0,0.0,0.0,0.0,0.0,22.1,12.3,9.8,0.0,0.0,5.7,0.0,5.7,11.1,18.1,19.7
4274.0,2198.0,187.0,978.0,402.0,132647.0,285.0,4274.0,2532.0,116.0,2007.0,1902.0,124.0,1938.0,2.4,4274.0,1996.0,279.0,508.0,903.0,251.0,55.0,,,,,,,,,989.0,54.0,75.0,82.0,279.0,4274.0,863.0,4274.0,414.0,449.0,1778.0,0.0,0.0,0.0,26.0,1778.0,226.0,989.0,102.0,1400000US06001427800,06,001,427800,1778.0,47.0,0.0,35.0,143.0,69.0,31.0,427800,51.4,4.4,22.9,9.4,4.6,6.7,6.5,93.5,49.5,46.7,6.5,11.9,21.1,5.9,1.3,0.0,0.0,0.0,0.0,0.0,0.0,0.0,20.2,9.7,10.5,0.0,0.0,0.0,1.5,1.5,12.7,10.3,18.3
4686.0,2441.0,31.0,1182.0,645.0,108691.0,292.0,4686.0,2775.0,191.0,2198.0,2215.0,206.0,1946.0,2.33,4680.0,2769.0,60.0,546.0,1420.0,520.0,196.0,,,,,,,,,1402.0,76.0,87.0,86.0,345.0,4686.0,1045.0,4686.0,816.0,229.0,2009.0,15.0,24.0,173.0,0.0,2009.0,193.0,1402.0,194.0,1400000US06001427900,06,001,427900,2009.0,94.0,10.0,28.0,32.0,137.0,25.0,427900,52.1,0.7,25.2,13.8,6.9,6.2,9.3,90.7,42.4,59.2,1.3,11.7,30.3,11.1,4.2,0.0,0.0,0.0,0.0,0.0,0.0,0.0,22.3,17.4,4.9,0.7,1.2,8.6,0.0,10.6,9.6,13.8,16.2
2906.0,925.0,350.0,700.0,409.0,90750.0,193.0,2906.0,1616.0,188.0,2088.0,1345.0,84.0,1963.0,2.3,2906.0,2303.0,223.0,782.0,692.0,525.0,37.0,,,,,,,,,1030.0,121.0,107.0,61.0,282.0,2906.0,526.0,2906.0,336.0,190.0,1261.0,0.0,0.0,36.0,0.0,1261.0,123.0,1030.0,45.0,1400000US06001428000,06,001,428000,1261.0,12.0,58.0,0.0,37.0,11.0,5.0,428000,31.8,12.0,24.1,14.1,11.6,6.6,6.2,93.8,55.4,79.2,7.7,26.9,23.8,18.1,1.3,0.0,0.0,0.0,0.0,0.0,0.0,0.0,18.1,11.6,6.5,0.0,0.0,2.9,0.0,2.9,9.8,4.4,9.8
4866.0,2495.0,332.0,1102.0,470.0,155071.0,222.0,4866.0,2761.0,111.0,1983.0,2010.0,154.0,1938.0,2.61,4852.0,2365.0,35.0,722.0,674.0,866.0,68.0,,,,,,,,,895.0,47.0,19.0,23.0,104.0,4866.0,1152.0,4866.0,694.0,458.0,1856.0,15.0,0.0,65.0,0.0,1856.0,138.0,895.0,103.0,1400000US06001428100,06,001,428100,1856.0,41.0,15.0,11.0,39.0,39.0,41.0,428100,51.3,6.8,22.6,9.7,4.0,4.6,7.7,92.3,21.6,48.7,0.7,14.9,13.9,17.8,1.4,0.0,0.0,0.0,0.0,0.0,0.0,0.0,23.7,14.3,9.4,0.8,0.0,3.5,0.0,4.3,7.4,11.5,10.0
6475.0,3329.0,215.0,1267.0,852.0,103333.0,451.0,6425.0,3097.0,83.0,2454.0,2864.0,152.0,1953.0,2.39,6475.0,2670.0,236.0,960.0,861.0,410.0,186.0,,,,,,,,,1211.0,61.0,62.0,97.0,372.0,6475.0,1274.0,6475.0,991.0,283.0,2712.0,12.0,0.0,156.0,0.0,2712.0,205.0,1211.0,115.0,1400000US06001428200,06,001,428200,2712.0,47.0,96.0,58.0,71.0,207.0,19.0,428200,51.4,3.3,19.6,13.2,2.7,7.0,5.3,94.7,48.9,41.2,3.6,14.8,13.3,6.3,2.9,0.0,0.0,0.0,0.0,0.0,0.0,0.0,19.7,15.3,4.4,0.4,0.0,5.8,0.0,6.2,7.6,9.5,18.4
7203.0,1874.0,368.0,3730.0,684.0,191875.0,108.0,7195.0,4108.0,188.0,3182.0,2379.0,53.0,1977.0,3.1,7203.0,1109.0,126.0,53.0,640.0,146.0,132.0,,,,,,,,,438.0,0.0,16.0,0.0,44.0,7203.0,2106.0,7203.0,1806.0,300.0,2326.0,0.0,13.0,153.0,0.0,2326.0,105.0,438.0,0.0,1400000US06001428301,06,001,428301,2326.0,45.0,0.0,0.0,4.0,26.0,24.0,428301,26.0,5.1,51.8,9.5,4.6,1.5,2.2,97.8,13.7,15.4,1.7,0.7,8.9,2.0,1.8,0.0,0.0,0.0,0.0,0.0,0.0,0.0,29.2,25.1,4.2,0.0,0.6,6.6,0.0,7.1,4.5,0.0,4.3
7022.0,3110.0,61.0,2837.0,480.0,225500.0,247.0,6991.0,3567.0,171.0,3501.0,2683.0,167.0,1986.0,2.78,6983.0,996.0,56.0,420.0,448.0,13.0,59.0,,,,,,,,,337.0,17.0,0.0,20.0,12.0,7022.0,1579.0,7022.0,1333.0,246.0,2516.0,13.0,27.0,73.0,0.0,2516.0,19.0,337.0,29.0,1400000US06001428302,06,001,428302,2516.0,145.0,13.0,12.0,13.0,30.0,21.0,428302,44.3,0.9,40.4,6.8,4.8,3.5,6.2,93.8,14.5,14.3,0.8,6.0,6.4,0.2,0.8,0.0,0.0,0.0,0.0,0.0,0.0,0.0,22.5,19.0,3.5,0.5,1.1,2.9,0.0,4.5,0.8,8.6,9.3
4756.0,1763.0,343.0,1242.0,783.0,94231.0,653.0,4349.0,2576.0,139.0,2306.0,1955.0,119.0,1938.0,2.4,4415.0,2603.0,28.0,890.0,1179.0,310.0,150.0,,,,,,,,,1198.0,126.0,85.0,146.0,260.0,4756.0,1248.0,4756.0,756.0,492.0,1836.0,0.0,10.0,35.0,0.0,1836.0,168.0,1198.0,116.0,1400000US06001428400,06,001,428400,1836.0,145.0,17.0,39.0,22.0,16.0,73.0,428400,37.1,7.2,26.1,16.5,5.4,15.0,6.1,93.9,51.5,59.0,0.6,20.2,26.7,7.0,3.4,0.0,0.0,0.0,0.0,0.0,0.0,0.0,26.2,15.9,10.3,0.0,0.5,1.9,0.0,2.5,9.2,9.7,17.0
3302.0,1376.0,361.0,841.0,538.0,138571.0,141.0,3156.0,1892.0,37.0,2620.0,1620.0,188.0,1966.0,2.23,3193.0,2354.0,294.0,628.0,989.0,254.0,161.0,,,,,,,,,1049.0,139.0,23.0,40.0,123.0,3302.0,885.0,3302.0,503.0,382.0,1432.0,9.0,13.0,100.0,0.0,1432.0,139.0,1049.0,99.0,1400000US06001428500,06,001,428500,1432.0,65.0,0.0,0.0,74.0,16.0,12.0,428500,41.7,10.9,25.5,16.3,2.0,4.5,11.6,88.4,31.0,73.7,9.2,19.7,31.0,8.0,5.0,0.0,0.0,0.0,0.0,0.0,0.0,0.0,26.8,15.2,11.6,0.6,0.9,7.0,0.0,8.5,9.7,9.4,11.7
3235.0,1374.0,193.0,1046.0,362.0,116833.0,164.0,3089.0,1920.0,45.0,2827.0,1704.0,152.0,1971.0,1.98,3079.0,1521.0,93.0,579.0,450.0,275.0,13.0,,,,,,,,,875.0,38.0,59.0,75.0,223.0,3235.0,1010.0,3235.0,647.0,363.0,1552.0,23.0,0.0,71.0,0.0,1552.0,51.0,875.0,15.0,1400000US06001428600,06,001,428600,1552.0,52.0,29.0,11.0,38.0,0.0,0.0,428600,42.5,6.0,32.3,11.2,2.3,5.3,8.9,91.1,45.1,49.4,3.0,18.8,14.6,8.9,0.4,0.0,0.0,0.0,0.0,0.0,0.0,0.0,31.2,20.0,11.2,1.5,0.0,4.6,0.0,6.1,3.3,1.7,8.4
5078.0,1147.0,899.0,1946.0,683.0,117153.0,765.0,5009.0,2069.0,162.0,1189.0,1768.0,273.0,2003.0,3.3,4927.0,2552.0,205.0,1078.0,631.0,559.0,0.0,,,,,,,,,798.0,75.0,48.0,31.0,189.0,5078.0,1340.0,5078.0,931.0,409.0,1495.0,0.0,0.0,62.0,12.0,1495.0,287.0,798.0,262.0,1400000US06001428700,06,001,428700,1495.0,106.0,98.0,47.0,42.0,30.0,61.0,428700,22.6,17.7,38.3,13.5,7.8,15.3,15.4,84.6,43.0,51.8,4.2,21.9,12.8,11.3,0.0,0.0,0.0,0.0,0.0,0.0,0.0,0.0,26.4,18.3,8.1,0.0,0.0,4.1,0.8,4.9,19.2,32.8,25.7
7034.0,2381.0,206.0,3426.0,698.0,204527.0,418.0,7000.0,3941.0,209.0,3501.0,2313.0,56.0,1991.0,3.11,7027.0,694.0,0.0,357.0,254.0,83.0,0.0,,,,,,,,,198.0,0.0,0.0,0.0,45.0,7034.0,2332.0,7034.0,2005.0,327.0,2257.0,0.0,0.0,87.0,18.0,2257.0,0.0,198.0,0.0,1400000US06001430101,06,001,430101,2257.0,111.0,0.0,18.0,17.0,45.0,16.0,430101,33.8,2.9,48.7,9.9,5.3,6.0,2.4,97.6,22.7,9.9,0.0,5.1,3.6,1.2,0.0,0.0,0.0,0.0,0.0,0.0,0.0,0.0,33.2,28.5,4.6,0.0,0.0,3.9,0.8,4.7,0.0,0.0,9.2
2459.0,1314.0,22.0,563.0,355.0,177250.0,135.0,2457.0,1127.0,28.0,2788.0,944.0,19.0,1971.0,2.62,2426.0,304.0,54.0,169.0,81.0,0.0,0.0,,,,,,,,,124.0,0.0,0.0,0.0,22.0,2459.0,588.0,2459.0,476.0,112.0,925.0,31.0,5.0,8.0,0.0,925.0,33.0,124.0,0.0,1400000US06001430102,06,001,430102,925.0,44.0,33.0,7.0,19.0,46.0,0.0,430102,53.4,0.9,22.9,14.4,2.5,5.5,2.0,98.0,17.7,12.5,2.2,7.0,3.3,0.0,0.0,0.0,0.0,0.0,0.0,0.0,0.0,0.0,23.9,19.4,4.6,3.4,0.5,0.9,0.0,4.8,3.6,0.0,16.1
7713.0,3950.0,266.0,2172.0,780.0,183182.0,389.0,7629.0,3614.0,214.0,2930.0,2425.0,53.0,1966.0,3.21,7620.0,608.0,0.0,233.0,353.0,10.0,0.0,,,,,,,,,196.0,0.0,0.0,40.0,82.0,7713.0,1451.0,7713.0,1207.0,244.0,2372.0,0.0,33.0,67.0,0.0,2372.0,139.0,196.0,0.0,1400000US06001430200,06,001,430200,2372.0,0.0,44.0,0.0,0.0,80.0,11.0,430200,51.2,3.4,28.2,10.1,5.9,5.1,2.2,97.8,62.2,8.0,0.0,3.1,4.6,0.1,0.0,0.0,0.0,0.0,0.0,0.0,0.0,0.0,18.8,15.6,3.2,0.0,1.4,2.8,0.0,4.2,5.9,0.0,5.7
4290.0,1880.0,21.0,1054.0,1049.0,169646.0,153.0,4290.0,2277.0,160.0,3000.0,1352.0,43.0,1959.0,3.27,4281.0,657.0,193.0,323.0,132.0,9.0,0.0,,,,,,,,,162.0,0.0,40.0,9.0,44.0,4290.0,1138.0,4290.0,697.0,441.0,1309.0,0.0,24.0,58.0,0.0,1309.0,57.0,162.0,9.0,1400000US06001430300,06,001,430300,1309.0,30.0,9.0,35.0,10.0,10.0,26.0,430300,43.8,0.5,24.6,24.5,7.0,3.6,3.2,96.8,57.4,15.3,4.5,7.5,3.1,0.2,0.0,0.0,0.0,0.0,0.0,0.0,0.0,0.0,26.5,16.2,10.3,0.0,1.8,4.4,0.0,6.3,4.4,5.6,9.2
2155.0,1004.0,92.0,763.0,142.0,206750.0,53.0,2155.0,1159.0,57.0,3192.0,731.0,20.0,1957.0,3.03,2155.0,154.0,0.0,7.0,31.0,62.0,15.0,,,,,,,,,53.0,0.0,0.0,0.0,5.0,2155.0,447.0,2155.0,396.0,51.0,711.0,0.0,7.0,19.0,0.0,711.0,10.0,53.0,0.0,1400000US06001430400,06,001,430400,711.0,5.0,11.0,0.0,0.0,0.0,7.0,430400,46.6,4.3,35.4,6.6,4.9,2.5,2.7,97.3,9.4,7.1,0.0,0.3,1.4,2.9,0.7,0.0,0.0,0.0,0.0,0.0,0.0,0.0,20.7,18.4,2.4,0.0,1.0,2.7,0.0,3.7,1.4,0.0,3.2
6250.0,1507.0,2328.0,1265.0,970.0,99189.0,544.0,5973.0,3338.0,135.0,2065.0,2157.0,52.0,1964.0,2.74,5762.0,2507.0,299.0,892.0,760.0,556.0,0.0,,,,,,,,,910.0,181.0,22.0,0.0,244.0,6250.0,1989.0,6250.0,945.0,1044.0,2105.0,0.0,0.0,225.0,21.0,2105.0,97.0,910.0,32.0,1400000US06001430500,06,001,430500,2105.0,223.0,22.0,0.0,0.0,148.0,14.0,430500,24.1,37.2,20.2,15.5,4.0,9.1,2.4,97.6,49.1,43.5,5.2,15.5,13.2,9.6,0.0,0.0,0.0,0.0,0.0,0.0,0.0,0.0,31.8,15.1,16.7,0.0,0.0,10.7,1.0,11.7,4.6,3.5,19.3
6244.0,2404.0,245.0,2468.0,1002.0,144922.0,427.0,6234.0,3469.0,119.0,2603.0,2227.0,20.0,1964.0,2.82,6224.0,452.0,85.0,167.0,109.0,91.0,0.0,,,,,,,,,165.0,0.0,17.0,35.0,16.0,6244.0,1835.0,6244.0,1475.0,360.0,2207.0,0.0,0.0,168.0,0.0,2207.0,130.0,165.0,0.0,1400000US06001430600,06,001,430600,2207.0,55.0,16.0,18.0,72.0,85.0,72.0,430600,38.5,3.9,39.5,16.0,3.4,6.8,0.9,99.1,41.2,7.3,1.4,2.7,1.8,1.5,0.0,0.0,0.0,0.0,0.0,0.0,0.0,0.0,29.4,23.6,5.8,0.0,0.0,7.6,0.0,7.6,5.9,0.0,14.4
4085.0,1575.0,203.0,1282.0,741.0,115625.0,284.0,4071.0,1970.0,88.0,2369.0,1381.0,19.0,1956.0,2.94,4010.0,819.0,56.0,114.0,489.0,32.0,128.0,,,,,,,,,306.0,54.0,0.0,33.0,130.0,4085.0,1185.0,4085.0,686.0,499.0,1362.0,13.0,28.0,86.0,7.0,1362.0,122.0,306.0,0.0,1400000US06001430700,06,001,430700,1362.0,120.0,16.0,0.0,18.0,10.0,18.0,430700,38.6,5.0,31.4,18.1,4.5,7.0,1.4,98.6,70.9,20.4,1.4,2.8,12.2,0.8,3.2,0.0,0.0,0.0,0.0,0.0,0.0,0.0,29.0,16.8,12.2,1.0,2.1,6.3,0.5,9.8,9.0,0.0,13.4
5814.0,2472.0,49.0,2038.0,943.0,98038.0,492.0,5806.0,3062.0,66.0,2554.0,2099.0,54.0,1959.0,2.83,5782.0,1712.0,240.0,246.0,863.0,338.0,25.0,,,,,,,,,623.0,59.0,0.0,109.0,207.0,5814.0,1617.0,5814.0,1009.0,608.0,2045.0,0.0,0.0,182.0,36.0,2045.0,76.0,623.0,19.0,1400000US06001430800,06,001,430800,2045.0,124.0,0.0,102.0,16.0,89.0,23.0,430800,42.5,0.8,35.1,16.2,2.2,8.5,2.6,97.4,60.2,29.6,4.2,4.3,14.9,5.8,0.4,0.0,0.0,0.0,0.0,0.0,0.0,0.0,27.8,17.4,10.5,0.0,0.0,8.9,1.8,10.7,3.7,3.0,17.3
5214.0,1463.0,338.0,1460.0,1475.0,105227.0,781.0,5060.0,2798.0,84.0,2071.0,1862.0,92.0,1965.0,2.79,4930.0,3210.0,212.0,1078.0,1530.0,319.0,28.0,,,,,,,,,1165.0,110.0,44.0,131.0,235.0,5214.0,1867.0,5214.0,1157.0,710.0,1770.0,55.0,22.0,88.0,10.0,1770.0,288.0,1165.0,84.0,1400000US06001430900,06,001,430900,1770.0,64.0,37.0,118.0,11.0,31.0,56.0,430900,28.1,6.5,28.0,28.3,3.0,15.4,4.9,95.1,44.6,65.1,4.3,21.9,31.0,6.5,0.6,0.0,0.0,0.0,0.0,0.0,0.0,0.0,35.8,22.2,13.6,3.1,1.2,5.0,0.6,9.9,16.3,7.2,17.9
3091.0,820.0,504.0,947.0,492.0,87083.0,414.0,3091.0,1641.0,54.0,2306.0,1216.0,105.0,1968.0,2.77,3077.0,1953.0,80.0,517.0,1068.0,109.0,154.0,,,,,,,,,712.0,85.0,25.0,78.0,137.0,3091.0,996.0,3091.0,548.0,448.0,1111.0,11.0,37.0,50.0,0.0,1111.0,137.0,712.0,84.0,1400000US06001431000,06,001,431000,1111.0,65.0,29.0,30.0,20.0,39.0,44.0,431000,26.5,16.3,30.6,15.9,3.3,13.4,8.6,91.4,45.6,63.5,2.6,16.8,34.7,3.5,5.0,0.0,0.0,0.0,0.0,0.0,0.0,0.0,32.2,17.7,14.5,1.0,3.3,4.5,0.0,8.8,12.3,11.8,20.4
3259.0,839.0,903.0,490.0,856.0,98255.0,148.0,3252.0,2142.0,14.0,2411.0,1348.0,66.0,1968.0,2.53,3241.0,2472.0,164.0,785.0,1353.0,149.0,7.0,,,,,,,,,942.0,68.0,112.0,173.0,157.0,3259.0,664.0,3259.0,217.0,447.0,1282.0,41.0,6.0,6.0,0.0,1282.0,234.0,942.0,96.0,1400000US06001431100,06,001,431100,1282.0,11.0,65.0,11.0,31.0,0.0,11.0,431100,25.7,27.7,15.0,26.3,0.7,4.6,4.9,95.1,54.1,76.3,5.1,24.2,41.7,4.6,0.2,0.0,0.0,0.0,0.0,0.0,0.0,0.0,20.4,6.7,13.7,3.2,0.5,0.5,0.0,4.1,18.3,10.2,10.1
5865.0,2114.0,830.0,812.0,1618.0,106250.0,426.0,5712.0,3100.0,41.0,2648.0,2567.0,105.0,1975.0,2.33,5739.0,2896.0,309.0,693.0,1429.0,345.0,59.0,,,,,,,,,1324.0,229.0,57.0,288.0,308.0,5865.0,1158.0,5865.0,841.0,317.0,2462.0,0.0,0.0,55.0,0.0,2462.0,222.0,1324.0,183.0,1400000US06001431200,06,001,431200,2462.0,116.0,0.0,46.0,47.0,17.0,47.0,431200,36.0,14.2,13.8,27.6,1.3,7.5,4.1,95.9,66.6,50.5,5.4,12.1,24.9,6.0,1.0,0.0,0.0,0.0,0.0,0.0,0.0,0.0,19.7,14.3,5.4,0.0,0.0,2.2,0.0,2.2,9.0,13.8,11.1
3892.0,1260.0,949.0,460.0,961.0,172278.0,178.0,3812.0,2214.0,39.0,2294.0,1401.0,48.0,1938.0,2.86,3874.0,971.0,220.0,256.0,304.0,169.0,0.0,,,,,,,,,371.0,24.0,23.0,28.0,75.0,3892.0,613.0,3892.0,433.0,180.0,1353.0,36.0,0.0,0.0,0.0,1353.0,126.0,371.0,0.0,1400000US06001432100,06,001,432100,1353.0,10.0,0.0,15.0,0.0,77.0,7.0,432100,32.4,24.4,11.8,24.7,1.8,4.7,3.4,96.6,40.4,25.1,5.7,6.6,7.8,4.4,0.0,0.0,0.0,0.0,0.0,0.0,0.0,0.0,15.8,11.1,4.6,2.7,0.0,0.0,0.0,2.7,9.3,0.0,8.1
3987.0,1058.0,389.0,609.0,1469.0,94276.0,501.0,3962.0,2022.0,99.0,2129.0,1648.0,121.0,1950.0,2.56,3913.0,1687.0,43.0,432.0,879.0,258.0,43.0,,,,,,,,,810.0,114.0,9.0,82.0,207.0,3987.0,1163.0,3987.0,716.0,447.0,1527.0,60.0,0.0,51.0,0.0,1527.0,97.0,810.0,194.0,1400000US06001432200,06,001,432200,1527.0,111.0,78.0,62.0,73.0,32.0,49.0,432200,26.5,9.8,15.3,36.8,4.9,12.6,7.3,92.7,50.9,43.1,1.1,11.0,22.5,6.6,1.1,0.0,0.0,0.0,0.0,0.0,0.0,0.0,29.2,18.0,11.2,3.9,0.0,3.3,0.0,7.3,6.4,24.0,26.5
4874.0,1214.0,614.0,1248.0,1463.0,154028.0,339.0,4874.0,2935.0,149.0,1644.0,1779.0,66.0,1944.0,2.84,4865.0,1565.0,7.0,200.0,664.0,347.0,347.0,,,,,,,,,548.0,44.0,9.0,32.0,134.0,4874.0,1429.0,4874.0,772.0,657.0,1713.0,12.0,0.0,62.0,0.0,1713.0,142.0,548.0,42.0,1400000US06001432300,06,001,432300,1713.0,40.0,94.0,34.0,39.0,34.0,53.0,432300,24.9,12.6,25.6,30.0,5.1,7.0,3.7,96.3,40.0,32.2,0.1,4.1,13.6,7.1,7.1,0.0,0.0,0.0,0.0,0.0,0.0,0.0,29.3,15.8,13.5,0.7,0.0,3.6,0.0,4.3,8.3,7.7,17.2
6346.0,801.0,280.0,1286.0,3501.0,82424.0,469.0,6329.0,3382.0,236.0,2150.0,1738.0,0.0,1955.0,3.65,6340.0,2903.0,228.0,579.0,632.0,1414.0,22.0,,,,,,,,,829.0,72.0,0.0,98.0,270.0,6346.0,2521.0,6346.0,1220.0,1301.0,1738.0,55.0,11.0,59.0,0.0,1738.0,173.0,829.0,125.0,1400000US06001432400,06,001,432400,1738.0,34.0,35.0,70.0,53.0,69.0,49.0,432400,12.6,4.4,20.3,55.2,7.0,7.4,0.0,100.0,53.1,45.8,3.6,9.1,10.0,22.3,0.3,0.0,0.0,0.0,0.0,0.0,0.0,0.0,39.7,19.2,20.5,3.2,0.6,3.4,0.0,7.2,10.0,15.1,17.8
4892.0,989.0,183.0,2068.0,1356.0,112531.0,271.0,4878.0,3019.0,86.0,1848.0,1449.0,28.0,1954.0,3.44,4892.0,1938.0,0.0,269.0,1233.0,421.0,0.0,,,,,,,,,600.0,21.0,14.0,88.0,97.0,4892.0,2506.0,4892.0,1278.0,1228.0,1421.0,47.0,0.0,208.0,0.0,1421.0,249.0,600.0,98.0,1400000US06001432501,06,001,432501,1421.0,37.0,34.0,23.0,0.0,20.0,53.0,432501,20.2,3.7,42.3,27.7,2.8,5.6,1.9,98.1,36.7,39.6,0.0,5.5,25.2,8.6,0.0,0.0,0.0,0.0,0.0,0.0,0.0,0.0,51.2,26.1,25.1,3.3,0.0,14.6,0.0,17.9,17.5,16.3,11.8
5126.0,554.0,993.0,1889.0,1544.0,97412.0,698.0,5076.0,3043.0,158.0,1976.0,1505.0,93.0,1965.0,3.61,5098.0,2776.0,50.0,501.0,1869.0,289.0,67.0,,,,,,,,,807.0,68.0,16.0,16.0,353.0,5126.0,2385.0,5126.0,1430.0,955.0,1412.0,18.0,36.0,89.0,0.0,1412.0,164.0,807.0,89.0,1400000US06001432502,06,001,432502,1412.0,28.0,72.0,107.0,32.0,90.0,0.0,432502,10.8,19.4,36.9,30.1,5.2,13.8,6.2,93.8,56.1,54.5,1.0,9.8,36.7,5.7,1.3,0.0,0.0,0.0,0.0,0.0,0.0,0.0,46.5,27.9,18.6,1.3,2.5,6.3,0.0,10.1,11.6,11.0,23.3
4092.0,985.0,907.0,968.0,1015.0,91767.0,419.0,4070.0,2477.0,94.0,2151.0,1943.0,176.0,1981.0,2.26,3987.0,2655.0,108.0,339.0,1894.0,299.0,0.0,,,,,,,,,1100.0,52.0,84.0,175.0,291.0,4092.0,1000.0,4092.0,803.0,197.0,1767.0,41.0,10.0,45.0,0.0,1767.0,55.0,1100.0,157.0,1400000US06001432601,06,001,432601,1767.0,57.0,102.0,35.0,14.0,46.0,83.0,432601,24.1,22.2,23.7,24.8,3.8,10.3,9.1,90.9,54.7,66.6,2.7,8.5,47.5,7.5,0.0,0.0,0.0,0.0,0.0,0.0,0.0,0.0,24.4,19.6,4.8,2.3,0.6,2.5,0.0,5.4,3.1,14.3,19.1
3123.0,443.0,790.0,812.0,929.0,109274.0,90.0,2985.0,1934.0,35.0,1898.0,1335.0,59.0,1966.0,2.33,2973.0,2240.0,59.0,582.0,1226.0,298.0,75.0,,,,,,,,,908.0,13.0,36.0,12.0,241.0,3123.0,916.0,3123.0,561.0,355.0,1276.0,60.0,0.0,45.0,0.0,1276.0,150.0,908.0,116.0,1400000US06001432602,06,001,432602,1276.0,31.0,17.0,52.0,43.0,26.0,10.0,432602,14.2,25.3,26.0,29.7,1.8,3.0,4.4,95.6,33.3,75.3,2.0,19.6,41.2,10.0,2.5,0.0,0.0,0.0,0.0,0.0,0.0,0.0,29.3,18.0,11.4,4.7,0.0,3.5,0.0,8.2,11.8,12.8,14.0
2755.0,1445.0,135.0,532.0,586.0,92128.0,169.0,2755.0,1637.0,210.0,2116.0,1026.0,46.0,1945.0,2.81,2755.0,441.0,0.0,105.0,310.0,0.0,12.0,,,,,,,,,229.0,21.0,33.0,22.0,101.0,2755.0,600.0,2755.0,336.0,264.0,980.0,23.0,0.0,26.0,0.0,980.0,57.0,229.0,14.0,1400000US06001432700,06,001,432700,980.0,47.0,12.0,10.0,0.0,51.0,68.0,432700,52.5,4.9,19.3,21.3,12.8,6.1,4.5,95.5,77.3,16.0,0.0,3.8,11.3,0.0,0.4,0.0,0.0,0.0,0.0,0.0,0.0,0.0,21.8,12.2,9.6,2.3,0.0,2.7,0.0,5.0,5.8,6.1,19.2
3862.0,1432.0,264.0,1301.0,535.0,135313.0,75.0,3847.0,2044.0,101.0,2880.0,1585.0,173.0,1963.0,2.72,3834.0,756.0,32.0,198.0,427.0,0.0,87.0,,,,,,,,,245.0,20.0,0.0,26.0,0.0,3862.0,1025.0,3862.0,722.0,303.0,1412.0,0.0,0.0,82.0,0.0,1412.0,91.0,245.0,0.0,1400000US06001432800,06,001,432800,1412.0,21.0,0.0,108.0,42.0,12.0,12.0,432800,37.1,6.8,33.7,13.9,4.9,1.9,10.9,89.1,18.8,19.7,0.8,5.2,11.1,0.0,2.3,0.0,0.0,0.0,0.0,0.0,0.0,0.0,26.5,18.7,7.8,0.0,0.0,5.8,0.0,5.8,6.4,0.0,13.8
3799.0,1349.0,309.0,1233.0,601.0,96237.0,340.0,3788.0,1994.0,80.0,2643.0,1430.0,76.0,1948.0,2.8,3788.0,1102.0,24.0,272.0,686.0,6.0,0.0,,,,,,,,,395.0,107.0,0.0,34.0,58.0,3799.0,1200.0,3799.0,891.0,309.0,1354.0,35.0,19.0,108.0,0.0,1354.0,105.0,395.0,20.0,1400000US06001433000,06,001,433000,1354.0,47.0,24.0,38.0,5.0,40.0,0.0,433000,35.5,8.1,32.5,15.8,4.0,9.0,5.3,94.7,50.4,29.1,0.6,7.2,18.1,0.2,0.0,0.0,0.0,0.0,0.0,0.0,0.0,0.0,31.6,23.5,8.1,2.6,1.4,8.0,0.0,12.0,7.8,5.1,11.4
4445.0,332.0,309.0,2363.0,1293.0,120577.0,126.0,4429.0,2477.0,32.0,2113.0,1344.0,40.0,1958.0,3.39,4423.0,926.0,89.0,89.0,501.0,219.0,28.0,,,,,,,,,368.0,0.0,70.0,111.0,28.0,4445.0,2077.0,4445.0,1384.0,693.0,1304.0,44.0,0.0,191.0,0.0,1304.0,136.0,368.0,14.0,1400000US06001433102,06,001,433102,1304.0,18.0,0.0,32.0,19.0,9.0,15.0,433102,7.5,7.0,53.2,29.1,1.3,2.8,3.0,97.0,56.8,20.9,2.0,2.0,11.3,5.0,0.6,0.0,0.0,0.0,0.0,0.0,0.0,0.0,46.7,31.1,15.6,3.4,0.0,14.6,0.0,18.0,10.4,3.8,7.1
3552.0,459.0,406.0,1080.0,1425.0,72813.0,476.0,3552.0,2178.0,143.0,1904.0,1521.0,121.0,1964.0,2.54,3552.0,2723.0,94.0,333.0,1517.0,680.0,78.0,,,,,,,,,1091.0,130.0,57.0,40.0,350.0,3552.0,1729.0,3552.0,722.0,1007.0,1400.0,134.0,0.0,86.0,22.0,1400.0,268.0,1091.0,41.0,1400000US06001433103,06,001,433103,1400.0,103.0,52.0,17.0,157.0,50.0,20.0,433103,12.9,11.4,30.4,40.1,6.6,13.4,8.0,92.0,52.9,76.7,2.6,9.4,42.7,19.1,2.2,0.0,0.0,0.0,0.0,0.0,0.0,0.0,48.7,20.3,28.4,9.6,0.0,6.1,1.6,17.3,19.1,3.8,28.5
4398.0,1042.0,766.0,431.0,1673.0,75841.0,463.0,4397.0,2194.0,72.0,1958.0,1795.0,78.0,1975.0,2.56,4393.0,2911.0,252.0,600.0,1091.0,834.0,83.0,,,,,,,,,1129.0,152.0,97.0,136.0,385.0,4398.0,1389.0,4398.0,664.0,725.0,1717.0,52.0,9.0,75.0,46.0,1717.0,375.0,1129.0,222.0,1400000US06001433104,06,001,433104,1717.0,105.0,39.0,72.0,15.0,29.0,100.0,433104,23.7,17.4,9.8,38.0,3.3,10.5,4.3,95.7,68.2,66.3,5.7,13.7,24.8,19.0,1.9,0.0,0.0,0.0,0.0,0.0,0.0,0.0,31.6,15.1,16.5,3.0,0.5,4.4,2.7,10.6,21.8,19.7,21.0
8120.0,829.0,790.0,3361.0,2671.0,78701.0,1077.0,8040.0,4442.0,219.0,1659.0,2792.0,163.0,1964.0,3.03,7968.0,4127.0,39.0,1206.0,2343.0,382.0,115.0,,,,,,,,,1433.0,227.0,32.0,38.0,476.0,8120.0,3602.0,8120.0,1767.0,1835.0,2629.0,189.0,71.0,358.0,19.0,2629.0,413.0,1433.0,199.0,1400000US06001433200,06,001,433200,2629.0,75.0,213.0,86.0,81.0,174.0,151.0,433200,10.2,9.7,41.4,32.9,4.9,13.4,5.8,94.2,53.9,51.8,0.5,15.1,29.4,4.8,1.4,0.0,0.0,0.0,0.0,0.0,0.0,0.0,44.4,21.8,22.6,7.2,2.7,13.6,0.7,24.2,15.7,13.9,29.7
7367.0,1355.0,37.0,3611.0,2003.0,103792.0,356.0,7367.0,4137.0,325.0,2671.0,2029.0,30.0,1955.0,3.66,7307.0,1772.0,188.0,349.0,524.0,514.0,140.0,,,,,,,,,378.0,0.0,24.0,13.0,46.0,7367.0,3229.0,7367.0,2163.0,1066.0,1999.0,16.0,15.0,329.0,0.0,1999.0,275.0,378.0,15.0,1400000US06001433300,06,001,433300,1999.0,58.0,33.0,16.0,60.0,15.0,14.0,433300,18.4,0.5,49.0,27.2,7.9,4.8,1.5,98.5,22.0,24.3,2.6,4.8,7.2,7.0,1.9,0.0,0.0,0.0,0.0,0.0,0.0,0.0,43.8,29.4,14.5,0.8,0.8,16.5,0.0,18.0,13.8,4.0,9.8
6040.0,810.0,514.0,3751.0,472.0,113633.0,229.0,5945.0,3418.0,113.0,2897.0,2241.0,84.0,1981.0,2.8,6033.0,2015.0,208.0,407.0,1215.0,157.0,0.0,,,,,,,,,582.0,0.0,7.0,96.0,37.0,6040.0,2552.0,6040.0,1668.0,884.0,2157.0,20.0,13.0,310.0,0.0,2157.0,168.0,582.0,32.0,1400000US06001433400,06,001,433400,2157.0,91.0,0.0,63.0,0.0,64.0,48.0,433400,13.4,8.5,62.1,7.8,3.3,3.9,3.7,96.3,24.1,33.4,3.4,6.7,20.1,2.6,0.0,0.0,0.0,0.0,0.0,0.0,0.0,0.0,42.3,27.6,14.6,0.9,0.6,14.4,0.0,15.9,7.8,5.5,12.3
4311.0,1078.0,126.0,2083.0,903.0,86250.0,479.0,4303.0,2478.0,206.0,2096.0,1598.0,98.0,1957.0,2.87,4298.0,673.0,56.0,131.0,486.0,0.0,0.0,,,,,,,,,268.0,46.0,25.0,21.0,73.0,4311.0,1830.0,4311.0,1330.0,500.0,1500.0,27.0,6.0,311.0,0.0,1500.0,130.0,268.0,0.0,1400000US06001433500,06,001,433500,1500.0,94.0,17.0,47.0,100.0,32.0,217.0,433500,25.0,2.9,48.3,20.9,8.3,11.1,6.1,93.9,61.6,15.7,1.3,3.0,11.3,0.0,0.0,0.0,0.0,0.0,0.0,0.0,0.0,0.0,42.4,30.9,11.6,1.8,0.4,20.7,0.0,22.9,8.7,0.0,33.8
5844.0,1656.0,296.0,2386.0,1156.0,85886.0,714.0,5844.0,2974.0,107.0,1756.0,2244.0,70.0,1959.0,2.69,5844.0,1817.0,0.0,539.0,695.0,382.0,201.0,,,,,,,,,841.0,233.0,27.0,12.0,200.0,5844.0,2170.0,5844.0,1624.0,546.0,2174.0,12.0,0.0,468.0,0.0,2174.0,272.0,841.0,295.0,1400000US06001433600,06,001,433600,2174.0,35.0,195.0,26.0,152.0,62.0,10.0,433600,28.3,5.1,40.8,19.8,3.6,12.2,3.1,96.9,56.1,31.1,0.0,9.2,11.9,6.5,3.4,0.0,0.0,0.0,0.0,0.0,0.0,0.0,37.1,27.8,9.3,0.6,0.0,21.5,0.0,22.1,12.5,35.1,22.1
3125.0,392.0,85.0,633.0,1623.0,81992.0,654.0,3119.0,1654.0,83.0,2137.0,1044.0,64.0,1956.0,3.14,3082.0,1310.0,37.0,214.0,681.0,321.0,53.0,,,,,,,,,438.0,13.0,72.0,45.0,113.0,3125.0,1184.0,3125.0,779.0,405.0,980.0,32.0,0.0,55.0,0.0,980.0,186.0,438.0,18.0,1400000US06001433700,06,001,433700,980.0,119.0,47.0,32.0,31.0,9.0,5.0,433700,12.5,2.7,20.3,51.9,5.0,21.0,6.1,93.9,55.5,42.5,1.2,6.9,22.1,10.4,1.7,0.0,0.0,0.0,0.0,0.0,0.0,0.0,37.9,24.9,13.0,3.3,0.0,5.6,0.0,8.9,19.0,4.1,24.8
3528.0,308.0,472.0,1010.0,1645.0,94254.0,282.0,3423.0,2170.0,196.0,2037.0,1072.0,0.0,1960.0,3.17,3396.0,2207.0,102.0,373.0,1348.0,380.0,4.0,,,,,,,,,685.0,140.0,49.0,0.0,211.0,3528.0,1748.0,3528.0,683.0,1065.0,1072.0,4.0,0.0,79.0,0.0,1072.0,210.0,685.0,0.0,1400000US06001433801,06,001,433801,1072.0,33.0,3.0,47.0,29.0,33.0,0.0,433801,8.7,13.4,28.6,46.6,9.0,8.2,0.0,100.0,58.4,65.0,3.0,11.0,39.7,11.2,0.1,0.0,0.0,0.0,0.0,0.0,0.0,0.0,49.5,19.4,30.2,0.4,0.0,7.4,0.0,7.7,19.6,0.0,13.5
4301.0,340.0,541.0,2307.0,896.0,100784.0,360.0,4301.0,2422.0,90.0,2173.0,1552.0,82.0,1959.0,2.92,4299.0,1524.0,20.0,690.0,576.0,238.0,0.0,,,,,,,,,557.0,82.0,0.0,38.0,78.0,4301.0,1864.0,4301.0,1292.0,572.0,1470.0,0.0,149.0,116.0,0.0,1470.0,129.0,557.0,89.0,1400000US06001433802,06,001,433802,1470.0,34.0,10.0,216.0,29.0,16.0,0.0,433802,7.9,12.6,53.6,20.8,3.7,8.4,5.3,94.7,35.5,35.5,0.5,16.1,13.4,5.5,0.0,0.0,0.0,0.0,0.0,0.0,0.0,0.0,43.3,30.0,13.3,0.0,10.1,7.9,0.0,18.0,8.8,16.0,20.7
7187.0,623.0,1892.0,885.0,3058.0,70552.0,1122.0,7163.0,3435.0,270.0,1975.0,2335.0,41.0,1971.0,3.11,7145.0,5977.0,292.0,1392.0,3809.0,484.0,0.0,,,,,,,,,1857.0,105.0,117.0,175.0,625.0,7187.0,2242.0,7187.0,786.0,1456.0,2294.0,391.0,20.0,146.0,0.0,2294.0,617.0,1857.0,98.0,1400000US06001433900,06,001,433900,2294.0,148.0,26.0,107.0,25.0,49.0,16.0,433900,8.7,26.3,12.3,42.5,7.9,15.7,1.8,98.2,55.0,83.7,4.1,19.5,53.3,6.8,0.0,0.0,0.0,0.0,0.0,0.0,0.0,0.0,31.2,10.9,20.3,17.0,0.9,6.4,0.0,24.3,26.9,5.3,16.2
5166.0,910.0,679.0,1062.0,2335.0,48023.0,1242.0,5132.0,2617.0,196.0,1702.0,1892.0,226.0,1964.0,3.07,5116.0,3125.0,256.0,593.0,1743.0,433.0,100.0,,,,,,,,,1113.0,66.0,45.0,92.0,400.0,5166.0,2067.0,5166.0,908.0,1159.0,1666.0,192.0,18.0,85.0,16.0,1666.0,388.0,1113.0,273.0,1400000US06001434000,06,001,434000,1666.0,222.0,137.0,61.0,123.0,46.0,80.0,434000,17.6,13.1,20.6,45.2,7.5,24.2,11.9,88.1,54.2,61.1,5.0,11.6,34.1,8.5,2.0,0.0,0.0,0.0,0.0,0.0,0.0,0.0,40.0,17.6,22.4,11.5,1.1,5.1,1.0,18.7,23.3,24.5,40.2
6137.0,1519.0,888.0,1337.0,1655.0,138859.0,503.0,4771.0,3389.0,310.0,2822.0,1773.0,130.0,1983.0,2.89,4745.0,1339.0,0.0,674.0,623.0,42.0,0.0,,,,,,,,,466.0,39.0,26.0,0.0,77.0,6137.0,1570.0,6137.0,1068.0,502.0,1643.0,0.0,0.0,45.0,10.0,1643.0,28.0,466.0,7.0,1400000US06001435102,06,001,435102,1643.0,33.0,0.0,0.0,7.0,20.0,0.0,435102,24.8,14.5,21.8,27.0,9.1,10.5,7.3,92.7,30.5,28.2,0.0,14.2,13.1,0.9,0.0,0.0,0.0,0.0,0.0,0.0,0.0,0.0,25.6,17.4,8.2,0.0,0.0,2.7,0.6,3.3,1.7,1.5,3.7
7774.0,2699.0,575.0,3170.0,487.0,232569.0,238.0,7747.0,4347.0,168.0,,2533.0,72.0,1993.0,3.14,7725.0,293.0,0.0,115.0,112.0,66.0,0.0,,,,,,,,,113.0,0.0,0.0,0.0,0.0,7774.0,2905.0,7774.0,2361.0,544.0,2461.0,0.0,0.0,90.0,0.0,2461.0,82.0,113.0,18.0,1400000US06001435103,06,001,435103,2461.0,64.0,14.0,0.0,21.0,0.0,17.0,435103,34.7,7.4,40.8,6.3,3.9,3.1,2.8,97.2,0.0,3.8,0.0,1.5,1.4,0.9,0.0,0.0,0.0,0.0,0.0,0.0,0.0,0.0,37.4,30.4,7.0,0.0,0.0,3.7,0.0,3.7,3.3,15.9,4.7
6856.0,1055.0,506.0,2739.0,2116.0,112692.0,452.0,6839.0,4064.0,130.0,2304.0,2541.0,69.0,1983.0,2.77,6849.0,4151.0,227.0,1042.0,2419.0,413.0,40.0,,,,,,,,,1556.0,166.0,77.0,180.0,353.0,6856.0,3129.0,6856.0,1700.0,1429.0,2472.0,216.0,0.0,34.0,0.0,2472.0,356.0,1556.0,109.0,1400000US06001435104,06,001,435104,2472.0,20.0,36.0,62.0,23.0,9.0,125.0,435104,15.4,7.4,40.0,30.9,3.2,6.6,2.7,97.3,49.9,60.6,3.3,15.2,35.3,6.0,0.6,0.0,0.0,0.0,0.0,0.0,0.0,0.0,45.6,24.8,20.8,8.7,0.0,1.4,0.0,10.1,14.4,7.0,11.1
4647.0,1073.0,1039.0,1017.0,1261.0,134167.0,259.0,4585.0,2225.0,137.0,3059.0,1499.0,57.0,1978.0,3.11,4491.0,956.0,122.0,239.0,480.0,95.0,20.0,,,,,,,,,267.0,59.0,12.0,40.0,15.0,4647.0,1291.0,4647.0,820.0,471.0,1442.0,7.0,14.0,17.0,0.0,1442.0,103.0,267.0,10.0,1400000US06001435200,06,001,435200,1442.0,11.0,43.0,10.0,0.0,51.0,0.0,435200,23.1,22.4,21.9,27.1,6.2,5.6,3.8,96.2,47.2,21.3,2.7,5.3,10.7,2.1,0.4,0.0,0.0,0.0,0.0,0.0,0.0,0.0,27.8,17.6,10.1,0.5,1.0,1.2,0.0,2.6,7.1,3.7,8.0
4812.0,1068.0,728.0,889.0,1622.0,89205.0,380.0,4438.0,2602.0,98.0,2215.0,1788.0,101.0,1965.0,2.63,4444.0,2288.0,0.0,779.0,1198.0,288.0,7.0,,,,,,,,,907.0,118.0,43.0,14.0,330.0,4812.0,1466.0,4812.0,961.0,505.0,1687.0,60.0,16.0,24.0,0.0,1687.0,152.0,907.0,64.0,1400000US06001435300,06,001,435300,1687.0,46.0,0.0,0.0,37.0,50.0,17.0,435300,22.2,15.1,18.5,33.7,3.8,8.6,5.6,94.4,55.7,51.5,0.0,17.5,27.0,6.5,0.2,0.0,0.0,0.0,0.0,0.0,0.0,0.0,30.5,20.0,10.5,3.6,0.9,1.4,0.0,5.9,9.0,7.1,8.9
5048.0,1173.0,797.0,917.0,1644.0,80816.0,833.0,4969.0,2815.0,184.0,2024.0,2272.0,354.0,1972.0,2.54,4874.0,2926.0,34.0,1351.0,1199.0,199.0,79.0,,,,,,,,,1256.0,136.0,66.0,35.0,492.0,5048.0,1482.0,5048.0,871.0,611.0,1918.0,88.0,7.0,113.0,0.0,1918.0,215.0,1256.0,329.0,1400000US06001435400,06,001,435400,1918.0,182.0,110.0,106.0,52.0,66.0,24.0,435400,23.2,15.8,18.2,32.6,6.5,16.8,15.6,84.4,58.0,60.0,0.7,27.7,24.6,4.1,1.6,0.0,0.0,0.0,0.0,0.0,0.0,0.0,29.4,17.3,12.1,4.6,0.4,5.9,0.0,10.8,11.2,26.2,28.2
4153.0,1098.0,522.0,311.0,1986.0,75139.0,710.0,4117.0,2160.0,119.0,2170.0,1429.0,26.0,1959.0,2.88,4039.0,2981.0,0.0,391.0,1565.0,930.0,79.0,,,,,,,,,987.0,19.0,70.0,61.0,385.0,4153.0,1181.0,4153.0,372.0,809.0,1403.0,142.0,0.0,61.0,0.0,1403.0,321.0,987.0,129.0,1400000US06001435500,06,001,435500,1403.0,109.0,65.0,37.0,18.0,45.0,28.0,435500,26.4,12.6,7.5,47.8,5.5,17.2,1.8,98.2,54.2,73.8,0.0,9.7,38.7,23.0,2.0,0.0,0.0,0.0,0.0,0.0,0.0,0.0,28.4,9.0,19.5,10.1,0.0,4.3,0.0,14.5,22.9,13.1,21.5
5449.0,666.0,566.0,765.0,3092.0,81788.0,544.0,5348.0,2754.0,55.0,2010.0,1569.0,36.0,1967.0,3.43,5265.0,4020.0,328.0,904.0,2360.0,263.0,120.0,,,,,,,,,1101.0,122.0,142.0,87.0,254.0,5449.0,2181.0,5449.0,1063.0,1118.0,1533.0,198.0,12.0,50.0,0.0,1533.0,372.0,1101.0,84.0,1400000US06001435601,06,001,435601,1533.0,57.0,83.0,10.0,63.0,30.0,49.0,435601,12.2,10.4,14.0,56.7,2.0,10.2,2.3,97.7,55.0,76.4,6.2,17.2,44.8,5.0,2.3,0.0,0.0,0.0,0.0,0.0,0.0,0.0,40.0,19.5,20.5,12.9,0.8,3.3,0.0,17.0,24.3,7.6,19.0
5671.0,1123.0,763.0,491.0,2970.0,86099.0,516.0,5542.0,2650.0,181.0,2051.0,1756.0,119.0,1959.0,3.2,5245.0,3846.0,80.0,942.0,1919.0,345.0,426.0,,,,,,,,,1151.0,169.0,34.0,54.0,250.0,5671.0,1515.0,5671.0,792.0,723.0,1637.0,82.0,24.0,37.0,0.0,1637.0,292.0,1151.0,98.0,1400000US06001435602,06,001,435602,1637.0,24.0,22.0,46.0,10.0,22.0,93.0,435602,19.8,13.5,8.7,52.4,6.8,9.3,6.8,93.2,44.0,73.3,1.5,18.0,36.6,6.6,8.1,0.0,0.0,0.0,0.0,0.0,0.0,0.0,26.7,14.0,12.7,5.0,1.5,2.3,0.0,8.7,17.8,8.5,13.3
4819.0,1015.0,117.0,944.0,2414.0,98125.0,275.0,4819.0,2421.0,179.0,1888.0,1503.0,24.0,1956.0,3.24,4788.0,1449.0,25.0,129.0,832.0,424.0,39.0,,,,,,,,,439.0,58.0,35.0,15.0,117.0,4819.0,1647.0,4819.0,1137.0,510.0,1479.0,27.0,11.0,64.0,0.0,1479.0,234.0,439.0,0.0,1400000US06001435700,06,001,435700,1479.0,26.0,46.0,10.0,0.0,29.0,33.0,435700,21.1,2.4,19.6,50.1,7.4,5.7,1.6,98.4,51.3,30.3,0.5,2.7,17.4,8.9,0.8,0.0,0.0,0.0,0.0,0.0,0.0,0.0,34.2,23.6,10.6,1.8,0.7,4.3,0.0,6.9,15.8,0.0,9.7
5687.0,1181.0,256.0,1939.0,2188.0,100882.0,304.0,5653.0,2959.0,154.0,2610.0,1733.0,12.0,1948.0,3.28,5651.0,1829.0,225.0,137.0,1361.0,106.0,0.0,,,,,,,,,483.0,72.0,135.0,0.0,69.0,5687.0,2266.0,5687.0,1363.0,903.0,1721.0,15.0,0.0,108.0,0.0,1721.0,116.0,483.0,0.0,1400000US06001435800,06,001,435800,1721.0,9.0,0.0,35.0,33.0,79.0,170.0,435800,20.8,4.5,34.1,38.5,5.2,5.4,0.7,99.3,57.1,32.4,4.0,2.4,24.1,1.9,0.0,0.0,0.0,0.0,0.0,0.0,0.0,0.0,39.8,24.0,15.9,0.9,0.0,6.3,0.0,7.1,6.7,0.0,18.9
5290.0,1525.0,35.0,2258.0,1318.0,113750.0,170.0,5290.0,3050.0,237.0,3042.0,1607.0,78.0,,3.45,5276.0,836.0,0.0,212.0,545.0,33.0,46.0,,,,,,,,,247.0,41.0,67.0,18.0,29.0,5290.0,1895.0,5290.0,1305.0,590.0,1529.0,0.0,13.0,157.0,0.0,1529.0,91.0,247.0,0.0,1400000US06001435900,06,001,435900,1529.0,19.0,10.0,61.0,12.0,35.0,25.0,435900,28.8,0.7,42.7,24.9,7.8,3.2,4.9,95.1,62.8,15.8,0.0,4.0,10.3,0.6,0.9,0.0,0.0,0.0,0.0,0.0,0.0,0.0,35.8,24.7,11.2,0.0,0.9,10.3,0.0,11.1,6.0,0.0,10.6
5114.0,1385.0,31.0,1353.0,2067.0,111806.0,243.0,5114.0,2865.0,219.0,1862.0,1408.0,0.0,1955.0,3.6,5067.0,934.0,0.0,186.0,155.0,167.0,376.0,,,,,,,,,178.0,38.0,10.0,12.0,9.0,5114.0,1222.0,5114.0,853.0,369.0,1408.0,33.0,11.0,74.0,0.0,1408.0,60.0,178.0,10.0,1400000US06001436000,06,001,436000,1408.0,33.0,28.0,31.0,20.0,43.0,26.0,436000,27.1,0.6,26.5,40.4,7.6,4.8,0.0,100.0,38.8,18.4,0.0,3.7,3.1,3.3,7.4,0.0,0.0,0.0,0.0,0.0,0.0,0.0,23.9,16.7,7.2,2.3,0.8,5.3,0.0,8.4,4.3,5.6,12.9
5765.0,972.0,251.0,1877.0,1853.0,104531.0,378.0,5718.0,3137.0,112.0,1303.0,1780.0,81.0,1955.0,3.39,5761.0,1628.0,0.0,318.0,899.0,305.0,106.0,,,,,,,,,689.0,81.0,40.0,52.0,125.0,5765.0,2485.0,5765.0,1663.0,822.0,1699.0,55.0,30.0,263.0,0.0,1699.0,241.0,689.0,209.0,1400000US06001436100,06,001,436100,1699.0,11.0,167.0,59.0,58.0,37.0,36.0,436100,16.9,4.4,32.6,32.1,3.6,6.6,4.6,95.4,43.3,28.3,0.0,5.5,15.6,5.3,1.8,0.0,0.0,0.0,0.0,0.0,0.0,0.0,43.1,28.8,14.3,3.2,1.8,15.5,0.0,20.5,14.2,30.3,21.7
4128.0,437.0,528.0,401.0,2631.0,72740.0,434.0,3983.0,2320.0,86.0,2161.0,1311.0,40.0,1969.0,3.1,3938.0,3525.0,22.0,900.0,1218.0,1165.0,10.0,,,,,,,,,1112.0,68.0,35.0,149.0,332.0,4128.0,1383.0,4128.0,574.0,809.0,1271.0,117.0,0.0,22.0,3.0,1271.0,114.0,1112.0,67.0,1400000US06001436200,06,001,436200,1271.0,90.0,22.0,4.0,32.0,14.0,41.0,436200,10.6,12.8,9.7,63.7,3.7,10.9,3.1,96.9,52.5,89.5,0.6,22.9,30.9,29.6,0.3,0.0,0.0,0.0,0.0,0.0,0.0,0.0,33.5,13.9,19.6,9.2,0.0,1.7,0.2,11.2,9.0,6.0,16.0
5255.0,325.0,565.0,1647.0,2413.0,149063.0,495.0,5173.0,2989.0,155.0,2320.0,1927.0,67.0,2002.0,2.79,5188.0,1959.0,266.0,105.0,1309.0,270.0,0.0,,,,,,,,,696.0,34.0,0.0,9.0,306.0,5255.0,2141.0,5255.0,1060.0,1081.0,1860.0,162.0,0.0,49.0,0.0,1860.0,285.0,696.0,85.0,1400000US06001436301,06,001,436301,1860.0,66.0,75.0,0.0,53.0,48.0,14.0,436301,6.2,10.8,31.3,45.9,5.2,9.6,3.5,96.5,50.1,37.8,5.1,2.0,25.2,5.2,0.0,0.0,0.0,0.0,0.0,0.0,0.0,0.0,40.7,20.2,20.6,8.7,0.0,2.6,0.0,11.3,15.3,12.2,13.8
3932.0,672.0,461.0,917.0,1793.0,90833.0,235.0,3864.0,2296.0,108.0,2359.0,1304.0,0.0,1980.0,2.97,3877.0,2367.0,139.0,664.0,1004.0,560.0,0.0,,,,,,,,,873.0,88.0,180.0,144.0,84.0,3932.0,1636.0,3932.0,1044.0,592.0,1304.0,37.0,0.0,37.0,0.0,1304.0,157.0,873.0,56.0,1400000US06001436302,06,001,436302,1304.0,64.0,0.0,0.0,0.0,56.0,35.0,436302,17.1,11.7,23.3,45.6,4.7,6.1,0.0,100.0,56.8,61.1,3.6,17.1,25.9,14.4,0.0,0.0,0.0,0.0,0.0,0.0,0.0,0.0,41.6,26.6,15.1,2.8,0.0,2.8,0.0,5.7,12.0,6.4,11.9
2688.0,1088.0,370.0,508.0,640.0,152917.0,47.0,2672.0,1312.0,107.0,2500.0,1001.0,51.0,1967.0,2.79,2653.0,147.0,24.0,24.0,53.0,8.0,21.0,,,,,,,,,68.0,0.0,22.0,8.0,0.0,2688.0,613.0,2688.0,471.0,142.0,950.0,16.0,17.0,12.0,0.0,950.0,35.0,68.0,0.0,1400000US06001436402,06,001,436402,950.0,0.0,0.0,0.0,0.0,0.0,0.0,436402,40.5,13.8,18.9,23.8,8.2,1.8,5.1,94.9,44.1,5.5,0.9,0.9,2.0,0.3,0.8,0.0,0.0,0.0,0.0,0.0,0.0,0.0,22.8,17.5,5.3,1.7,1.8,1.3,0.0,4.7,3.7,0.0,0.0
4519.0,1199.0,424.0,1044.0,1165.0,75179.0,921.0,4516.0,2614.0,228.0,1953.0,1689.0,82.0,1966.0,2.78,4463.0,2625.0,60.0,933.0,1048.0,572.0,12.0,,,,,,,,,989.0,84.0,158.0,48.0,363.0,4519.0,1313.0,4519.0,494.0,819.0,1607.0,0.0,0.0,93.0,0.0,1607.0,200.0,989.0,91.0,1400000US06001436403,06,001,436403,1607.0,133.0,20.0,141.0,10.0,64.0,25.0,436403,26.5,9.4,23.1,25.8,8.7,20.4,4.9,95.1,66.0,58.8,1.3,20.9,23.5,12.8,0.3,0.0,0.0,0.0,0.0,0.0,0.0,0.0,29.1,10.9,18.1,0.0,0.0,5.8,0.0,5.8,12.4,9.2,24.5
3232.0,1442.0,365.0,601.0,693.0,150903.0,52.0,3229.0,1990.0,49.0,2494.0,1258.0,72.0,1969.0,2.69,3186.0,498.0,0.0,235.0,103.0,160.0,0.0,,,,,,,,,164.0,12.0,0.0,0.0,35.0,3232.0,679.0,3232.0,485.0,194.0,1186.0,0.0,0.0,29.0,0.0,1186.0,8.0,164.0,0.0,1400000US06001436404,06,001,436404,1186.0,0.0,0.0,0.0,9.0,35.0,0.0,436404,44.6,11.3,18.6,21.4,2.5,1.6,5.7,94.3,28.7,15.6,0.0,7.4,3.2,5.0,0.0,0.0,0.0,0.0,0.0,0.0,0.0,0.0,21.0,15.0,6.0,0.0,0.0,2.4,0.0,2.4,0.7,0.0,3.7
5289.0,689.0,508.0,1208.0,2579.0,85319.0,660.0,5255.0,3036.0,205.0,2138.0,1893.0,128.0,1973.0,2.98,5253.0,3345.0,57.0,1102.0,1837.0,261.0,88.0,,,,,,,,,1109.0,74.0,88.0,145.0,285.0,5289.0,2026.0,5289.0,693.0,1333.0,1765.0,257.0,15.0,32.0,16.0,1765.0,213.0,1109.0,83.0,1400000US06001436500,06,001,436500,1765.0,56.0,19.0,53.0,11.0,56.0,90.0,436500,13.0,9.6,22.8,48.8,6.8,12.6,6.8,93.2,53.4,63.7,1.1,21.0,35.0,5.0,1.7,0.0,0.0,0.0,0.0,0.0,0.0,0.0,38.3,13.1,25.2,14.6,0.8,1.8,0.9,18.1,12.1,7.5,16.1
6634.0,717.0,704.0,1201.0,3818.0,77982.0,856.0,6605.0,3431.0,95.0,2147.0,2016.0,103.0,1959.0,3.44,6584.0,4251.0,105.0,1249.0,2134.0,659.0,90.0,,,,,,,,,1193.0,138.0,131.0,123.0,327.0,6634.0,2998.0,6634.0,1387.0,1611.0,1913.0,121.0,13.0,20.0,9.0,1913.0,427.0,1193.0,64.0,1400000US06001436601,06,001,436601,1913.0,131.0,25.0,0.0,101.0,97.0,73.0,436601,10.8,10.6,18.1,57.6,2.8,13.0,5.1,94.9,60.3,64.6,1.6,19.0,32.4,10.0,1.4,0.0,0.0,0.0,0.0,0.0,0.0,0.0,45.2,20.9,24.3,6.3,0.7,1.0,0.5,8.5,22.3,5.4,22.3
5255.0,345.0,324.0,1030.0,2801.0,92125.0,556.0,5195.0,2947.0,233.0,2033.0,1805.0,160.0,1977.0,3.18,5236.0,3664.0,195.0,683.0,2035.0,664.0,67.0,,,,,,,,,1238.0,102.0,88.0,102.0,271.0,5255.0,2462.0,5255.0,1191.0,1271.0,1645.0,211.0,42.0,88.0,0.0,1645.0,462.0,1238.0,132.0,1400000US06001436602,06,001,436602,1645.0,38.0,70.0,20.0,122.0,38.0,27.0,436602,6.6,6.2,19.6,53.3,7.9,10.7,8.9,91.1,45.5,70.0,3.7,13.0,38.9,12.7,1.3,0.0,0.0,0.0,0.0,0.0,0.0,0.0,46.9,22.7,24.2,12.8,2.6,5.3,0.0,20.7,28.1,10.7,19.1
3367.0,382.0,448.0,826.0,1603.0,100242.0,337.0,3367.0,1714.0,24.0,2617.0,1274.0,124.0,1969.0,2.9,3331.0,1358.0,151.0,242.0,932.0,33.0,0.0,,,,,,,,,466.0,26.0,27.0,25.0,114.0,3367.0,1131.0,3367.0,679.0,452.0,1150.0,48.0,10.0,11.0,0.0,1150.0,108.0,466.0,10.0,1400000US06001436700,06,001,436700,1150.0,29.0,107.0,0.0,40.0,83.0,10.0,436700,11.3,13.3,24.5,47.6,1.4,10.0,9.7,90.3,41.2,40.8,4.5,7.3,28.0,1.0,0.0,0.0,0.0,0.0,0.0,0.0,0.0,0.0,33.6,20.2,13.4,4.2,0.9,1.0,0.0,6.0,9.4,2.1,23.4
4196.0,457.0,249.0,1030.0,2072.0,103567.0,439.0,4196.0,2550.0,141.0,2468.0,1427.0,70.0,1967.0,3.08,4174.0,2179.0,347.0,281.0,1028.0,316.0,103.0,,,,,,,,,662.0,78.0,36.0,35.0,91.0,4196.0,1861.0,4196.0,893.0,968.0,1357.0,38.0,0.0,42.0,0.0,1357.0,179.0,662.0,87.0,1400000US06001436800,06,001,436800,1357.0,41.0,8.0,19.0,35.0,7.0,30.0,436800,10.9,5.9,24.5,49.4,5.5,10.5,4.9,95.1,36.3,52.2,8.3,6.7,24.6,7.6,2.5,0.0,0.0,0.0,0.0,0.0,0.0,0.0,44.4,21.3,23.1,2.8,0.0,3.1,0.0,5.9,13.2,13.1,10.3
6403.0,776.0,446.0,1192.0,3687.0,96719.0,758.0,6377.0,3280.0,103.0,2171.0,1925.0,60.0,1959.0,3.43,6398.0,3483.0,140.0,852.0,1906.0,493.0,0.0,,,,,,,,,974.0,53.0,31.0,49.0,404.0,6403.0,2554.0,6403.0,1070.0,1484.0,1865.0,297.0,9.0,75.0,0.0,1865.0,417.0,974.0,18.0,1400000US06001436900,06,001,436900,1865.0,16.0,41.0,17.0,123.0,93.0,70.0,436900,12.1,7.0,18.6,57.6,3.1,11.9,3.1,96.9,55.1,54.4,2.2,13.3,29.8,7.7,0.0,0.0,0.0,0.0,0.0,0.0,0.0,0.0,39.9,16.7,23.2,15.9,0.5,4.0,0.0,20.4,22.4,1.8,19.3
3471.0,750.0,201.0,1054.0,1310.0,115273.0,179.0,3455.0,1918.0,95.0,2686.0,1225.0,112.0,1961.0,3.05,3390.0,621.0,0.0,149.0,307.0,92.0,64.0,,,,,,,,,255.0,23.0,12.0,4.0,92.0,3471.0,1440.0,3471.0,1199.0,241.0,1113.0,21.0,28.0,27.0,0.0,1113.0,106.0,255.0,51.0,1400000US06001437000,06,001,437000,1113.0,11.0,8.0,44.0,6.0,26.0,37.0,437000,21.6,5.8,30.4,37.7,5.0,5.2,9.1,90.9,51.4,18.3,0.0,4.4,9.1,2.7,1.9,0.0,0.0,0.0,0.0,0.0,0.0,0.0,41.5,34.5,6.9,1.9,2.5,2.4,0.0,6.8,9.5,20.0,11.9
7960.0,817.0,499.0,3974.0,2184.0,140682.0,372.0,7960.0,4448.0,268.0,2805.0,2325.0,55.0,1988.0,3.49,7923.0,1197.0,132.0,318.0,747.0,0.0,0.0,,,,,,,,,276.0,0.0,0.0,34.0,51.0,7960.0,3619.0,7960.0,2755.0,864.0,2270.0,25.0,77.0,97.0,0.0,2270.0,227.0,276.0,0.0,1400000US06001437101,06,001,437101,2270.0,43.0,4.0,23.0,34.0,18.0,79.0,437101,10.3,6.3,49.9,27.4,6.0,4.7,2.4,97.6,30.8,15.1,1.7,4.0,9.4,0.0,0.0,0.0,0.0,0.0,0.0,0.0,0.0,0.0,45.5,34.6,10.9,1.1,3.4,4.3,0.0,8.8,10.0,0.0,8.9
4457.0,437.0,308.0,1554.0,1894.0,82443.0,459.0,4457.0,2310.0,174.0,2125.0,1562.0,53.0,1972.0,2.94,4444.0,1968.0,46.0,452.0,1153.0,124.0,165.0,,,,,,,,,679.0,63.0,22.0,67.0,164.0,4457.0,1814.0,4457.0,1073.0,741.0,1509.0,28.0,3.0,121.0,0.0,1509.0,287.0,679.0,156.0,1400000US06001437102,06,001,437102,1509.0,62.0,55.0,57.0,40.0,34.0,11.0,437102,9.8,6.9,34.9,42.5,7.5,10.3,3.4,96.6,46.5,44.3,1.0,10.2,25.9,2.8,3.7,0.0,0.0,0.0,0.0,0.0,0.0,0.0,40.7,24.1,16.6,1.9,0.2,8.0,0.0,10.1,19.0,23.0,17.2
8491.0,969.0,546.0,3363.0,2719.0,100946.0,1023.0,8337.0,4502.0,405.0,2447.0,2810.0,194.0,1982.0,3.16,8255.0,2498.0,750.0,929.0,808.0,0.0,0.0,,,,,,,,,873.0,118.0,17.0,118.0,188.0,8491.0,3689.0,8491.0,2557.0,1132.0,2616.0,107.0,29.0,139.0,0.0,2616.0,227.0,873.0,90.0,1400000US06001437200,06,001,437200,2616.0,54.0,66.0,52.0,16.0,200.0,107.0,437200,11.4,6.4,39.6,32.0,9.0,12.3,6.9,93.1,50.5,30.3,9.1,11.3,9.8,0.0,0.0,0.0,0.0,0.0,0.0,0.0,0.0,0.0,43.4,30.1,13.3,4.1,1.1,5.3,0.0,10.5,8.7,10.3,18.9
3135.0,403.0,383.0,1043.0,1051.0,59847.0,597.0,3119.0,1811.0,157.0,2055.0,1095.0,45.0,1957.0,2.96,3103.0,1548.0,114.0,316.0,742.0,376.0,0.0,,,,,,,,,553.0,35.0,52.0,18.0,186.0,3135.0,1313.0,3135.0,958.0,355.0,1050.0,48.0,9.0,43.0,0.0,1050.0,209.0,553.0,197.0,1400000US06001437300,06,001,437300,1050.0,21.0,206.0,35.0,27.0,54.0,16.0,437300,12.9,12.2,33.3,33.5,8.7,19.1,4.1,95.9,52.6,49.9,3.7,10.2,23.9,12.1,0.0,0.0,0.0,0.0,0.0,0.0,0.0,0.0,41.9,30.6,11.3,4.6,0.9,4.1,0.0,9.5,19.9,35.6,34.2
3733.0,570.0,140.0,849.0,1957.0,88750.0,373.0,3717.0,1936.0,185.0,2389.0,1064.0,0.0,1956.0,3.49,3716.0,578.0,0.0,254.0,127.0,168.0,29.0,,,,,,,,,135.0,8.0,10.0,5.0,72.0,3733.0,1484.0,3733.0,888.0,596.0,1064.0,81.0,20.0,46.0,0.0,1064.0,139.0,135.0,0.0,1400000US06001437400,06,001,437400,1064.0,21.0,25.0,0.0,39.0,6.0,6.0,437400,15.3,3.8,22.7,52.4,9.6,10.0,0.0,100.0,70.4,15.6,0.0,6.8,3.4,4.5,0.8,0.0,0.0,0.0,0.0,0.0,0.0,0.0,39.8,23.8,16.0,7.6,1.9,4.3,0.0,13.8,13.1,0.0,9.1
4172.0,461.0,246.0,591.0,2335.0,84531.0,762.0,4018.0,1860.0,64.0,2158.0,1184.0,18.0,1961.0,3.46,4037.0,3115.0,45.0,920.0,1359.0,671.0,29.0,,,,,,,,,883.0,49.0,62.0,46.0,297.0,4172.0,1838.0,4172.0,619.0,1219.0,1166.0,148.0,42.0,3.0,0.0,1166.0,260.0,883.0,130.0,1400000US06001437500,06,001,437500,1166.0,77.0,21.0,28.0,37.0,30.0,74.0,437500,11.0,5.9,14.2,56.0,3.4,19.0,1.5,98.5,51.4,77.2,1.1,22.8,33.7,16.6,0.7,0.0,0.0,0.0,0.0,0.0,0.0,0.0,44.1,14.8,29.2,12.7,3.6,0.3,0.0,16.6,22.3,14.7,22.9
3455.0,396.0,327.0,1365.0,1080.0,112742.0,305.0,3261.0,1738.0,88.0,2312.0,926.0,24.0,1958.0,3.6,3250.0,1506.0,32.0,494.0,886.0,37.0,57.0,,,,,,,,,424.0,60.0,44.0,52.0,57.0,3455.0,1765.0,3455.0,885.0,880.0,902.0,35.0,29.0,123.0,0.0,902.0,173.0,424.0,80.0,1400000US06001437600,06,001,437600,902.0,51.0,44.0,0.0,17.0,28.0,14.0,437600,11.5,9.5,39.5,31.3,5.1,9.4,2.6,97.4,50.2,46.3,1.0,15.2,27.3,1.1,1.8,0.0,0.0,0.0,0.0,0.0,0.0,0.0,51.1,25.6,25.5,3.9,3.2,13.6,0.0,20.7,19.2,18.9,17.1
3597.0,358.0,562.0,742.0,1786.0,69592.0,341.0,3597.0,1835.0,61.0,2086.0,1157.0,138.0,1972.0,3.47,3536.0,2727.0,37.0,630.0,1566.0,367.0,127.0,,,,,,,,,762.0,26.0,155.0,168.0,134.0,3597.0,1534.0,3597.0,691.0,843.0,1019.0,97.0,0.0,11.0,0.0,1019.0,270.0,762.0,34.0,1400000US06001437701,06,001,437701,1019.0,54.0,21.0,39.0,0.0,27.0,44.0,437701,10.0,15.6,20.6,49.7,3.3,9.5,11.9,88.1,63.4,77.1,1.0,17.8,44.3,10.4,3.6,0.0,0.0,0.0,0.0,0.0,0.0,0.0,42.6,19.2,23.4,9.5,0.0,1.1,0.0,10.6,26.5,4.5,18.2
3880.0,215.0,74.0,114.0,3298.0,82034.0,499.0,3880.0,2406.0,73.0,2199.0,1098.0,72.0,1967.0,3.78,3880.0,3673.0,15.0,792.0,1749.0,1017.0,100.0,,,,,,,,,958.0,77.0,112.0,72.0,223.0,3880.0,2106.0,3880.0,577.0,1529.0,1026.0,213.0,4.0,29.0,0.0,1026.0,219.0,958.0,22.0,1400000US06001437702,06,001,437702,1026.0,62.0,31.0,7.0,17.0,13.0,36.0,437702,5.5,1.9,2.9,85.0,3.0,12.9,6.6,93.4,50.5,94.7,0.4,20.4,45.1,26.2,2.6,0.0,0.0,0.0,0.0,0.0,0.0,0.0,54.3,14.9,39.4,20.8,0.4,2.8,0.0,24.0,21.3,2.3,16.2
4940.0,758.0,380.0,1462.0,1832.0,145962.0,402.0,4872.0,3016.0,237.0,2565.0,1390.0,44.0,1959.0,3.66,4927.0,1555.0,59.0,327.0,764.0,119.0,0.0,,,,,,,,,392.0,25.0,0.0,32.0,78.0,4940.0,1713.0,4940.0,1029.0,684.0,1346.0,84.0,0.0,44.0,0.0,1346.0,117.0,392.0,6.0,1400000US06001437800,06,001,437800,1346.0,35.0,0.0,19.0,27.0,18.0,37.0,437800,15.3,7.7,29.6,37.1,7.9,8.3,3.2,96.8,34.4,31.6,1.2,6.6,15.5,2.4,0.0,0.0,0.0,0.0,0.0,0.0,0.0,0.0,34.7,20.8,13.8,6.2,0.0,3.3,0.0,9.5,8.7,1.5,10.1
2032.0,240.0,230.0,485.0,832.0,88700.0,244.0,2032.0,1092.0,77.0,2191.0,698.0,28.0,1970.0,3.02,2025.0,1228.0,96.0,195.0,681.0,157.0,0.0,,,,,,,,,458.0,44.0,6.0,20.0,143.0,2032.0,552.0,2032.0,279.0,273.0,670.0,18.0,21.0,15.0,0.0,670.0,218.0,458.0,53.0,1400000US06001437900,06,001,437900,670.0,30.0,12.0,0.0,33.0,26.0,29.0,437900,11.8,11.3,23.9,40.9,7.1,12.0,4.0,96.0,46.5,60.6,4.7,9.6,33.6,7.8,0.0,0.0,0.0,0.0,0.0,0.0,0.0,0.0,27.2,13.7,13.4,2.7,3.1,2.2,0.0,8.1,32.5,11.6,19.4
3645.0,839.0,418.0,1338.0,829.0,110481.0,131.0,3643.0,2033.0,91.0,2728.0,1157.0,10.0,1958.0,3.14,3596.0,1226.0,136.0,317.0,587.0,144.0,42.0,,,,,,,,,378.0,152.0,25.0,16.0,59.0,3645.0,1199.0,3645.0,759.0,440.0,1147.0,0.0,38.0,53.0,0.0,1147.0,182.0,378.0,30.0,1400000US06001438000,06,001,438000,1147.0,45.0,13.0,0.0,36.0,36.0,0.0,438000,23.0,11.5,36.7,22.7,4.5,3.6,0.9,99.1,66.7,34.1,3.8,8.8,16.3,4.0,1.2,0.0,0.0,0.0,0.0,0.0,0.0,0.0,32.9,20.8,12.1,0.0,3.3,4.6,0.0,7.9,15.9,7.9,11.3
7953.0,977.0,502.0,3203.0,2933.0,154318.0,518.0,7953.0,4563.0,144.0,3171.0,2301.0,39.0,1960.0,3.49,7893.0,1890.0,0.0,364.0,1259.0,267.0,0.0,,,,,,,,,480.0,35.0,34.0,25.0,115.0,7953.0,3542.0,7953.0,2554.0,988.0,2262.0,48.0,17.0,219.0,0.0,2262.0,254.0,480.0,0.0,1400000US06001438100,06,001,438100,2262.0,26.0,0.0,0.0,55.0,28.0,58.0,438100,12.3,6.3,40.3,36.9,3.2,6.5,1.7,98.3,43.5,23.9,0.0,4.6,16.0,3.4,0.0,0.0,0.0,0.0,0.0,0.0,0.0,0.0,44.5,32.1,12.4,2.1,0.8,9.7,0.0,12.6,11.2,0.0,7.4
4895.0,360.0,275.0,1061.0,2732.0,105504.0,459.0,4877.0,2492.0,154.0,2464.0,1211.0,6.0,1961.0,4.04,4869.0,871.0,0.0,149.0,512.0,112.0,0.0,,,,,,,,,206.0,15.0,0.0,22.0,43.0,4895.0,1927.0,4895.0,1226.0,701.0,1205.0,50.0,0.0,160.0,0.0,1205.0,222.0,206.0,20.0,1400000US06001438201,06,001,438201,1205.0,60.0,25.0,0.0,62.0,14.0,70.0,438201,7.4,5.6,21.7,55.8,6.2,9.4,0.5,99.5,38.8,17.9,0.0,3.1,10.5,2.3,0.0,0.0,0.0,0.0,0.0,0.0,0.0,0.0,39.4,25.0,14.3,4.1,0.0,13.3,0.0,17.4,18.4,9.7,19.2
4091.0,1012.0,148.0,1810.0,860.0,128568.0,132.0,4079.0,2342.0,169.0,2832.0,1239.0,32.0,1979.0,3.31,3998.0,1023.0,0.0,305.0,391.0,302.0,7.0,,,,,,,,,262.0,48.0,11.0,0.0,0.0,4091.0,1743.0,4091.0,1255.0,488.0,1207.0,8.0,0.0,157.0,0.0,1207.0,73.0,262.0,63.0,1400000US06001438203,06,001,438203,1207.0,25.0,0.0,76.0,76.0,27.0,17.0,438203,24.7,3.6,44.2,21.0,7.2,3.2,2.6,97.4,22.5,25.6,0.0,7.6,9.8,7.6,0.2,0.0,0.0,0.0,0.0,0.0,0.0,0.0,42.6,30.7,11.9,0.7,0.0,13.0,0.0,13.7,6.0,24.0,18.3
6371.0,604.0,257.0,2544.0,2277.0,98194.0,230.0,6353.0,3458.0,248.0,2426.0,2048.0,61.0,1978.0,3.17,6292.0,1267.0,93.0,116.0,757.0,284.0,17.0,,,,,,,,,319.0,18.0,26.0,48.0,59.0,6371.0,3544.0,6371.0,2459.0,1085.0,1987.0,65.0,32.0,157.0,0.0,1987.0,244.0,319.0,5.0,1400000US06001438204,06,001,438204,1987.0,36.0,27.0,24.0,23.0,70.0,18.0,438204,9.5,4.0,39.9,35.7,7.2,3.6,3.0,97.0,47.3,20.1,1.5,1.8,12.0,4.5,0.3,0.0,0.0,0.0,0.0,0.0,0.0,0.0,55.6,38.6,17.0,3.3,1.6,7.9,0.0,12.8,12.3,1.6,10.0
3899.0,232.0,252.0,1830.0,1455.0,120469.0,182.0,3899.0,1997.0,132.0,3013.0,898.0,36.0,1956.0,4.42,3808.0,531.0,26.0,122.0,280.0,18.0,62.0,,,,,,,,,111.0,0.0,0.0,16.0,23.0,3899.0,1379.0,3899.0,965.0,414.0,862.0,26.0,0.0,32.0,0.0,862.0,64.0,111.0,0.0,1400000US06001438300,06,001,438300,862.0,5.0,0.0,15.0,17.0,18.0,41.0,438300,6.0,6.5,46.9,37.3,6.6,4.7,4.0,96.0,35.1,13.9,0.7,3.2,7.4,0.5,1.6,0.0,0.0,0.0,0.0,0.0,0.0,0.0,35.4,24.7,10.6,3.0,0.0,3.7,0.0,6.7,7.4,0.0,11.1
2671.0,417.0,290.0,1226.0,644.0,98625.0,91.0,2671.0,1462.0,86.0,2692.0,743.0,0.0,1967.0,3.57,2651.0,563.0,27.0,85.0,451.0,0.0,0.0,,,,,,,,,141.0,19.0,0.0,19.0,14.0,2671.0,1324.0,2671.0,773.0,551.0,743.0,7.0,0.0,81.0,0.0,743.0,108.0,141.0,5.0,1400000US06001438400,06,001,438400,743.0,9.0,7.0,36.0,11.0,7.0,4.0,438400,15.6,10.9,45.9,24.1,5.9,3.4,0.0,100.0,36.9,21.2,1.0,3.2,17.0,0.0,0.0,0.0,0.0,0.0,0.0,0.0,0.0,0.0,49.6,28.9,20.6,0.9,0.0,10.9,0.0,11.8,14.5,3.5,10.0
2661.0,1077.0,138.0,653.0,550.0,104271.0,95.0,2582.0,1162.0,60.0,2768.0,1103.0,90.0,1980.0,2.55,2582.0,958.0,127.0,289.0,511.0,31.0,0.0,,,,,,,,,445.0,6.0,15.0,44.0,162.0,2661.0,789.0,2661.0,590.0,199.0,1013.0,24.0,6.0,41.0,0.0,1013.0,42.0,445.0,110.0,1400000US06001440100,06,001,440100,1013.0,43.0,21.0,12.0,20.0,21.0,24.0,440100,40.5,5.2,24.5,20.7,5.2,3.7,8.2,91.8,51.0,37.1,4.9,11.2,19.8,1.2,0.0,0.0,0.0,0.0,0.0,0.0,0.0,0.0,29.7,22.2,7.5,2.4,0.6,4.0,0.0,7.0,4.1,24.7,13.9
5641.0,148.0,26.0,1343.0,3971.0,114653.0,355.0,5568.0,2832.0,41.0,2308.0,1502.0,63.0,1965.0,3.89,5603.0,3049.0,167.0,587.0,1506.0,520.0,125.0,,,,,,,,,723.0,51.0,81.0,76.0,54.0,5641.0,2415.0,5641.0,1348.0,1067.0,1439.0,131.0,0.0,141.0,0.0,1439.0,329.0,723.0,14.0,1400000US06001440200,06,001,440200,1439.0,0.0,51.0,14.0,25.0,17.0,23.0,440200,2.6,0.5,23.8,70.4,1.4,6.4,4.2,95.8,36.2,54.4,3.0,10.5,26.9,9.3,2.2,0.0,0.0,0.0,0.0,0.0,0.0,0.0,42.8,23.9,18.9,9.1,0.0,9.8,0.0,18.9,22.9,1.9,9.0
7074.0,2028.0,406.0,1811.0,2378.0,122093.0,330.0,7029.0,3924.0,219.0,2091.0,2153.0,57.0,1975.0,3.31,6938.0,1649.0,125.0,198.0,824.0,502.0,0.0,,,,,,,,,514.0,23.0,15.0,103.0,105.0,7074.0,2220.0,7074.0,1621.0,599.0,2096.0,44.0,0.0,135.0,0.0,2096.0,353.0,514.0,131.0,1400000US06001440301,06,001,440301,2096.0,39.0,32.0,66.0,21.0,0.0,17.0,440301,28.7,5.7,25.6,33.6,5.6,4.7,2.6,97.4,47.9,23.8,1.8,2.9,11.9,7.2,0.0,0.0,0.0,0.0,0.0,0.0,0.0,0.0,31.4,22.9,8.5,2.1,0.0,6.4,0.0,8.5,16.8,25.5,8.3
4662.0,482.0,370.0,3090.0,567.0,135392.0,202.0,4652.0,2423.0,11.0,2407.0,1414.0,64.0,1976.0,3.42,4613.0,1255.0,77.0,135.0,681.0,218.0,129.0,,,,,,,,,360.0,100.0,21.0,23.0,33.0,4662.0,2472.0,4662.0,1754.0,718.0,1350.0,18.0,8.0,103.0,56.0,1350.0,131.0,360.0,42.0,1400000US06001440304,06,001,440304,1350.0,19.0,45.0,11.0,18.0,26.0,23.0,440304,10.3,7.9,66.3,12.2,0.5,4.3,4.5,95.5,49.2,27.2,1.7,2.9,14.8,4.7,2.8,0.0,0.0,0.0,0.0,0.0,0.0,0.0,53.0,37.6,15.4,1.3,0.6,7.6,4.1,13.7,9.7,11.7,10.5
4064.0,859.0,52.0,2430.0,551.0,156528.0,132.0,4064.0,1962.0,72.0,3279.0,1020.0,7.0,,3.85,3903.0,469.0,0.0,68.0,386.0,4.0,11.0,,,,,,,,,105.0,0.0,0.0,16.0,43.0,4064.0,1908.0,4064.0,1466.0,442.0,1013.0,0.0,0.0,59.0,0.0,1013.0,56.0,105.0,0.0,1400000US06001440305,06,001,440305,1013.0,5.0,8.0,0.0,4.0,10.0,42.0,440305,21.1,1.3,59.8,13.6,3.7,3.2,0.7,99.3,56.2,12.0,0.0,1.7,9.9,0.1,0.3,0.0,0.0,0.0,0.0,0.0,0.0,0.0,46.9,36.1,10.9,0.0,0.0,5.8,0.0,5.8,5.5,0.0,6.8
3787.0,346.0,223.0,2495.0,417.0,108155.0,283.0,3787.0,2163.0,115.0,2875.0,1063.0,48.0,,3.66,3716.0,1484.0,23.0,202.0,1106.0,122.0,31.0,,,,,,,,,286.0,10.0,0.0,40.0,68.0,3787.0,1659.0,3787.0,1139.0,520.0,1015.0,62.0,0.0,41.0,0.0,1015.0,107.0,286.0,5.0,1400000US06001440306,06,001,440306,1015.0,0.0,0.0,19.0,0.0,6.0,21.0,440306,9.1,5.9,65.9,11.0,5.3,7.5,4.5,95.5,41.3,39.9,0.6,5.4,29.8,3.3,0.8,0.0,0.0,0.0,0.0,0.0,0.0,0.0,43.8,30.1,13.7,6.1,0.0,4.0,0.0,10.1,10.5,1.7,4.5
4481.0,611.0,259.0,2368.0,960.0,117938.0,301.0,4474.0,2337.0,65.0,2204.0,1543.0,48.0,1977.0,2.93,4374.0,1464.0,21.0,217.0,1066.0,160.0,0.0,,,,,,,,,491.0,0.0,30.0,69.0,11.0,4481.0,2229.0,4481.0,1427.0,802.0,1495.0,32.0,0.0,145.0,0.0,1495.0,150.0,491.0,10.0,1400000US06001440307,06,001,440307,1495.0,64.0,6.0,76.0,53.0,46.0,9.0,440307,13.6,5.8,52.8,21.4,2.8,6.7,3.1,96.9,22.4,33.5,0.5,5.0,24.4,3.7,0.0,0.0,0.0,0.0,0.0,0.0,0.0,0.0,49.7,31.8,17.9,2.1,0.0,9.7,0.0,11.8,10.0,2.0,17.0
6011.0,767.0,247.0,3070.0,1561.0,108403.0,745.0,5990.0,3312.0,147.0,2301.0,2069.0,133.0,1978.0,3.02,5855.0,2702.0,292.0,670.0,1131.0,527.0,64.0,,,,,,,,,1067.0,10.0,154.0,69.0,205.0,6011.0,2860.0,6011.0,1795.0,1065.0,1936.0,30.0,79.0,277.0,0.0,1936.0,317.0,1067.0,350.0,1400000US06001440308,06,001,440308,1936.0,205.0,72.0,34.0,44.0,0.0,14.0,440308,12.8,4.1,51.1,26.0,4.4,12.4,6.4,93.6,41.0,46.1,5.0,11.4,19.3,9.0,1.1,0.0,0.0,0.0,0.0,0.0,0.0,0.0,47.6,29.9,17.7,1.5,4.1,14.3,0.0,19.9,16.4,32.8,19.1
3276.0,378.0,124.0,1962.0,520.0,128929.0,285.0,3272.0,1990.0,62.0,2399.0,992.0,66.0,1980.0,3.53,3270.0,1403.0,8.0,499.0,619.0,173.0,32.0,,,,,,,,,411.0,32.0,31.0,36.0,60.0,3276.0,1504.0,3276.0,969.0,535.0,926.0,16.0,53.0,88.0,0.0,926.0,103.0,411.0,21.0,1400000US06001440331,06,001,440331,926.0,31.0,6.0,0.0,6.0,5.0,5.0,440331,11.5,3.8,59.9,15.9,3.1,8.7,6.7,93.3,38.7,42.9,0.2,15.3,18.9,5.3,1.0,0.0,0.0,0.0,0.0,0.0,0.0,0.0,45.9,29.6,16.3,1.7,5.7,9.5,0.0,17.0,11.1,5.1,5.7
3203.0,258.0,50.0,2494.0,271.0,184620.0,170.0,3203.0,1686.0,48.0,3501.0,903.0,6.0,,3.57,3203.0,415.0,0.0,192.0,197.0,16.0,10.0,,,,,,,,,97.0,3.0,16.0,8.0,18.0,3203.0,1676.0,3203.0,1303.0,373.0,897.0,0.0,0.0,58.0,5.0,897.0,23.0,97.0,5.0,1400000US06001440332,06,001,440332,897.0,31.0,0.0,13.0,0.0,0.0,23.0,440332,8.1,1.6,77.9,8.5,2.8,5.3,0.7,99.3,46.4,13.0,0.0,6.0,6.2,0.5,0.3,0.0,0.0,0.0,0.0,0.0,0.0,0.0,52.3,40.7,11.6,0.0,0.0,6.5,0.6,7.0,2.6,5.2,7.5
2732.0,194.0,22.0,2239.0,146.0,113313.0,185.0,2723.0,1549.0,121.0,2713.0,893.0,16.0,1988.0,3.09,2709.0,723.0,17.0,238.0,207.0,221.0,40.0,,,,,,,,,179.0,16.0,13.0,28.0,17.0,2732.0,1423.0,2732.0,1206.0,217.0,877.0,0.0,0.0,164.0,0.0,877.0,36.0,179.0,7.0,1400000US06001440333,06,001,440333,877.0,84.0,20.0,15.0,0.0,0.0,0.0,440333,7.1,0.8,82.0,5.3,7.8,6.8,1.8,98.2,41.3,26.7,0.6,8.8,7.6,8.2,1.5,0.0,0.0,0.0,0.0,0.0,0.0,0.0,52.1,44.1,7.9,0.0,0.0,18.7,0.0,18.7,4.1,3.9,13.6
4041.0,430.0,233.0,2753.0,514.0,146523.0,269.0,4041.0,2188.0,57.0,3115.0,1039.0,0.0,1972.0,3.77,3917.0,764.0,42.0,39.0,637.0,46.0,0.0,,,,,,,,,133.0,11.0,0.0,4.0,18.0,4041.0,2433.0,4041.0,1699.0,734.0,1039.0,0.0,13.0,44.0,0.0,1039.0,102.0,133.0,3.0,1400000US06001440334,06,001,440334,1039.0,29.0,0.0,0.0,0.0,25.0,35.0,440334,10.6,5.8,68.1,12.7,2.6,6.7,0.0,100.0,24.8,19.5,1.1,1.0,16.3,1.2,0.0,0.0,0.0,0.0,0.0,0.0,0.0,0.0,60.2,42.0,18.2,0.0,1.3,4.2,0.0,5.5,9.8,2.3,8.6
4248.0,624.0,534.0,2162.0,432.0,155625.0,204.0,4244.0,2492.0,135.0,2957.0,1425.0,120.0,1974.0,3.18,4153.0,1951.0,222.0,476.0,1144.0,109.0,0.0,,,,,,,,,562.0,48.0,23.0,6.0,72.0,4248.0,1826.0,4248.0,1254.0,572.0,1305.0,0.0,6.0,179.0,0.0,1305.0,73.0,562.0,41.0,1400000US06001440336,06,001,440336,1305.0,29.0,8.0,50.0,8.0,0.0,8.0,440336,14.7,12.6,50.9,10.2,5.4,4.8,8.4,91.6,26.5,47.0,5.3,11.5,27.5,2.6,0.0,0.0,0.0,0.0,0.0,0.0,0.0,0.0,43.0,29.5,13.5,0.0,0.5,13.7,0.0,14.2,5.6,7.3,7.9
2852.0,157.0,140.0,2226.0,259.0,250001.0,94.0,2852.0,1876.0,143.0,3501.0,734.0,0.0,2000.0,3.89,2852.0,702.0,0.0,145.0,365.0,192.0,0.0,,,,,,,,,151.0,0.0,0.0,8.0,0.0,2852.0,1775.0,2852.0,1428.0,347.0,734.0,0.0,0.0,25.0,0.0,734.0,66.0,151.0,0.0,1400000US06001440337,06,001,440337,734.0,0.0,0.0,0.0,9.0,0.0,14.0,440337,5.5,4.9,78.1,9.1,7.6,3.3,0.0,100.0,5.3,24.6,0.0,5.1,12.8,6.7,0.0,0.0,0.0,0.0,0.0,0.0,0.0,0.0,62.2,50.1,12.2,0.0,0.0,3.4,0.0,3.4,9.0,0.0,3.1
4095.0,913.0,20.0,2650.0,386.0,144850.0,693.0,4059.0,2505.0,234.0,2703.0,1689.0,32.0,2004.0,2.47,4095.0,2742.0,399.0,1277.0,1028.0,38.0,0.0,,,,,,,,,1130.0,135.0,171.0,42.0,152.0,4095.0,2173.0,4095.0,869.0,1304.0,1657.0,0.0,32.0,50.0,0.0,1657.0,109.0,1130.0,89.0,1400000US06001440338,06,001,440338,1657.0,27.0,14.0,0.0,122.0,0.0,0.0,440338,22.3,0.5,64.7,9.4,9.3,17.1,1.9,98.1,44.2,67.0,9.7,31.2,25.1,0.9,0.0,0.0,0.0,0.0,0.0,0.0,0.0,0.0,53.1,21.2,31.8,0.0,1.9,3.0,0.0,4.9,6.6,7.9,9.8
4632.0,2042.0,2.0,1586.0,739.0,154432.0,403.0,4540.0,2400.0,197.0,2524.0,1842.0,31.0,1974.0,2.51,4540.0,972.0,85.0,30.0,645.0,179.0,0.0,,,,,,,,,383.0,7.0,3.0,39.0,149.0,4632.0,1338.0,4632.0,1000.0,338.0,1811.0,8.0,0.0,76.0,0.0,1811.0,157.0,383.0,67.0,1400000US06001441100,06,001,441100,1811.0,122.0,91.0,45.0,38.0,32.0,20.0,441100,44.1,0.0,34.2,16.0,8.2,8.9,1.7,98.3,51.7,21.4,1.9,0.7,14.2,3.9,0.0,0.0,0.0,0.0,0.0,0.0,0.0,0.0,28.9,21.6,7.3,0.4,0.0,4.2,0.0,4.6,8.7,17.5,19.2
7354.0,2346.0,191.0,3390.0,900.0,158446.0,342.0,7354.0,3839.0,202.0,2814.0,2620.0,28.0,1977.0,2.81,7272.0,2384.0,631.0,957.0,595.0,185.0,16.0,,,,,,,,,930.0,84.0,38.0,49.0,300.0,7354.0,2735.0,7354.0,1998.0,737.0,2592.0,0.0,15.0,44.0,0.0,2592.0,94.0,930.0,23.0,1400000US06001441200,06,001,441200,2592.0,12.0,98.0,7.0,0.0,50.0,15.0,441200,31.9,2.6,46.1,12.2,5.3,4.7,1.1,98.9,50.6,32.8,8.7,13.2,8.2,2.5,0.2,0.0,0.0,0.0,0.0,0.0,0.0,0.0,37.2,27.2,10.0,0.0,0.6,1.7,0.0,2.3,3.6,2.5,7.0
3330.0,663.0,363.0,1742.0,246.0,160714.0,219.0,3330.0,1944.0,68.0,2960.0,1295.0,75.0,1982.0,2.72,3322.0,1546.0,111.0,659.0,706.0,44.0,26.0,,,,,,,,,661.0,25.0,27.0,29.0,51.0,3330.0,1381.0,3330.0,806.0,575.0,1220.0,0.0,0.0,122.0,0.0,1220.0,100.0,661.0,43.0,1400000US06001441301,06,001,441301,1220.0,77.0,12.0,11.0,26.0,0.0,11.0,441301,19.9,10.9,52.3,7.4,3.5,6.6,5.8,94.2,20.0,46.5,3.3,19.8,21.3,1.3,0.8,0.0,0.0,0.0,0.0,0.0,0.0,0.0,41.5,24.2,17.3,0.0,0.0,10.0,0.0,10.0,8.2,6.5,11.2
5828.0,918.0,158.0,3631.0,662.0,208590.0,308.0,5828.0,3138.0,125.0,2688.0,1927.0,51.0,1975.0,3.08,5773.0,1617.0,66.0,729.0,760.0,49.0,0.0,,,,,,,,,522.0,59.0,0.0,22.0,57.0,5828.0,2969.0,5828.0,1587.0,1382.0,1876.0,9.0,6.0,89.0,15.0,1876.0,45.0,522.0,73.0,1400000US06001441302,06,001,441302,1876.0,59.0,8.0,39.0,9.0,44.0,6.0,441302,15.8,2.7,62.3,11.4,4.0,5.3,2.6,97.4,26.4,28.0,1.1,12.6,13.2,0.8,0.0,0.0,0.0,0.0,0.0,0.0,0.0,0.0,50.9,27.2,23.7,0.5,0.3,4.7,0.8,6.3,2.4,14.0,8.8
7549.0,1326.0,87.0,4931.0,742.0,172083.0,423.0,7549.0,4093.0,158.0,2789.0,2421.0,54.0,1977.0,3.17,7508.0,3272.0,275.0,1082.0,1516.0,264.0,0.0,,,,,,,,,1004.0,196.0,0.0,11.0,263.0,7549.0,3634.0,7549.0,1924.0,1710.0,2367.0,0.0,23.0,241.0,0.0,2367.0,55.0,1004.0,15.0,1400000US06001441401,06,001,441401,2367.0,0.0,0.0,57.0,7.0,88.0,35.0,441401,17.6,1.2,65.3,9.8,3.9,5.6,2.2,97.8,46.8,43.6,3.7,14.4,20.2,3.5,0.0,0.0,0.0,0.0,0.0,0.0,0.0,0.0,48.1,25.5,22.7,0.0,1.0,10.2,0.0,11.2,2.3,1.5,7.9
5344.0,944.0,68.0,3508.0,383.0,180938.0,164.0,5344.0,2831.0,173.0,3088.0,1822.0,26.0,1979.0,2.95,5305.0,1241.0,58.0,362.0,621.0,171.0,9.0,,,,,,,,,429.0,27.0,28.0,10.0,77.0,5344.0,2499.0,5344.0,1576.0,923.0,1796.0,6.0,37.0,123.0,12.0,1796.0,72.0,429.0,19.0,1400000US06001441402,06,001,441402,1796.0,9.0,0.0,30.0,21.0,18.0,8.0,441402,17.7,1.3,65.6,7.2,6.1,3.1,1.4,98.6,33.1,23.4,1.1,6.8,11.7,3.2,0.2,0.0,0.0,0.0,0.0,0.0,0.0,0.0,46.8,29.5,17.3,0.3,2.1,6.8,0.7,9.9,4.0,4.4,4.8
5723.0,472.0,287.0,4453.0,287.0,184967.0,191.0,5688.0,2957.0,164.0,3155.0,1716.0,53.0,,3.43,5696.0,712.0,27.0,237.0,220.0,171.0,0.0,,,,,,,,,206.0,7.0,6.0,32.0,64.0,5723.0,3220.0,5723.0,2449.0,771.0,1663.0,0.0,0.0,115.0,0.0,1663.0,126.0,206.0,0.0,1400000US06001441501,06,001,441501,1663.0,28.0,0.0,9.0,42.0,31.0,29.0,441501,8.2,5.0,77.8,5.0,5.5,3.4,3.1,96.9,52.9,12.5,0.5,4.2,3.9,3.0,0.0,0.0,0.0,0.0,0.0,0.0,0.0,0.0,56.3,42.8,13.5,0.0,0.0,6.9,0.0,6.9,7.6,0.0,8.4
7416.0,538.0,18.0,6267.0,320.0,221094.0,306.0,7416.0,3855.0,276.0,3358.0,2483.0,215.0,2007.0,3.27,7416.0,1320.0,92.0,626.0,549.0,53.0,0.0,,,,,,,,,424.0,0.0,5.0,8.0,48.0,7416.0,4012.0,7416.0,2601.0,1411.0,2268.0,0.0,32.0,197.0,0.0,2268.0,77.0,424.0,8.0,1400000US06001441503,06,001,441503,2268.0,32.0,101.0,22.0,2.0,0.0,0.0,441503,7.3,0.2,84.5,4.3,7.2,4.1,8.7,91.3,14.4,17.8,1.2,8.4,7.4,0.7,0.0,0.0,0.0,0.0,0.0,0.0,0.0,0.0,54.1,35.1,19.0,0.0,1.4,8.7,0.0,10.1,3.4,1.9,6.9
6016.0,687.0,15.0,4339.0,332.0,229318.0,390.0,5967.0,3079.0,126.0,3501.0,1856.0,24.0,1983.0,3.27,5998.0,1482.0,34.0,217.0,897.0,214.0,33.0,,,,,,,,,418.0,8.0,0.0,20.0,148.0,6016.0,3141.0,6016.0,2317.0,824.0,1832.0,0.0,11.0,161.0,5.0,1832.0,166.0,418.0,10.0,1400000US06001441521,06,001,441521,1832.0,29.0,17.0,10.0,25.0,40.0,36.0,441521,11.4,0.2,72.1,5.5,4.1,6.5,1.3,98.7,42.1,24.7,0.6,3.6,15.0,3.6,0.6,0.0,0.0,0.0,0.0,0.0,0.0,0.0,52.2,38.5,13.7,0.0,0.6,8.8,0.3,9.7,9.1,2.4,8.6
5275.0,956.0,138.0,3663.0,364.0,178182.0,229.0,5275.0,2696.0,46.0,2980.0,1486.0,20.0,1975.0,3.57,5233.0,1006.0,0.0,348.0,401.0,116.0,108.0,,,,,,,,,252.0,8.0,0.0,22.0,25.0,5275.0,2105.0,5275.0,1564.0,541.0,1466.0,35.0,38.0,145.0,0.0,1466.0,77.0,252.0,33.0,1400000US06001441522,06,001,441522,1466.0,25.0,42.0,0.0,43.0,10.0,31.0,441522,18.1,2.6,69.4,6.9,1.7,4.3,1.3,98.7,21.8,19.2,0.0,6.7,7.7,2.2,2.1,0.0,0.0,0.0,0.0,0.0,0.0,0.0,39.9,29.6,10.3,2.4,2.6,9.9,0.0,14.9,5.3,13.1,10.3
4264.0,486.0,179.0,3197.0,280.0,178417.0,122.0,4264.0,2402.0,73.0,3117.0,1417.0,0.0,1983.0,3.01,4264.0,2992.0,382.0,985.0,1501.0,63.0,43.0,,,,,,,,,912.0,59.0,30.0,11.0,16.0,4264.0,2495.0,4264.0,875.0,1620.0,1417.0,9.0,0.0,86.0,20.0,1417.0,32.0,912.0,7.0,1400000US06001441523,06,001,441523,1417.0,9.0,0.0,16.0,0.0,0.0,0.0,441523,11.4,4.2,75.0,6.6,3.0,2.9,0.0,100.0,12.7,70.2,9.0,23.1,35.2,1.5,1.0,0.0,0.0,0.0,0.0,0.0,0.0,0.0,58.5,20.5,38.0,0.6,0.0,6.1,1.4,8.1,2.3,0.8,1.8
4111.0,215.0,15.0,3760.0,41.0,247656.0,48.0,4111.0,2207.0,45.0,3200.0,1335.0,88.0,1987.0,3.3,4111.0,1262.0,144.0,420.0,681.0,8.0,0.0,,,,,,,,,433.0,25.0,8.0,64.0,46.0,4111.0,2448.0,4111.0,1285.0,1163.0,1247.0,0.0,0.0,79.0,0.0,1247.0,17.0,433.0,37.0,1400000US06001441524,06,001,441524,1247.0,0.0,23.0,7.0,7.0,8.0,7.0,441524,5.2,0.4,91.5,1.0,2.0,1.2,6.6,93.4,33.0,30.7,3.5,10.2,16.6,0.2,0.0,0.0,0.0,0.0,0.0,0.0,0.0,0.0,59.5,31.3,28.3,0.0,0.0,6.3,0.0,6.3,1.4,8.5,4.2
1603.0,110.0,56.0,1136.0,181.0,186354.0,102.0,1599.0,827.0,18.0,3136.0,755.0,168.0,2014.0,2.61,1533.0,1001.0,143.0,626.0,232.0,0.0,0.0,,,,,,,,,367.0,4.0,50.0,10.0,33.0,1603.0,957.0,1603.0,213.0,744.0,587.0,12.0,0.0,33.0,0.0,587.0,8.0,367.0,56.0,1400000US06001441525,06,001,441525,587.0,10.0,0.0,0.0,0.0,0.0,0.0,441525,6.9,3.5,70.9,11.3,2.2,6.4,22.3,77.7,26.4,65.3,9.3,40.8,15.1,0.0,0.0,0.0,0.0,0.0,0.0,0.0,0.0,0.0,59.7,13.3,46.4,2.0,0.0,5.6,0.0,7.7,1.4,15.3,1.7
4774.0,1485.0,390.0,2027.0,685.0,189667.0,215.0,4742.0,2629.0,81.0,3312.0,1572.0,28.0,1966.0,3.07,4746.0,864.0,34.0,78.0,607.0,95.0,0.0,,,,,,,,,271.0,82.0,31.0,0.0,47.0,4774.0,1848.0,4774.0,1270.0,578.0,1544.0,0.0,8.0,57.0,0.0,1544.0,126.0,271.0,0.0,1400000US06001441601,06,001,441601,1544.0,52.0,0.0,57.0,9.0,12.0,11.0,441601,31.1,8.2,42.5,14.3,3.1,4.5,1.8,98.2,59.0,18.2,0.7,1.6,12.8,2.0,0.0,0.0,0.0,0.0,0.0,0.0,0.0,0.0,38.7,26.6,12.1,0.0,0.5,3.7,0.0,4.2,8.2,0.0,9.1
7509.0,2066.0,635.0,2578.0,1741.0,121667.0,248.0,7464.0,3619.0,40.0,2725.0,2431.0,155.0,1971.0,3.27,7437.0,3243.0,27.0,1734.0,1348.0,91.0,0.0,,,,,,,,,898.0,122.0,0.0,69.0,250.0,7509.0,2307.0,7509.0,1302.0,1005.0,2276.0,36.0,72.0,188.0,0.0,2276.0,124.0,898.0,83.0,1400000US06001441602,06,001,441602,2276.0,66.0,27.0,26.0,11.0,80.0,47.0,441602,27.5,8.5,34.3,23.2,1.1,3.3,6.4,93.6,49.1,43.6,0.4,23.3,18.1,1.2,0.0,0.0,0.0,0.0,0.0,0.0,0.0,0.0,30.7,17.3,13.4,1.6,3.2,8.3,0.0,13.0,5.4,9.2,11.3
3884.0,455.0,18.0,2480.0,774.0,133606.0,749.0,3884.0,1887.0,299.0,2294.0,1231.0,20.0,1979.0,3.16,3825.0,1974.0,15.0,586.0,1207.0,166.0,0.0,,,,,,,,,635.0,0.0,20.0,144.0,151.0,3884.0,2159.0,3884.0,1015.0,1144.0,1211.0,105.0,0.0,66.0,0.0,1211.0,125.0,635.0,150.0,1400000US06001441701,06,001,441701,1211.0,81.0,6.0,19.0,0.0,93.0,0.0,441701,11.7,0.5,63.9,19.9,15.8,19.3,1.6,98.4,49.6,51.6,0.4,15.3,31.6,4.3,0.0,0.0,0.0,0.0,0.0,0.0,0.0,0.0,55.6,26.1,29.5,8.7,0.0,5.5,0.0,14.1,10.3,23.6,16.4
5037.0,936.0,504.0,2601.0,816.0,99181.0,501.0,4969.0,2692.0,108.0,2598.0,2210.0,125.0,1986.0,2.36,4918.0,2567.0,397.0,1088.0,788.0,260.0,34.0,,,,,,,,,1056.0,98.0,88.0,107.0,321.0,5037.0,2255.0,5037.0,1189.0,1066.0,2085.0,0.0,168.0,161.0,0.0,2085.0,230.0,1056.0,54.0,1400000US06001441702,06,001,441702,2085.0,8.0,73.0,68.0,42.0,42.0,10.0,441702,18.6,10.0,51.6,16.2,4.0,10.1,5.7,94.3,58.1,52.2,8.1,22.1,16.0,5.3,0.7,0.0,0.0,0.0,0.0,0.0,0.0,0.0,44.8,23.6,21.2,0.0,8.1,7.7,0.0,15.8,11.0,5.1,11.7
6209.0,2007.0,110.0,3607.0,346.0,152667.0,443.0,6209.0,3274.0,49.0,2815.0,2387.0,139.0,1973.0,2.74,6159.0,2083.0,218.0,859.0,949.0,35.0,0.0,,,,,,,,,842.0,114.0,34.0,49.0,140.0,6209.0,2989.0,6209.0,1422.0,1567.0,2248.0,38.0,21.0,40.0,0.0,2248.0,132.0,842.0,125.0,1400000US06001441800,06,001,441800,2248.0,0.0,145.0,20.0,61.0,64.0,0.0,441800,32.3,1.8,58.1,5.6,1.5,7.1,5.8,94.2,40.0,33.8,3.5,13.9,15.4,0.6,0.0,0.0,0.0,0.0,0.0,0.0,0.0,0.0,48.1,22.9,25.2,1.7,0.9,1.8,0.0,4.4,5.9,14.8,12.9
3849.0,714.0,12.0,1937.0,924.0,163468.0,107.0,3849.0,2625.0,208.0,3267.0,1347.0,61.0,1985.0,2.97,3817.0,2681.0,318.0,1165.0,1150.0,47.0,1.0,,,,,,,,,963.0,40.0,8.0,73.0,75.0,3849.0,1834.0,3849.0,469.0,1365.0,1286.0,18.0,9.0,77.0,0.0,1286.0,19.0,963.0,0.0,1400000US06001441921,06,001,441921,1286.0,35.0,6.0,0.0,9.0,0.0,0.0,441921,18.6,0.3,50.3,24.0,7.9,2.8,4.5,95.5,20.4,70.2,8.3,30.5,30.1,1.2,0.0,0.0,0.0,0.0,0.0,0.0,0.0,0.0,47.6,12.2,35.5,1.4,0.7,6.0,0.0,8.1,1.5,0.0,3.9
5777.0,694.0,197.0,3958.0,750.0,132810.0,299.0,5551.0,3144.0,146.0,2621.0,2521.0,288.0,1982.0,2.48,5544.0,5170.0,438.0,2777.0,1564.0,352.0,0.0,,,,,,,,,2085.0,127.0,51.0,210.0,348.0,5777.0,3762.0,5777.0,1151.0,2611.0,2233.0,0.0,126.0,71.0,0.0,2233.0,182.0,2085.0,205.0,1400000US06001441923,06,001,441923,2233.0,129.0,2.0,73.0,25.0,0.0,25.0,441923,12.0,3.4,68.5,13.0,4.6,5.4,11.4,88.6,35.3,93.3,7.9,50.1,28.2,6.3,0.0,0.0,0.0,0.0,0.0,0.0,0.0,0.0,65.1,19.9,45.2,0.0,5.6,3.2,0.0,8.8,8.2,9.8,11.4
7199.0,1191.0,109.0,4638.0,748.0,177589.0,823.0,7199.0,4189.0,171.0,3027.0,2687.0,145.0,1981.0,2.83,7199.0,3428.0,533.0,1155.0,1607.0,97.0,36.0,,,,,,,,,1157.0,53.0,25.0,47.0,287.0,7199.0,3575.0,7199.0,1734.0,1841.0,2542.0,0.0,36.0,170.0,0.0,2542.0,70.0,1157.0,40.0,1400000US06001441924,06,001,441924,2542.0,84.0,0.0,13.0,20.0,94.0,26.0,441924,16.5,1.5,64.4,10.4,4.1,11.4,5.4,94.6,35.6,47.6,7.4,16.0,22.3,1.3,0.5,0.0,0.0,0.0,0.0,0.0,0.0,0.0,49.7,24.1,25.6,0.0,1.4,6.7,0.0,8.1,2.8,3.5,9.3
4210.0,540.0,137.0,2302.0,1038.0,112941.0,177.0,4210.0,2564.0,108.0,2389.0,1661.0,21.0,1976.0,2.57,4210.0,2996.0,382.0,765.0,1587.0,153.0,87.0,,,,,,,,,1180.0,101.0,56.0,192.0,121.0,4210.0,2195.0,4210.0,934.0,1261.0,1640.0,64.0,11.0,146.0,0.0,1640.0,210.0,1180.0,100.0,1400000US06001441926,06,001,441926,1640.0,83.0,12.0,0.0,25.0,0.0,69.0,441926,12.8,3.3,54.7,24.7,4.2,4.2,1.3,98.7,39.8,71.2,9.1,18.2,37.7,3.6,2.1,0.0,0.0,0.0,0.0,0.0,0.0,0.0,52.1,22.2,30.0,3.9,0.7,8.9,0.0,13.5,12.8,8.5,11.5
4229.0,821.0,158.0,2379.0,428.0,131792.0,281.0,4207.0,2353.0,43.0,2721.0,1747.0,182.0,1986.0,2.68,4200.0,3318.0,277.0,1308.0,1544.0,179.0,10.0,,,,,,,,,1220.0,109.0,52.0,70.0,230.0,4229.0,2265.0,4229.0,952.0,1313.0,1565.0,9.0,93.0,12.0,5.0,1565.0,87.0,1220.0,235.0,1400000US06001441927,06,001,441927,1565.0,74.0,59.0,20.0,9.0,36.0,0.0,441927,19.4,3.7,56.3,10.1,1.8,6.7,10.4,89.6,37.8,79.0,6.6,31.1,36.8,4.3,0.2,0.0,0.0,0.0,0.0,0.0,0.0,0.0,53.6,22.5,31.0,0.6,5.9,0.8,0.3,7.6,5.6,19.3,12.7
3736.0,627.0,493.0,2020.0,292.0,151902.0,155.0,3725.0,2437.0,7.0,2926.0,1549.0,72.0,1992.0,2.47,3642.0,2462.0,202.0,890.0,1287.0,83.0,0.0,,,,,,,,,1005.0,46.0,64.0,65.0,139.0,3736.0,2010.0,3736.0,1072.0,938.0,1477.0,24.0,44.0,33.0,41.0,1477.0,48.0,1005.0,28.0,1400000US06001441928,06,001,441928,1477.0,0.0,24.0,8.0,7.0,32.0,63.0,441928,16.8,13.2,54.1,7.8,0.3,4.2,4.6,95.4,31.2,67.6,5.5,24.4,35.3,2.3,0.0,0.0,0.0,0.0,0.0,0.0,0.0,0.0,53.8,28.7,25.1,1.6,3.0,2.2,2.8,9.6,3.2,2.8,9.1
3064.0,657.0,26.0,2111.0,237.0,126111.0,198.0,3064.0,1983.0,37.0,2852.0,1778.0,268.0,1988.0,2.03,3064.0,2607.0,379.0,1578.0,538.0,112.0,0.0,,,,,,,,,1196.0,35.0,131.0,23.0,184.0,3064.0,2004.0,3064.0,376.0,1628.0,1510.0,0.0,128.0,70.0,14.0,1510.0,0.0,1196.0,265.0,1400000US06001441929,06,001,441929,1510.0,53.0,52.0,33.0,163.0,10.0,0.0,441929,21.4,0.8,68.9,7.7,1.9,6.5,15.1,84.9,31.2,85.1,12.4,51.5,17.6,3.7,0.0,0.0,0.0,0.0,0.0,0.0,0.0,0.0,65.4,12.3,53.1,0.0,8.5,4.6,0.9,14.0,0.0,22.2,20.6
2979.0,438.0,4.0,2014.0,292.0,189821.0,160.0,2933.0,1402.0,48.0,,1028.0,71.0,1988.0,3.09,2956.0,423.0,54.0,34.0,335.0,0.0,0.0,,,,,,,,,112.0,0.0,0.0,31.0,4.0,2979.0,1404.0,2979.0,1099.0,305.0,957.0,0.0,0.0,136.0,0.0,957.0,20.0,112.0,0.0,1400000US06001442000,06,001,442000,957.0,6.0,3.0,9.0,0.0,66.0,0.0,442000,14.7,0.1,67.6,9.8,3.4,5.5,6.9,93.1,31.2,14.3,1.8,1.2,11.3,0.0,0.0,0.0,0.0,0.0,0.0,0.0,0.0,0.0,47.1,36.9,10.2,0.0,0.0,14.2,0.0,14.2,2.1,0.0,8.8
5327.0,464.0,85.0,4448.0,65.0,227949.0,70.0,5315.0,2762.0,74.0,3501.0,1681.0,89.0,1971.0,3.35,5327.0,1165.0,29.0,438.0,648.0,50.0,0.0,,,,,,,,,321.0,7.0,16.0,0.0,20.0,5327.0,3203.0,5327.0,2234.0,969.0,1592.0,0.0,7.0,159.0,0.0,1592.0,64.0,321.0,6.0,1400000US06001442100,06,001,442100,1592.0,6.0,13.0,32.0,7.0,22.0,13.0,442100,8.7,1.6,83.5,1.2,2.7,1.3,5.3,94.7,13.4,21.9,0.5,8.2,12.2,0.9,0.0,0.0,0.0,0.0,0.0,0.0,0.0,0.0,60.1,41.9,18.2,0.0,0.4,10.0,0.0,10.4,4.0,1.9,5.8
7293.0,948.0,177.0,5550.0,426.0,231679.0,167.0,7282.0,3865.0,115.0,3428.0,2288.0,89.0,1963.0,3.31,7275.0,1457.0,26.0,517.0,346.0,503.0,15.0,,,,,,,,,394.0,28.0,12.0,0.0,64.0,7293.0,3730.0,7293.0,2546.0,1184.0,2199.0,0.0,0.0,125.0,15.0,2199.0,71.0,394.0,52.0,1400000US06001442200,06,001,442200,2199.0,0.0,0.0,47.0,56.0,13.0,0.0,442200,13.0,2.4,76.1,5.8,3.0,2.3,3.9,96.1,26.4,20.0,0.4,7.1,4.8,6.9,0.2,0.0,0.0,0.0,0.0,0.0,0.0,0.0,51.1,34.9,16.2,0.0,0.0,5.7,0.7,6.4,3.2,13.2,5.3
5397.0,1061.0,128.0,3121.0,794.0,148590.0,301.0,5397.0,2589.0,42.0,2763.0,1557.0,32.0,1970.0,3.53,5379.0,2997.0,286.0,456.0,1568.0,533.0,154.0,,,,,,,,,865.0,86.0,42.0,105.0,102.0,5397.0,2444.0,5397.0,1191.0,1253.0,1525.0,34.0,43.0,126.0,0.0,1525.0,117.0,865.0,60.0,1400000US06001442301,06,001,442301,1525.0,36.0,32.0,44.0,15.0,8.0,33.0,442301,19.7,2.4,57.8,14.7,1.6,5.6,2.1,97.9,38.7,55.7,5.3,8.5,29.2,9.9,2.9,0.0,0.0,0.0,0.0,0.0,0.0,0.0,45.3,22.1,23.2,2.2,2.8,8.3,0.0,13.3,7.7,6.9,11.0
6186.0,901.0,350.0,3538.0,948.0,147684.0,445.0,6186.0,3427.0,22.0,2117.0,2440.0,217.0,1986.0,2.77,6153.0,3500.0,172.0,1037.0,1909.0,342.0,40.0,,,,,,,,,1401.0,104.0,128.0,93.0,313.0,6186.0,2967.0,6186.0,1451.0,1516.0,2223.0,74.0,49.0,206.0,0.0,2223.0,315.0,1401.0,242.0,1400000US06001442302,06,001,442302,2223.0,86.0,87.0,22.0,73.0,34.0,0.0,442302,14.6,5.7,57.2,15.3,0.6,7.2,8.9,91.1,45.5,56.9,2.8,16.9,31.0,5.6,0.7,0.0,0.0,0.0,0.0,0.0,0.0,0.0,48.0,23.5,24.5,3.3,2.2,9.3,0.0,14.8,14.2,17.3,13.6
6417.0,1573.0,112.0,2805.0,1601.0,124886.0,470.0,6375.0,3769.0,111.0,2843.0,2020.0,37.0,1964.0,3.22,6390.0,2501.0,422.0,804.0,1058.0,217.0,0.0,,,,,,,,,735.0,83.0,73.0,19.0,174.0,6417.0,3012.0,6417.0,1142.0,1870.0,1983.0,82.0,0.0,138.0,0.0,1983.0,243.0,735.0,21.0,1400000US06001442400,06,001,442400,1983.0,84.0,31.0,62.0,49.0,9.0,8.0,442400,24.5,1.7,43.7,24.9,2.9,7.4,1.8,98.2,47.5,39.1,6.6,12.6,16.6,3.4,0.0,0.0,0.0,0.0,0.0,0.0,0.0,0.0,46.9,17.8,29.1,4.1,0.0,7.0,0.0,11.1,12.3,2.9,12.3
3280.0,438.0,104.0,1748.0,925.0,91867.0,109.0,3155.0,1694.0,40.0,2621.0,1051.0,0.0,1969.0,2.99,3141.0,1573.0,152.0,667.0,754.0,0.0,0.0,,,,,,,,,543.0,13.0,57.0,171.0,140.0,3280.0,1666.0,3280.0,746.0,920.0,1051.0,109.0,0.0,74.0,0.0,1051.0,11.0,543.0,35.0,1400000US06001442501,06,001,442501,1051.0,16.0,0.0,0.0,0.0,30.0,0.0,442501,13.4,3.2,53.3,28.2,2.4,3.5,0.0,100.0,70.2,50.1,4.8,21.2,24.0,0.0,0.0,0.0,0.0,0.0,0.0,0.0,0.0,0.0,50.8,22.7,28.0,10.4,0.0,7.0,0.0,17.4,1.0,6.4,4.4
3866.0,676.0,164.0,1817.0,1149.0,157760.0,13.0,3756.0,2614.0,72.0,2401.0,1090.0,10.0,1967.0,3.46,3738.0,1970.0,115.0,414.0,933.0,508.0,0.0,,,,,,,,,504.0,28.0,33.0,42.0,26.0,3866.0,2204.0,3866.0,988.0,1216.0,1080.0,0.0,17.0,142.0,0.0,1080.0,12.0,504.0,20.0,1400000US06001442502,06,001,442502,1080.0,0.0,0.0,0.0,0.0,10.0,7.0,442502,17.5,4.2,47.0,29.7,2.8,0.3,0.9,99.1,25.6,52.7,3.1,11.1,25.0,13.6,0.0,0.0,0.0,0.0,0.0,0.0,0.0,0.0,57.0,25.6,31.5,0.0,1.6,13.1,0.0,14.7,1.1,4.0,1.6
3924.0,1090.0,136.0,1449.0,1091.0,159000.0,75.0,3918.0,2079.0,16.0,3183.0,1226.0,16.0,1964.0,3.19,3857.0,1787.0,149.0,719.0,282.0,637.0,0.0,,,,,,,,,461.0,7.0,14.0,22.0,189.0,3924.0,1480.0,3924.0,971.0,509.0,1210.0,17.0,19.0,56.0,0.0,1210.0,147.0,461.0,45.0,1400000US06001442601,06,001,442601,1210.0,22.0,0.0,0.0,0.0,28.0,20.0,442601,27.8,3.5,36.9,27.8,0.8,1.9,1.3,98.7,50.3,46.3,3.9,18.6,7.3,16.5,0.0,0.0,0.0,0.0,0.0,0.0,0.0,0.0,37.7,24.7,13.0,1.4,1.6,4.6,0.0,7.6,12.1,9.8,5.8
4663.0,1364.0,484.0,1605.0,812.0,136513.0,651.0,4663.0,2272.0,73.0,2277.0,1768.0,149.0,1965.0,2.81,4557.0,2068.0,247.0,453.0,1095.0,33.0,230.0,,,,,,,,,733.0,35.0,42.0,79.0,248.0,4663.0,1798.0,4663.0,856.0,942.0,1619.0,14.0,10.0,55.0,0.0,1619.0,146.0,733.0,155.0,1400000US06001442602,06,001,442602,1619.0,7.0,137.0,46.0,11.0,32.0,10.0,442602,29.3,10.4,34.4,17.4,3.2,14.0,8.4,91.6,55.1,45.4,5.4,9.9,24.0,0.7,5.0,0.0,0.0,0.0,0.0,0.0,0.0,0.0,38.6,18.4,20.2,0.9,0.6,3.4,0.0,4.9,9.0,21.1,15.0
3139.0,946.0,33.0,1694.0,356.0,191760.0,180.0,3102.0,1512.0,44.0,3142.0,1067.0,28.0,1965.0,3.01,3124.0,796.0,153.0,360.0,260.0,10.0,2.0,,,,,,,,,268.0,0.0,0.0,0.0,36.0,3139.0,1360.0,3139.0,601.0,759.0,1039.0,0.0,1.0,23.0,0.0,1039.0,6.0,268.0,54.0,1400000US06001442700,06,001,442700,1039.0,11.0,0.0,27.0,10.0,0.0,22.0,442700,30.1,1.1,54.0,11.3,2.9,5.8,2.6,97.4,13.4,25.5,4.9,11.5,8.3,0.3,0.1,0.0,0.0,0.0,0.0,0.0,0.0,0.0,43.3,19.1,24.2,0.0,0.1,2.2,0.0,2.3,0.6,20.1,6.7
3115.0,752.0,23.0,1763.0,484.0,169310.0,59.0,3114.0,1862.0,90.0,3501.0,922.0,0.0,1967.0,3.33,3074.0,483.0,27.0,147.0,238.0,47.0,24.0,,,,,,,,,141.0,7.0,14.0,8.0,35.0,3115.0,1358.0,3115.0,800.0,558.0,922.0,0.0,17.0,52.0,0.0,922.0,32.0,141.0,3.0,1400000US06001442800,06,001,442800,922.0,13.0,0.0,7.0,0.0,14.0,6.0,442800,24.1,0.7,56.6,15.5,4.8,1.9,0.0,100.0,45.4,15.7,0.9,4.8,7.7,1.5,0.8,0.0,0.0,0.0,0.0,0.0,0.0,0.0,43.6,25.7,17.9,0.0,1.8,5.6,0.0,7.5,3.5,2.1,4.3
7780.0,1178.0,401.0,4616.0,1050.0,172578.0,204.0,7772.0,4253.0,299.0,2932.0,2386.0,96.0,1968.0,3.38,7742.0,3579.0,359.0,636.0,2295.0,206.0,0.0,,,,,,,,,1039.0,259.0,49.0,42.0,124.0,7780.0,3741.0,7780.0,1682.0,2059.0,2290.0,11.0,14.0,112.0,0.0,2290.0,74.0,1039.0,28.0,1400000US06001442900,06,001,442900,2290.0,31.0,15.0,27.0,0.0,0.0,0.0,442900,15.1,5.2,59.3,13.5,7.0,2.6,4.0,96.0,45.6,46.2,4.6,8.2,29.6,2.7,0.0,0.0,0.0,0.0,0.0,0.0,0.0,0.0,48.1,21.6,26.5,0.5,0.6,4.9,0.0,6.0,3.2,2.7,3.2
2762.0,497.0,135.0,1023.0,888.0,149803.0,168.0,2762.0,1491.0,40.0,3183.0,882.0,48.0,1957.0,3.28,2735.0,662.0,18.0,151.0,305.0,0.0,149.0,,,,,,,,,156.0,0.0,0.0,11.0,40.0,2762.0,805.0,2762.0,680.0,125.0,834.0,0.0,5.0,33.0,0.0,834.0,35.0,156.0,0.0,1400000US06001443001,06,001,443001,834.0,20.0,4.0,13.0,6.0,86.0,7.0,443001,18.0,4.9,37.0,32.2,2.7,6.1,5.4,94.6,32.7,24.2,0.7,5.5,11.2,0.0,5.4,0.0,0.0,0.0,0.0,0.0,0.0,0.0,29.1,24.6,4.5,0.0,0.6,4.0,0.0,4.6,4.2,0.0,16.3
6599.0,1035.0,115.0,4032.0,1153.0,134309.0,548.0,6599.0,3469.0,226.0,3007.0,1971.0,4.0,1975.0,3.33,6556.0,1738.0,69.0,323.0,1145.0,189.0,7.0,,,,,,,,,518.0,0.0,34.0,37.0,185.0,6599.0,3071.0,6599.0,1664.0,1407.0,1967.0,0.0,52.0,319.0,0.0,1967.0,128.0,518.0,13.0,1400000US06001443002,06,001,443002,1967.0,51.0,56.0,5.0,12.0,65.0,6.0,443002,15.7,1.7,61.1,17.5,6.5,8.3,0.2,99.8,49.4,26.5,1.1,4.9,17.5,2.9,0.1,0.0,0.0,0.0,0.0,0.0,0.0,0.0,46.5,25.2,21.3,0.0,2.6,16.2,0.0,18.9,6.5,2.5,9.9
4816.0,509.0,0.0,3919.0,284.0,229008.0,148.0,4816.0,2362.0,81.0,3501.0,1592.0,74.0,1976.0,3.16,4798.0,559.0,82.0,230.0,226.0,21.0,0.0,,,,,,,,,159.0,26.0,0.0,0.0,11.0,4816.0,2737.0,4816.0,2152.0,585.0,1518.0,0.0,38.0,141.0,0.0,1518.0,50.0,159.0,10.0,1400000US06001443102,06,001,443102,1518.0,25.0,11.0,0.0,6.0,9.0,15.0,443102,10.6,0.0,81.4,5.9,3.4,3.1,4.6,95.4,23.3,11.7,1.7,4.8,4.7,0.4,0.0,0.0,0.0,0.0,0.0,0.0,0.0,0.0,56.8,44.7,12.1,0.0,2.5,9.3,0.0,11.8,3.3,6.3,4.3
4125.0,775.0,50.0,3065.0,137.0,233906.0,103.0,4125.0,2197.0,124.0,3501.0,1259.0,32.0,1991.0,3.26,4004.0,532.0,0.0,258.0,253.0,21.0,0.0,,,,,,,,,131.0,29.0,0.0,10.0,0.0,4125.0,2319.0,4125.0,1929.0,390.0,1227.0,0.0,0.0,138.0,0.0,1227.0,24.0,131.0,0.0,1400000US06001443103,06,001,443103,1227.0,39.0,0.0,7.0,8.0,0.0,6.0,443103,18.8,1.2,74.3,3.3,5.6,2.5,2.5,97.5,29.8,13.3,0.0,6.4,6.3,0.5,0.0,0.0,0.0,0.0,0.0,0.0,0.0,0.0,56.2,46.8,9.5,0.0,0.0,11.2,0.0,11.2,2.0,0.0,4.9
5567.0,752.0,349.0,4166.0,113.0,205515.0,194.0,5388.0,2735.0,69.0,3075.0,1816.0,137.0,1979.0,3.27,5491.0,2108.0,167.0,404.0,1192.0,232.0,44.0,,,,,,,,,603.0,89.0,0.0,67.0,48.0,5567.0,3027.0,5567.0,1697.0,1330.0,1679.0,0.0,0.0,165.0,0.0,1679.0,89.0,603.0,34.0,1400000US06001443104,06,001,443104,1679.0,85.0,11.0,10.0,0.0,14.0,0.0,443104,13.5,6.3,74.8,2.0,2.5,3.6,7.5,92.5,33.8,38.4,3.0,7.4,21.7,4.2,0.8,0.0,0.0,0.0,0.0,0.0,0.0,0.0,54.4,30.5,23.9,0.0,0.0,9.8,0.0,9.8,5.3,5.6,7.1
4668.0,489.0,20.0,3955.0,99.0,225795.0,210.0,4643.0,2390.0,183.0,3501.0,1490.0,33.0,1985.0,3.2,4668.0,628.0,0.0,238.0,291.0,99.0,0.0,,,,,,,,,187.0,31.0,0.0,0.0,17.0,4668.0,2814.0,4668.0,2220.0,594.0,1457.0,0.0,7.0,201.0,0.0,1457.0,126.0,187.0,19.0,1400000US06001443105,06,001,443105,1457.0,53.0,28.0,0.0,8.0,0.0,26.0,443105,10.5,0.4,84.7,2.1,7.7,4.5,2.2,97.8,25.7,13.5,0.0,5.1,6.2,2.1,0.0,0.0,0.0,0.0,0.0,0.0,0.0,0.0,60.3,47.6,12.7,0.0,0.5,13.8,0.0,14.3,8.6,10.2,7.9
3611.0,516.0,11.0,2860.0,37.0,250001.0,103.0,3611.0,1794.0,111.0,,1196.0,65.0,1989.0,3.19,3611.0,102.0,49.0,0.0,26.0,27.0,0.0,,,,,,,,,33.0,0.0,0.0,0.0,0.0,3611.0,1729.0,3611.0,1289.0,440.0,1131.0,0.0,0.0,113.0,0.0,1131.0,39.0,33.0,8.0,1400000US06001443200,06,001,443200,1131.0,21.0,0.0,11.0,0.0,18.0,0.0,443200,14.3,0.3,79.2,1.0,6.2,2.9,5.4,94.6,0.0,2.8,1.4,0.0,0.7,0.7,0.0,0.0,0.0,0.0,0.0,0.0,0.0,0.0,47.9,35.7,12.2,0.0,0.0,10.0,0.0,10.0,3.4,24.2,4.4
4399.0,791.0,45.0,3051.0,390.0,240927.0,112.0,4399.0,2240.0,79.0,3458.0,1277.0,0.0,1976.0,3.44,4396.0,519.0,52.0,266.0,103.0,93.0,5.0,,,,,,,,,151.0,31.0,0.0,0.0,25.0,4399.0,2076.0,4399.0,1384.0,692.0,1277.0,24.0,0.0,91.0,0.0,1277.0,24.0,151.0,21.0,1400000US06001443301,06,001,443301,1277.0,36.0,0.0,4.0,43.0,5.0,0.0,443301,18.0,1.0,69.4,8.9,3.5,2.5,0.0,100.0,37.1,11.8,1.2,6.1,2.3,2.1,0.1,0.0,0.0,0.0,0.0,0.0,0.0,0.0,47.2,31.5,15.7,1.9,0.0,7.1,0.0,9.0,1.9,13.9,6.9
3372.0,106.0,57.0,2902.0,237.0,132188.0,257.0,3372.0,1579.0,74.0,2413.0,1259.0,121.0,1978.0,2.96,3372.0,1810.0,327.0,457.0,914.0,112.0,0.0,,,,,,,,,588.0,23.0,14.0,21.0,69.0,3372.0,2252.0,3372.0,811.0,1441.0,1138.0,25.0,0.0,91.0,0.0,1138.0,20.0,588.0,21.0,1400000US06001443321,06,001,443321,1138.0,6.0,14.0,26.0,12.0,7.0,14.0,443321,3.1,1.7,86.1,7.0,4.7,7.6,9.6,90.4,21.6,53.7,9.7,13.6,27.1,3.3,0.0,0.0,0.0,0.0,0.0,0.0,0.0,0.0,66.8,24.1,42.7,2.2,0.0,8.0,0.0,10.2,1.8,3.6,6.9
3311.0,621.0,36.0,2239.0,222.0,203906.0,115.0,3311.0,1688.0,130.0,2544.0,1021.0,40.0,1972.0,3.38,3311.0,580.0,0.0,116.0,364.0,48.0,52.0,,,,,,,,,175.0,10.0,5.0,15.0,31.0,3311.0,1575.0,3311.0,1061.0,514.0,981.0,0.0,4.0,61.0,0.0,981.0,31.0,175.0,0.0,1400000US06001443322,06,001,443322,981.0,19.0,3.0,5.0,50.0,0.0,6.0,443322,18.8,1.1,67.6,6.7,7.7,3.5,3.9,96.1,34.9,17.5,0.0,3.5,11.0,1.4,1.6,0.0,0.0,0.0,0.0,0.0,0.0,0.0,47.6,32.0,15.5,0.0,0.4,6.2,0.0,6.6,3.2,0.0,8.5
7211.0,2084.0,477.0,2275.0,1791.0,158011.0,278.0,7211.0,4123.0,88.0,1189.0,2800.0,199.0,1968.0,2.77,7198.0,1641.0,80.0,307.0,861.0,272.0,121.0,,,,,,,,,684.0,203.0,10.0,19.0,126.0,7211.0,2241.0,7211.0,1671.0,570.0,2601.0,0.0,0.0,271.0,0.0,2601.0,383.0,684.0,159.0,1400000US06001444100,06,001,444100,2601.0,153.0,45.0,0.0,22.0,71.0,0.0,444100,28.9,6.6,31.5,24.8,2.1,3.9,7.1,92.9,52.3,22.8,1.1,4.3,12.0,3.8,1.7,0.0,0.0,0.0,0.0,0.0,0.0,0.0,31.1,23.2,7.9,0.0,0.0,10.4,0.0,10.4,14.7,23.2,11.2
6782.0,1450.0,91.0,2821.0,2049.0,161307.0,321.0,6777.0,4038.0,189.0,2219.0,2027.0,0.0,1968.0,3.33,6757.0,1950.0,316.0,810.0,552.0,81.0,191.0,,,,,,,,,463.0,24.0,0.0,8.0,121.0,6782.0,3099.0,6782.0,1707.0,1392.0,2027.0,56.0,0.0,139.0,0.0,2027.0,233.0,463.0,10.0,1400000US06001444200,06,001,444200,2027.0,34.0,0.0,0.0,38.0,41.0,5.0,444200,21.4,1.3,41.6,30.2,4.7,4.7,0.0,100.0,33.0,28.9,4.7,12.0,8.2,1.2,2.8,0.0,0.0,0.0,0.0,0.0,0.0,0.0,45.7,25.2,20.5,2.8,0.0,6.9,0.0,9.6,11.5,2.2,5.8
3698.0,1086.0,28.0,1298.0,956.0,184583.0,71.0,3698.0,2091.0,148.0,2641.0,1190.0,29.0,1974.0,3.18,3695.0,759.0,12.0,96.0,321.0,305.0,0.0,,,,,,,,,224.0,8.0,53.0,70.0,17.0,3698.0,1438.0,3698.0,1059.0,379.0,1161.0,35.0,8.0,27.0,0.0,1161.0,82.0,224.0,0.0,1400000US06001444301,06,001,444301,1161.0,18.0,7.0,9.0,0.0,13.0,8.0,444301,29.4,0.8,35.1,25.9,7.1,1.9,2.4,97.6,66.1,20.5,0.3,2.6,8.7,8.3,0.0,0.0,0.0,0.0,0.0,0.0,0.0,0.0,38.9,28.6,10.2,3.0,0.7,2.3,0.0,6.0,7.1,0.0,4.7
0.0,0.0,0.0,0.0,0.0,,0.0,0.0,0.0,0.0,,0.0,0.0,,,0.0,0.0,0.0,0.0,0.0,0.0,0.0,,,,,,,,,0.0,0.0,0.0,0.0,0.0,0.0,0.0,0.0,0.0,0.0,0.0,0.0,0.0,0.0,0.0,0.0,0.0,0.0,0.0,1400000US06001444303,06,001,444303,0.0,0.0,0.0,0.0,0.0,0.0,0.0,444303,0.0,0.0,0.0,0.0,0.0,0.0,0.0,100.0,0.0,0.0,0.0,0.0,0.0,0.0,0.0,0.0,0.0,0.0,0.0,0.0,0.0,0.0,0.0,0.0,0.0,0.0,0.0,0.0,0.0,0.0,0.0,0.0,0.0
6408.0,787.0,52.0,3309.0,2045.0,189750.0,254.0,6400.0,3985.0,114.0,2543.0,2064.0,106.0,1995.0,3.27,6403.0,2877.0,242.0,544.0,1643.0,321.0,110.0,,,,,,,,,778.0,101.0,0.0,129.0,128.0,6408.0,3085.0,6408.0,1275.0,1810.0,1958.0,56.0,11.0,184.0,0.0,1958.0,209.0,778.0,15.0,1400000US06001444304,06,001,444304,1958.0,0.0,0.0,68.0,23.0,16.0,58.0,444304,12.3,0.8,51.6,31.9,2.9,4.0,5.1,94.9,46.0,44.9,3.8,8.5,25.7,5.0,1.7,0.0,0.0,0.0,0.0,0.0,0.0,0.0,48.1,19.9,28.2,2.9,0.6,9.4,0.0,12.8,10.7,1.9,8.4
5367.0,790.0,154.0,1301.0,2880.0,109107.0,322.0,5319.0,3085.0,186.0,2576.0,1527.0,51.0,1963.0,3.62,5349.0,3049.0,113.0,1297.0,1466.0,138.0,35.0,,,,,,,,,774.0,112.0,55.0,41.0,105.0,5367.0,2550.0,5367.0,1131.0,1419.0,1476.0,37.0,29.0,42.0,0.0,1476.0,215.0,774.0,97.0,1400000US06001444400,06,001,444400,1476.0,39.0,0.0,0.0,24.0,19.0,0.0,444400,14.7,2.9,24.2,53.7,6.0,6.1,3.3,96.7,40.4,57.0,2.1,24.2,27.4,2.6,0.7,0.0,0.0,0.0,0.0,0.0,0.0,0.0,47.5,21.1,26.4,2.5,2.0,2.8,0.0,7.3,14.6,12.5,5.6
6988.0,1287.0,322.0,1851.0,3099.0,148750.0,333.0,6943.0,3830.0,196.0,2725.0,2067.0,123.0,1975.0,3.55,6907.0,4077.0,205.0,731.0,2561.0,282.0,298.0,,,,,,,,,1050.0,93.0,9.0,110.0,190.0,6988.0,2256.0,6988.0,1147.0,1109.0,1944.0,58.0,10.0,84.0,0.0,1944.0,210.0,1050.0,0.0,1400000US06001444500,06,001,444500,1944.0,46.0,0.0,5.0,46.0,21.0,0.0,444500,18.4,4.6,26.5,44.3,5.1,4.8,6.0,94.0,38.3,59.0,3.0,10.6,37.1,4.1,4.3,0.0,0.0,0.0,0.0,0.0,0.0,0.0,32.3,16.4,15.9,3.0,0.5,4.3,0.0,7.8,10.8,0.0,6.1
6081.0,1016.0,73.0,3632.0,1099.0,213021.0,169.0,6081.0,3768.0,177.0,3501.0,1846.0,34.0,1974.0,3.34,6061.0,865.0,0.0,484.0,352.0,0.0,29.0,,,,,,,,,144.0,17.0,10.0,14.0,8.0,6081.0,2944.0,6081.0,1647.0,1297.0,1812.0,0.0,0.0,76.0,0.0,1812.0,76.0,144.0,0.0,1400000US06001444601,06,001,444601,1812.0,42.0,0.0,0.0,0.0,11.0,9.0,444601,16.7,1.2,59.7,18.1,4.7,2.8,1.8,98.2,34.0,14.3,0.0,8.0,5.8,0.0,0.5,0.0,0.0,0.0,0.0,0.0,0.0,0.0,48.4,27.1,21.3,0.0,0.0,4.2,0.0,4.2,4.2,0.0,3.4
4935.0,762.0,287.0,3155.0,503.0,175250.0,158.0,4935.0,3133.0,166.0,2885.0,1950.0,124.0,1986.0,2.7,4935.0,1087.0,138.0,334.0,380.0,215.0,20.0,,,,,,,,,398.0,62.0,22.0,40.0,49.0,4935.0,2447.0,4935.0,1519.0,928.0,1826.0,0.0,40.0,125.0,0.0,1826.0,56.0,398.0,33.0,1400000US06001444602,06,001,444602,1826.0,25.0,13.0,0.0,11.0,59.0,43.0,444602,15.4,5.8,63.9,10.2,5.3,3.2,6.4,93.6,43.5,22.0,2.8,6.8,7.7,4.4,0.4,0.0,0.0,0.0,0.0,0.0,0.0,0.0,49.6,30.8,18.8,0.0,2.2,6.8,0.0,9.0,3.1,8.3,8.3
6883.0,1561.0,204.0,4113.0,546.0,166898.0,413.0,6883.0,4239.0,96.0,3318.0,2795.0,182.0,2005.0,2.63,6883.0,4835.0,683.0,2469.0,1498.0,135.0,50.0,,,,,,,,,1832.0,179.0,27.0,204.0,310.0,6883.0,3058.0,6883.0,1126.0,1932.0,2613.0,0.0,0.0,257.0,0.0,2613.0,166.0,1832.0,66.0,1400000US06001450101,06,001,450101,2613.0,124.0,10.0,0.0,26.0,23.0,8.0,450101,22.7,3.0,59.8,7.9,2.3,6.0,6.5,93.5,39.3,70.2,9.9,35.9,21.8,2.0,0.7,0.0,0.0,0.0,0.0,0.0,0.0,0.0,44.4,16.4,28.1,0.0,0.0,9.8,0.0,9.8,6.4,3.6,7.3
7376.0,1428.0,1094.0,3530.0,1015.0,189975.0,448.0,5811.0,3040.0,81.0,3216.0,1874.0,59.0,2004.0,3.2,5811.0,2398.0,401.0,877.0,1028.0,92.0,0.0,,,,,,,,,734.0,57.0,39.0,78.0,37.0,7376.0,3084.0,7376.0,1338.0,1746.0,1815.0,0.0,8.0,177.0,5.0,1815.0,66.0,734.0,57.0,1400000US06001450102,06,001,450102,1815.0,14.0,159.0,0.0,6.0,0.0,0.0,450102,19.4,14.8,47.9,13.8,2.7,7.7,3.1,96.9,28.7,41.3,6.9,15.1,17.7,1.6,0.0,0.0,0.0,0.0,0.0,0.0,0.0,0.0,41.8,18.1,23.7,0.0,0.4,9.8,0.3,10.5,3.6,7.8,9.9
5272.0,2113.0,188.0,1839.0,486.0,107111.0,372.0,5272.0,3009.0,151.0,2748.0,2546.0,99.0,1989.0,2.15,5272.0,3337.0,207.0,1570.0,1408.0,100.0,26.0,,,,,,,,,1562.0,202.0,208.0,163.0,316.0,5272.0,1925.0,5272.0,855.0,1070.0,2447.0,0.0,31.0,207.0,15.0,2447.0,215.0,1562.0,97.0,1400000US06001450200,06,001,450200,2447.0,96.0,57.0,24.0,15.0,0.0,71.0,450200,40.1,3.6,34.9,9.2,5.0,7.1,3.9,96.1,56.9,63.3,3.9,29.8,26.7,1.9,0.5,0.0,0.0,0.0,0.0,0.0,0.0,0.0,36.5,16.2,20.3,0.0,1.3,8.5,0.6,10.3,8.8,6.2,10.7
5374.0,2542.0,337.0,1456.0,832.0,136875.0,224.0,5374.0,2900.0,136.0,3437.0,2011.0,132.0,1970.0,2.84,5337.0,2196.0,304.0,1053.0,619.0,198.0,22.0,,,,,,,,,837.0,71.0,80.0,57.0,118.0,5374.0,1234.0,5374.0,692.0,542.0,1879.0,0.0,19.0,12.0,0.0,1879.0,90.0,837.0,71.0,1400000US06001450300,06,001,450300,1879.0,41.0,0.0,0.0,0.0,29.0,11.0,450300,47.3,6.3,27.1,15.5,4.7,4.2,6.6,93.4,38.9,41.1,5.7,19.7,11.6,3.7,0.4,0.0,0.0,0.0,0.0,0.0,0.0,0.0,23.0,12.9,10.1,0.0,1.0,0.6,0.0,1.6,4.8,8.5,4.3
7886.0,2790.0,299.0,2489.0,1472.0,151272.0,391.0,7881.0,4273.0,173.0,2865.0,2897.0,205.0,1967.0,2.89,7771.0,2373.0,154.0,667.0,968.0,556.0,28.0,,,,,,,,,987.0,98.0,139.0,93.0,145.0,7886.0,2431.0,7886.0,1211.0,1220.0,2692.0,20.0,0.0,30.0,0.0,2692.0,245.0,987.0,26.0,1400000US06001450400,06,001,450400,2692.0,33.0,90.0,40.0,14.0,20.0,68.0,450400,35.4,3.8,31.6,18.7,4.0,5.0,7.1,92.9,48.1,30.5,2.0,8.6,12.5,7.2,0.4,0.0,0.0,0.0,0.0,0.0,0.0,0.0,30.8,15.4,15.5,0.7,0.0,1.1,0.0,1.9,9.1,2.6,9.8
3400.0,1823.0,0.0,1008.0,448.0,186000.0,72.0,3400.0,1663.0,53.0,2993.0,1303.0,19.0,1981.0,2.65,3400.0,589.0,57.0,138.0,386.0,0.0,0.0,,,,,,,,,224.0,0.0,15.0,8.0,54.0,3400.0,655.0,3400.0,455.0,200.0,1284.0,21.0,9.0,34.0,0.0,1284.0,0.0,224.0,0.0,1400000US06001450501,06,001,450501,1284.0,8.0,9.0,0.0,26.0,2.0,7.0,450501,53.6,0.0,29.6,13.2,3.2,2.1,1.5,98.5,34.4,17.3,1.7,4.1,11.4,0.0,0.0,0.0,0.0,0.0,0.0,0.0,0.0,0.0,19.3,13.4,5.9,1.6,0.7,2.6,0.0,5.0,0.0,0.0,4.0
6266.0,2602.0,41.0,2755.0,557.0,202003.0,352.0,6266.0,3538.0,114.0,3501.0,2111.0,72.0,1990.0,3.06,6244.0,790.0,0.0,509.0,217.0,13.0,32.0,,,,,,,,,269.0,36.0,0.0,9.0,62.0,6266.0,2072.0,6266.0,1555.0,517.0,2039.0,0.0,0.0,34.0,0.0,2039.0,37.0,269.0,5.0,1400000US06001450502,06,001,450502,2039.0,67.0,9.0,0.0,18.0,10.0,6.0,450502,41.5,0.7,44.0,8.9,3.2,5.6,3.4,96.6,39.8,12.7,0.0,8.2,3.5,0.2,0.5,0.0,0.0,0.0,0.0,0.0,0.0,0.0,33.1,24.8,8.3,0.0,0.0,1.7,0.0,1.7,1.8,1.9,5.4
3666.0,1735.0,27.0,1470.0,248.0,230517.0,72.0,3665.0,1865.0,106.0,3501.0,1409.0,57.0,1992.0,2.71,3665.0,424.0,4.0,241.0,147.0,4.0,0.0,,,,,,,,,153.0,9.0,0.0,19.0,20.0,3666.0,1211.0,3666.0,863.0,348.0,1352.0,0.0,3.0,73.0,0.0,1352.0,32.0,153.0,6.0,1400000US06001450601,06,001,450601,1352.0,22.0,0.0,3.0,12.0,0.0,16.0,450601,47.3,0.7,40.1,6.8,5.7,2.0,4.0,96.0,31.4,11.6,0.1,6.6,4.0,0.1,0.0,0.0,0.0,0.0,0.0,0.0,0.0,0.0,33.0,23.5,9.5,0.0,0.2,5.4,0.0,5.6,2.4,3.9,3.9
4897.0,2065.0,21.0,1897.0,736.0,202238.0,216.0,4868.0,2592.0,50.0,3501.0,1511.0,36.0,1971.0,3.28,4845.0,981.0,29.0,373.0,517.0,48.0,0.0,,,,,,,,,290.0,0.0,0.0,7.0,140.0,4897.0,1584.0,4897.0,708.0,876.0,1475.0,0.0,0.0,88.0,0.0,1475.0,26.0,290.0,0.0,1400000US06001450603,06,001,450603,1475.0,15.0,61.0,20.0,7.0,0.0,7.0,450603,42.2,0.4,38.7,15.0,1.9,4.4,2.4,97.6,50.7,20.2,0.6,7.7,10.7,1.0,0.0,0.0,0.0,0.0,0.0,0.0,0.0,0.0,32.3,14.5,17.9,0.0,0.0,6.0,0.0,6.0,1.8,0.0,7.5
4993.0,2650.0,22.0,1478.0,656.0,180125.0,95.0,4993.0,2508.0,34.0,2688.0,1762.0,56.0,1975.0,2.88,4919.0,1074.0,0.0,439.0,429.0,195.0,0.0,,,,,,,,,411.0,16.0,33.0,44.0,61.0,4993.0,1219.0,4993.0,465.0,754.0,1706.0,46.0,0.0,47.0,0.0,1706.0,62.0,411.0,42.0,1400000US06001450604,06,001,450604,1706.0,18.0,0.0,0.0,9.0,28.0,61.0,450604,53.1,0.4,29.6,13.1,1.4,1.9,3.2,96.8,37.5,21.8,0.0,8.9,8.7,4.0,0.0,0.0,0.0,0.0,0.0,0.0,0.0,0.0,24.4,9.3,15.1,2.7,0.0,2.8,0.0,5.5,3.6,10.2,6.8
3814.0,1873.0,10.0,1385.0,340.0,182500.0,69.0,3814.0,1808.0,64.0,3358.0,1371.0,27.0,1969.0,2.82,3787.0,760.0,14.0,407.0,328.0,11.0,0.0,,,,,,,,,298.0,68.0,0.0,62.0,8.0,3814.0,1155.0,3814.0,532.0,623.0,1344.0,0.0,16.0,83.0,0.0,1344.0,24.0,298.0,13.0,1400000US06001450605,06,001,450605,1344.0,20.0,11.0,0.0,0.0,26.0,0.0,450605,49.1,0.3,36.3,8.9,3.5,1.8,2.0,98.0,46.3,20.1,0.4,10.7,8.7,0.3,0.0,0.0,0.0,0.0,0.0,0.0,0.0,0.0,30.3,13.9,16.3,0.0,1.2,6.2,0.0,7.4,1.8,4.4,4.2
6028.0,3011.0,0.0,2517.0,301.0,235150.0,205.0,5990.0,3197.0,106.0,3501.0,2049.0,0.0,1981.0,2.93,5999.0,916.0,138.0,306.0,455.0,17.0,0.0,,,,,,,,,300.0,11.0,18.0,58.0,25.0,6028.0,2040.0,6028.0,1087.0,953.0,2049.0,0.0,18.0,68.0,0.0,2049.0,25.0,300.0,17.0,1400000US06001450606,06,001,450606,2049.0,33.0,16.0,17.0,9.0,12.0,24.0,450606,50.0,0.0,41.8,5.0,3.3,3.4,0.0,100.0,37.3,15.3,2.3,5.1,7.6,0.3,0.0,0.0,0.0,0.0,0.0,0.0,0.0,0.0,33.8,18.0,15.8,0.0,0.9,3.3,0.0,4.2,1.2,5.7,5.4
5182.0,1703.0,89.0,2320.0,753.0,98214.0,287.0,5182.0,3132.0,36.0,2027.0,2607.0,305.0,1991.0,2.24,5151.0,2334.0,157.0,924.0,832.0,331.0,48.0,,,,,,,,,1452.0,28.0,113.0,118.0,517.0,5182.0,1819.0,5182.0,1084.0,735.0,2302.0,16.0,60.0,80.0,0.0,2302.0,239.0,1452.0,270.0,1400000US06001450607,06,001,450607,2302.0,87.0,85.0,57.0,112.0,43.0,175.0,450607,32.9,1.7,44.8,14.5,1.1,5.5,11.7,88.3,53.4,45.3,3.0,17.9,16.2,6.4,0.9,0.0,0.0,0.0,0.0,0.0,0.0,0.0,35.1,20.9,14.2,0.7,2.6,3.5,0.0,6.8,10.4,18.6,24.3
4658.0,1925.0,78.0,2079.0,357.0,250001.0,335.0,4658.0,2463.0,93.0,2633.0,1404.0,0.0,1986.0,3.32,4658.0,865.0,52.0,271.0,528.0,14.0,0.0,,,,,,,,,274.0,11.0,0.0,13.0,96.0,4658.0,1609.0,4658.0,1090.0,519.0,1404.0,0.0,6.0,58.0,0.0,1404.0,175.0,274.0,27.0,1400000US06001450608,06,001,450608,1404.0,21.0,76.0,0.0,12.0,25.0,26.0,450608,41.3,1.7,44.6,7.7,3.8,7.2,0.0,100.0,43.8,18.6,1.1,5.8,11.3,0.3,0.0,0.0,0.0,0.0,0.0,0.0,0.0,0.0,34.5,23.4,11.1,0.0,0.4,4.1,0.0,4.6,12.5,9.9,11.4
4928.0,2376.0,100.0,1569.0,681.0,152857.0,133.0,4923.0,2810.0,192.0,3122.0,1916.0,0.0,1972.0,2.55,4885.0,1444.0,302.0,965.0,158.0,19.0,0.0,,,,,,,,,636.0,152.0,30.0,88.0,156.0,4928.0,1457.0,4928.0,745.0,712.0,1916.0,0.0,14.0,25.0,0.0,1916.0,13.0,636.0,15.0,1400000US06001450609,06,001,450609,1916.0,14.0,12.0,11.0,0.0,11.0,0.0,450609,48.2,2.0,31.8,13.8,6.8,2.7,0.0,100.0,67.0,29.6,6.2,19.8,3.2,0.4,0.0,0.0,0.0,0.0,0.0,0.0,0.0,0.0,29.6,15.1,14.4,0.0,0.7,1.3,0.0,2.0,0.7,2.4,2.5
8738.0,3949.0,145.0,3754.0,619.0,250001.0,285.0,8733.0,4320.0,246.0,3370.0,2727.0,64.0,1994.0,3.27,8715.0,828.0,0.0,405.0,117.0,81.0,149.0,,,,,,,,,303.0,6.0,0.0,16.0,148.0,8738.0,2883.0,8738.0,2202.0,681.0,2663.0,15.0,0.0,84.0,0.0,2663.0,155.0,303.0,0.0,1400000US06001450701,06,001,450701,2663.0,53.0,25.0,20.0,0.0,13.0,12.0,450701,45.2,1.7,43.0,7.1,5.7,3.3,2.3,97.7,56.1,9.5,0.0,4.6,1.3,0.9,1.7,0.0,0.0,0.0,0.0,0.0,0.0,0.0,33.0,25.2,7.8,0.6,0.0,3.2,0.0,3.7,5.8,0.0,4.6
5742.0,2585.0,68.0,1541.0,1228.0,165000.0,879.0,5606.0,2874.0,65.0,2472.0,2041.0,77.0,1972.0,2.85,5598.0,2739.0,107.0,581.0,1341.0,710.0,0.0,,,,,,,,,913.0,73.0,29.0,70.0,359.0,5742.0,1627.0,5742.0,774.0,853.0,1964.0,50.0,0.0,138.0,0.0,1964.0,87.0,913.0,149.0,1400000US06001450741,06,001,450741,1964.0,38.0,109.0,47.0,92.0,14.0,43.0,450741,45.0,1.2,26.8,21.4,2.3,15.7,3.8,96.2,58.2,48.9,1.9,10.4,24.0,12.7,0.0,0.0,0.0,0.0,0.0,0.0,0.0,0.0,28.3,13.5,14.9,2.5,0.0,7.0,0.0,9.6,4.4,16.3,17.5
5495.0,2672.0,10.0,2000.0,503.0,172760.0,67.0,5495.0,2846.0,107.0,2923.0,2314.0,201.0,1983.0,2.6,5495.0,941.0,107.0,399.0,393.0,28.0,0.0,,,,,,,,,460.0,38.0,10.0,17.0,91.0,5495.0,1972.0,5495.0,804.0,1168.0,2113.0,0.0,59.0,183.0,0.0,2113.0,51.0,460.0,9.0,1400000US06001450742,06,001,450742,2113.0,27.0,0.0,7.0,46.0,63.0,17.0,450742,48.6,0.2,36.4,9.2,3.8,1.2,8.7,91.3,33.9,17.1,1.9,7.3,7.2,0.5,0.0,0.0,0.0,0.0,0.0,0.0,0.0,0.0,35.9,14.6,21.3,0.0,2.8,8.7,0.0,11.5,2.4,2.0,7.6
7435.0,1486.0,588.0,3945.0,944.0,155274.0,495.0,7435.0,4473.0,202.0,2817.0,3010.0,178.0,1994.0,2.63,7435.0,5258.0,613.0,2762.0,1825.0,45.0,13.0,,,,,,,,,2005.0,148.0,144.0,122.0,266.0,7435.0,3743.0,7435.0,1074.0,2669.0,2832.0,8.0,64.0,184.0,0.0,2832.0,156.0,2005.0,100.0,1400000US06001450743,06,001,450743,2832.0,25.0,8.0,33.0,12.0,55.0,49.0,450743,20.0,7.9,53.1,12.7,4.5,6.7,5.9,94.1,33.9,70.7,8.2,37.1,24.5,0.6,0.2,0.0,0.0,0.0,0.0,0.0,0.0,0.0,50.3,14.4,35.9,0.3,2.3,6.5,0.0,9.0,5.5,5.0,6.4
5818.0,2733.0,0.0,2008.0,757.0,193214.0,519.0,5809.0,2789.0,206.0,3501.0,2106.0,66.0,1985.0,2.83,5771.0,1423.0,111.0,452.0,799.0,35.0,26.0,,,,,,,,,633.0,9.0,20.0,70.0,194.0,5818.0,1585.0,5818.0,1082.0,503.0,2040.0,0.0,0.0,92.0,0.0,2040.0,47.0,633.0,34.0,1400000US06001450744,06,001,450744,2040.0,78.0,62.0,0.0,83.0,15.0,11.0,450744,47.0,0.0,34.5,13.0,7.4,8.9,3.1,96.9,46.3,24.7,1.9,7.8,13.8,0.6,0.5,0.0,0.0,0.0,0.0,0.0,0.0,0.0,27.2,18.6,8.6,0.0,0.0,4.5,0.0,4.5,2.3,5.4,12.2
6295.0,2093.0,28.0,3563.0,436.0,200729.0,513.0,6295.0,3350.0,287.0,2817.0,2255.0,0.0,1992.0,2.79,6295.0,1607.0,142.0,1104.0,229.0,52.0,80.0,,,,,,,,,586.0,31.0,61.0,120.0,187.0,6295.0,3017.0,6295.0,1500.0,1517.0,2255.0,0.0,70.0,109.0,0.0,2255.0,73.0,586.0,80.0,1400000US06001450745,06,001,450745,2255.0,106.0,0.0,62.0,0.0,67.0,28.0,450745,33.2,0.4,56.6,6.9,8.6,8.1,0.0,100.0,68.1,25.5,2.3,17.5,3.6,0.8,1.3,0.0,0.0,0.0,0.0,0.0,0.0,0.0,47.9,23.8,24.1,0.0,3.1,4.8,0.0,7.9,3.2,13.7,11.7
3229.0,1506.0,14.0,1039.0,600.0,171736.0,30.0,3229.0,1545.0,69.0,2917.0,1189.0,16.0,1982.0,2.75,3220.0,402.0,7.0,161.0,198.0,36.0,0.0,,,,,,,,,223.0,71.0,20.0,32.0,45.0,3229.0,975.0,3229.0,442.0,533.0,1173.0,0.0,14.0,40.0,0.0,1173.0,31.0,223.0,65.0,1400000US06001450746,06,001,450746,1173.0,14.0,7.0,13.0,25.0,12.0,32.0,450746,46.6,0.4,32.2,18.6,4.5,0.9,1.3,98.7,75.3,12.5,0.2,5.0,6.1,1.1,0.0,0.0,0.0,0.0,0.0,0.0,0.0,0.0,30.2,13.7,16.5,0.0,1.2,3.4,0.0,4.6,2.6,29.1,8.8
6858.0,1340.0,244.0,4484.0,473.0,153929.0,241.0,6858.0,3633.0,125.0,2738.0,2713.0,47.0,2006.0,2.57,6858.0,3133.0,244.0,1264.0,1528.0,80.0,0.0,,,,,,,,,1320.0,36.0,88.0,57.0,159.0,6858.0,3481.0,6858.0,1368.0,2113.0,2666.0,66.0,43.0,321.0,29.0,2666.0,184.0,1320.0,130.0,1400000US06001450750,06,001,450750,2666.0,156.0,9.0,8.0,118.0,28.0,18.0,450750,19.5,3.6,65.4,6.9,3.4,3.5,1.7,98.3,25.8,45.7,3.6,18.4,22.3,1.2,0.0,0.0,0.0,0.0,0.0,0.0,0.0,0.0,50.8,19.9,30.8,2.5,1.6,12.0,1.1,17.2,6.9,9.8,12.6
12662.0,1600.0,340.0,9319.0,658.0,250001.0,66.0,12662.0,6344.0,188.0,3501.0,3726.0,153.0,2013.0,3.54,12662.0,1851.0,211.0,849.0,791.0,0.0,0.0,,,,,,,,,448.0,19.0,37.0,38.0,15.0,12662.0,6259.0,12662.0,3662.0,2597.0,3573.0,0.0,86.0,153.0,0.0,3573.0,132.0,448.0,0.0,1400000US06001450751,06,001,450751,3573.0,0.0,8.0,0.0,34.0,8.0,10.0,450751,12.6,2.7,73.6,5.2,3.0,0.5,4.1,95.9,24.3,14.6,1.7,6.7,6.2,0.0,0.0,0.0,0.0,0.0,0.0,0.0,0.0,0.0,49.4,28.9,20.5,0.0,2.4,4.3,0.0,6.7,3.7,0.0,1.7
9631.0,1394.0,228.0,6842.0,685.0,250001.0,177.0,9566.0,5480.0,184.0,3501.0,2832.0,26.0,2009.0,3.43,9631.0,1010.0,0.0,653.0,214.0,125.0,18.0,,,,,,,,,278.0,18.0,0.0,7.0,36.0,9631.0,4349.0,9631.0,2544.0,1805.0,2806.0,0.0,0.0,100.0,0.0,2806.0,69.0,278.0,29.0,1400000US06001450752,06,001,450752,2806.0,18.0,18.0,8.0,0.0,0.0,0.0,450752,14.5,2.4,71.0,7.1,3.4,1.9,0.9,99.1,21.9,10.5,0.0,6.8,2.2,1.3,0.2,0.0,0.0,0.0,0.0,0.0,0.0,0.0,45.2,26.4,18.7,0.0,0.0,3.6,0.0,3.6,2.5,10.4,1.6
3950.0,2904.0,20.0,564.0,290.0,246100.0,108.0,3950.0,2089.0,112.0,3339.0,1305.0,39.0,1993.0,3.1,3923.0,163.0,0.0,82.0,75.0,6.0,0.0,,,,,,,,,47.0,0.0,0.0,6.0,0.0,3950.0,772.0,3950.0,366.0,406.0,1266.0,0.0,0.0,0.0,0.0,1266.0,26.0,47.0,0.0,1400000US06001451102,06,001,451102,1266.0,0.0,0.0,23.0,0.0,9.0,7.0,451102,73.5,0.5,14.3,7.3,5.4,2.7,3.0,97.0,12.8,4.2,0.0,2.1,1.9,0.2,0.0,0.0,0.0,0.0,0.0,0.0,0.0,0.0,19.5,9.3,10.3,0.0,0.0,0.0,0.0,0.0,2.1,0.0,3.1
1361.0,1174.0,24.0,0.0,163.0,250001.0,0.0,1276.0,564.0,33.0,3501.0,490.0,107.0,2005.0,3.33,1276.0,317.0,13.0,3.0,301.0,0.0,0.0,,,,,,,,,81.0,0.0,0.0,0.0,3.0,1361.0,176.0,1361.0,112.0,64.0,383.0,10.0,0.0,0.0,0.0,383.0,20.0,81.0,0.0,1400000US06001451103,06,001,451103,383.0,0.0,0.0,0.0,0.0,0.0,0.0,451103,86.3,1.8,0.0,12.0,5.9,0.0,21.8,78.2,3.7,24.8,1.0,0.2,23.6,0.0,0.0,0.0,0.0,0.0,0.0,0.0,0.0,0.0,12.9,8.2,4.7,2.6,0.0,0.0,0.0,2.6,5.2,0.0,0.0
7164.0,3870.0,3.0,1761.0,1289.0,177210.0,273.0,7149.0,3595.0,120.0,3295.0,2242.0,70.0,1996.0,3.3,7157.0,1548.0,63.0,846.0,458.0,157.0,15.0,,,,,,,,,379.0,11.0,51.0,62.0,64.0,7164.0,1432.0,7164.0,913.0,519.0,2172.0,4.0,38.0,19.0,0.0,2172.0,114.0,379.0,63.0,1400000US06001451104,06,001,451104,2172.0,33.0,18.0,0.0,28.0,48.0,29.0,451104,54.0,0.0,24.6,18.0,3.3,3.8,3.1,96.9,49.6,21.6,0.9,11.8,6.4,2.2,0.2,0.0,0.0,0.0,0.0,0.0,0.0,0.0,20.0,12.7,7.2,0.2,1.7,0.9,0.0,2.8,5.2,16.6,7.2
7569.0,3620.0,124.0,1333.0,1881.0,109593.0,534.0,7569.0,4068.0,179.0,2186.0,2762.0,18.0,1982.0,2.75,7536.0,2465.0,44.0,713.0,1320.0,166.0,206.0,,,,,,,,,1012.0,112.0,69.0,35.0,374.0,7569.0,1242.0,7569.0,633.0,609.0,2744.0,0.0,8.0,50.0,0.0,2744.0,265.0,1012.0,155.0,1400000US06001451201,06,001,451201,2744.0,195.0,40.0,46.0,39.0,50.0,82.0,451201,47.8,1.6,17.6,24.9,4.4,7.1,0.7,99.3,58.3,32.7,0.6,9.5,17.5,2.2,2.7,0.0,0.0,0.0,0.0,0.0,0.0,0.0,16.4,8.4,8.0,0.0,0.3,1.8,0.0,2.1,9.7,15.3,16.5
5482.0,2466.0,51.0,1509.0,925.0,170459.0,134.0,5482.0,3220.0,73.0,3211.0,2137.0,25.0,1990.0,2.59,5460.0,707.0,18.0,283.0,406.0,0.0,0.0,,,,,,,,,301.0,25.0,26.0,11.0,18.0,5482.0,1066.0,5482.0,612.0,454.0,2112.0,9.0,0.0,55.0,0.0,2112.0,46.0,301.0,0.0,1400000US06001451202,06,001,451202,2112.0,45.0,5.0,0.0,26.0,22.0,0.0,451202,45.0,0.9,27.5,16.9,2.3,2.4,1.2,98.8,26.6,12.9,0.3,5.2,7.4,0.0,0.0,0.0,0.0,0.0,0.0,0.0,0.0,0.0,19.4,11.2,8.3,0.4,0.0,2.6,0.0,3.0,2.2,0.0,4.6
6393.0,3446.0,78.0,735.0,1696.0,119928.0,194.0,6393.0,3718.0,149.0,2819.0,2359.0,0.0,1974.0,2.71,6393.0,1032.0,0.0,181.0,679.0,172.0,0.0,,,,,,,,,486.0,19.0,17.0,211.0,42.0,6393.0,918.0,6393.0,342.0,576.0,2359.0,9.0,0.0,37.0,0.0,2359.0,92.0,486.0,194.0,1400000US06001451300,06,001,451300,2359.0,0.0,18.0,35.0,14.0,116.0,49.0,451300,53.9,1.2,11.5,26.5,4.0,3.0,0.0,100.0,59.5,16.1,0.0,2.8,10.6,2.7,0.0,0.0,0.0,0.0,0.0,0.0,0.0,0.0,14.4,5.3,9.0,0.4,0.0,1.6,0.0,1.9,3.9,39.9,9.8
6166.0,2426.0,330.0,552.0,2344.0,113639.0,477.0,6140.0,3381.0,127.0,2175.0,2293.0,43.0,1987.0,2.72,6112.0,2274.0,52.0,629.0,1496.0,80.0,17.0,,,,,,,,,932.0,125.0,160.0,145.0,205.0,6166.0,1710.0,6166.0,605.0,1105.0,2250.0,160.0,15.0,19.0,0.0,2250.0,242.0,932.0,18.0,1400000US06001451401,06,001,451401,2250.0,109.0,92.0,0.0,24.0,23.0,22.0,451401,39.3,5.4,9.0,38.0,3.8,7.8,1.9,98.1,68.1,37.2,0.9,10.3,24.5,1.3,0.3,0.0,0.0,0.0,0.0,0.0,0.0,0.0,27.7,9.8,17.9,7.1,0.7,0.8,0.0,8.6,10.8,1.9,12.0
2184.0,1276.0,35.0,186.0,512.0,180197.0,52.0,2184.0,1241.0,29.0,2483.0,778.0,15.0,1965.0,2.84,2168.0,318.0,9.0,107.0,182.0,20.0,0.0,,,,,,,,,121.0,6.0,6.0,0.0,22.0,2184.0,319.0,2184.0,244.0,75.0,763.0,12.0,0.0,3.0,0.0,763.0,28.0,121.0,5.0,1400000US06001451403,06,001,451403,763.0,16.0,5.0,4.0,10.0,5.0,17.0,451403,58.4,1.6,8.5,23.4,2.3,2.4,1.9,98.1,28.1,14.7,0.4,4.9,8.4,0.9,0.0,0.0,0.0,0.0,0.0,0.0,0.0,0.0,14.6,11.2,3.4,1.6,0.0,0.4,0.0,2.0,3.7,4.1,7.5
6631.0,2098.0,70.0,423.0,3916.0,105387.0,578.0,6577.0,3930.0,213.0,2428.0,2193.0,47.0,1960.0,3.08,6608.0,3213.0,58.0,664.0,1916.0,462.0,0.0,,,,,,,,,987.0,60.0,64.0,172.0,231.0,6631.0,1862.0,6631.0,502.0,1360.0,2146.0,172.0,0.0,68.0,0.0,2146.0,213.0,987.0,61.0,1400000US06001451404,06,001,451404,2146.0,71.0,53.0,73.0,21.0,35.0,35.0,451404,31.6,1.1,6.4,59.1,5.4,8.8,2.1,97.9,53.4,48.6,0.9,10.0,29.0,7.0,0.0,0.0,0.0,0.0,0.0,0.0,0.0,0.0,28.1,7.6,20.5,8.0,0.0,3.2,0.0,11.2,9.9,6.2,13.4
4496.0,2660.0,228.0,757.0,642.0,168580.0,334.0,4496.0,2481.0,93.0,2318.0,1862.0,103.0,1979.0,2.53,4453.0,1691.0,127.0,604.0,559.0,298.0,52.0,,,,,,,,,760.0,91.0,85.0,74.0,136.0,4496.0,1076.0,4496.0,483.0,593.0,1759.0,48.0,17.0,35.0,0.0,1759.0,135.0,760.0,104.0,1400000US06001451501,06,001,451501,1759.0,37.0,81.0,37.0,99.0,40.0,33.0,451501,59.2,5.1,16.8,14.3,3.7,7.4,5.5,94.5,50.8,38.0,2.9,13.6,12.6,6.7,1.2,0.0,0.0,0.0,0.0,0.0,0.0,0.0,23.9,10.7,13.2,2.7,1.0,2.0,0.0,5.7,7.7,13.7,18.6
6104.0,3113.0,36.0,1268.0,1213.0,166898.0,185.0,6004.0,3462.0,27.0,1905.0,2374.0,204.0,1962.0,2.77,6019.0,1063.0,150.0,432.0,357.0,124.0,0.0,,,,,,,,,385.0,91.0,19.0,0.0,187.0,6104.0,1155.0,6104.0,625.0,530.0,2170.0,21.0,0.0,39.0,0.0,2170.0,42.0,385.0,46.0,1400000US06001451503,06,001,451503,2170.0,31.0,25.0,0.0,139.0,38.0,17.0,451503,51.0,0.6,20.8,19.9,0.8,3.1,8.6,91.4,77.1,17.7,2.5,7.2,5.9,2.1,0.0,0.0,0.0,0.0,0.0,0.0,0.0,0.0,18.9,10.2,8.7,1.0,0.0,1.8,0.0,2.8,1.9,11.9,11.5
1539.0,706.0,0.0,328.0,410.0,162083.0,41.0,1539.0,963.0,38.0,3146.0,558.0,22.0,1992.0,2.87,1539.0,503.0,31.0,26.0,385.0,61.0,0.0,,,,,,,,,117.0,0.0,5.0,0.0,26.0,1539.0,293.0,1539.0,168.0,125.0,536.0,0.0,13.0,0.0,0.0,536.0,11.0,117.0,6.0,1400000US06001451504,06,001,451504,536.0,6.0,22.0,5.0,22.0,8.0,7.0,451504,45.9,0.0,21.3,26.6,3.9,2.7,3.9,96.1,26.5,32.7,2.0,1.7,25.0,4.0,0.0,0.0,0.0,0.0,0.0,0.0,0.0,0.0,19.0,10.9,8.1,0.0,2.4,0.0,0.0,2.4,2.1,5.1,13.1
3159.0,2095.0,32.0,444.0,402.0,221417.0,25.0,3159.0,1846.0,53.0,3194.0,1198.0,9.0,1982.0,2.66,3159.0,184.0,0.0,0.0,77.0,107.0,0.0,,,,,,,,,60.0,0.0,11.0,13.0,0.0,3159.0,421.0,3159.0,271.0,150.0,1189.0,0.0,0.0,0.0,0.0,1189.0,27.0,60.0,0.0,1400000US06001451505,06,001,451505,1189.0,12.0,0.0,0.0,0.0,30.0,0.0,451505,66.3,1.0,14.1,12.7,2.9,0.8,0.8,99.2,40.0,5.8,0.0,0.0,2.4,3.4,0.0,0.0,0.0,0.0,0.0,0.0,0.0,0.0,13.3,8.6,4.7,0.0,0.0,0.0,0.0,0.0,2.3,0.0,3.5
3548.0,1322.0,141.0,593.0,1294.0,123571.0,90.0,3467.0,1936.0,31.0,2600.0,1011.0,27.0,1977.0,3.59,3531.0,1986.0,144.0,709.0,878.0,255.0,0.0,,,,,,,,,485.0,123.0,82.0,28.0,57.0,3548.0,753.0,3548.0,267.0,486.0,984.0,29.0,0.0,0.0,0.0,984.0,39.0,485.0,0.0,1400000US06001451506,06,001,451506,984.0,0.0,0.0,0.0,6.0,8.0,10.0,451506,37.3,4.0,16.7,36.5,1.6,2.6,2.7,97.3,59.8,56.2,4.1,20.1,24.9,7.2,0.0,0.0,0.0,0.0,0.0,0.0,0.0,0.0,21.2,7.5,13.7,2.9,0.0,0.0,0.0,2.9,4.0,0.0,2.4
5367.0,3774.0,0.0,828.0,497.0,194662.0,207.0,5363.0,2794.0,118.0,2446.0,1908.0,122.0,1989.0,2.97,5300.0,1265.0,114.0,214.0,811.0,114.0,12.0,,,,,,,,,487.0,72.0,46.0,19.0,68.0,5367.0,848.0,5367.0,581.0,267.0,1786.0,0.0,0.0,50.0,0.0,1786.0,11.0,487.0,11.0,1400000US06001451601,06,001,451601,1786.0,11.0,0.0,9.0,0.0,37.0,10.0,451601,70.3,0.0,15.4,9.3,4.2,3.9,6.4,93.6,42.1,23.9,2.2,4.0,15.3,2.2,0.2,0.0,0.0,0.0,0.0,0.0,0.0,0.0,15.8,10.8,5.0,0.0,0.0,2.8,0.0,2.8,0.6,2.3,3.8
6909.0,4522.0,152.0,568.0,1311.0,140909.0,257.0,6673.0,3863.0,74.0,2562.0,2824.0,168.0,1974.0,2.51,6655.0,2342.0,207.0,383.0,1171.0,448.0,133.0,,,,,,,,,1036.0,74.0,62.0,58.0,233.0,6909.0,799.0,6909.0,237.0,562.0,2656.0,0.0,17.0,19.0,0.0,2656.0,92.0,1036.0,149.0,1400000US06001451602,06,001,451602,2656.0,105.0,0.0,0.0,74.0,17.0,65.0,451602,65.5,2.2,8.2,19.0,1.9,3.9,5.9,94.1,41.2,35.2,3.1,5.8,17.6,6.7,2.0,0.0,0.0,0.0,0.0,0.0,0.0,0.0,11.6,3.4,8.1,0.0,0.6,0.7,0.0,1.4,3.5,14.4,9.8
2936.0,1595.0,125.0,562.0,369.0,186991.0,79.0,2927.0,1680.0,61.0,3231.0,1072.0,33.0,1966.0,2.79,2898.0,395.0,0.0,0.0,254.0,127.0,0.0,,,,,,,,,151.0,44.0,21.0,9.0,0.0,2936.0,295.0,2936.0,160.0,135.0,1039.0,0.0,0.0,0.0,0.0,1039.0,37.0,151.0,0.0,1400000US06001451701,06,001,451701,1039.0,25.0,11.0,0.0,18.0,0.0,14.0,451701,54.3,4.3,19.1,12.6,3.6,2.7,3.1,96.9,49.0,13.6,0.0,0.0,8.8,4.4,0.0,0.0,0.0,0.0,0.0,0.0,0.0,0.0,10.0,5.4,4.6,0.0,0.0,0.0,0.0,0.0,3.6,0.0,6.5
3827.0,2317.0,28.0,741.0,506.0,194607.0,102.0,3827.0,2180.0,28.0,2926.0,1321.0,0.0,1976.0,2.9,3827.0,371.0,79.0,60.0,187.0,25.0,20.0,,,,,,,,,156.0,8.0,11.0,17.0,18.0,3827.0,688.0,3827.0,514.0,174.0,1321.0,0.0,0.0,24.0,0.0,1321.0,68.0,156.0,0.0,1400000US06001451703,06,001,451703,1321.0,43.0,0.0,0.0,29.0,9.0,43.0,451703,60.5,0.7,19.4,13.2,1.3,2.7,0.0,100.0,34.6,9.7,2.1,1.6,4.9,0.7,0.5,0.0,0.0,0.0,0.0,0.0,0.0,0.0,18.0,13.4,4.5,0.0,0.0,1.8,0.0,1.8,5.1,0.0,9.4
4320.0,3001.0,10.0,671.0,519.0,149875.0,116.0,4320.0,2339.0,141.0,2277.0,1668.0,102.0,1969.0,2.76,4317.0,975.0,108.0,490.0,255.0,109.0,0.0,,,,,,,,,390.0,47.0,0.0,14.0,121.0,4320.0,775.0,4320.0,308.0,467.0,1566.0,0.0,0.0,17.0,0.0,1566.0,22.0,390.0,20.0,1400000US06001451704,06,001,451704,1566.0,75.0,11.0,31.0,7.0,35.0,59.0,451704,69.5,0.2,15.5,12.0,6.0,2.7,6.1,93.9,46.7,22.6,2.5,11.4,5.9,2.5,0.0,0.0,0.0,0.0,0.0,0.0,0.0,0.0,17.9,7.1,10.8,0.0,0.0,1.1,0.0,1.1,1.4,5.1,13.9
25.0,15.0,0.0,0.0,10.0,,0.0,25.0,25.0,0.0,,15.0,0.0,,1.67,25.0,25.0,0.0,0.0,20.0,5.0,0.0,,,,,,,,,15.0,0.0,0.0,0.0,0.0,25.0,0.0,25.0,0.0,0.0,15.0,0.0,0.0,0.0,0.0,15.0,0.0,15.0,0.0,1400000US06001981900,06,001,981900,15.0,0.0,0.0,0.0,0.0,0.0,0.0,981900,60.0,0.0,0.0,40.0,0.0,0.0,0.0,100.0,0.0,100.0,0.0,0.0,80.0,20.0,0.0,0.0,0.0,0.0,0.0,0.0,0.0,0.0,0.0,0.0,0.0,0.0,0.0,0.0,0.0,0.0,0.0,0.0,0.0
50.0,25.0,5.0,17.0,0.0,129167.0,0.0,50.0,35.0,0.0,,32.0,0.0,1978.0,1.56,50.0,9.0,0.0,0.0,9.0,0.0,0.0,,,,,,,,,4.0,0.0,4.0,0.0,0.0,50.0,10.0,50.0,5.0,5.0,32.0,0.0,0.0,0.0,0.0,32.0,0.0,4.0,4.0,1400000US06001982000,06,001,982000,32.0,0.0,0.0,0.0,0.0,0.0,0.0,982000,50.0,10.0,34.0,0.0,0.0,0.0,0.0,100.0,100.0,18.0,0.0,0.0,18.0,0.0,0.0,0.0,0.0,0.0,0.0,0.0,0.0,0.0,20.0,10.0,10.0,0.0,0.0,0.0,0.0,0.0,0.0,100.0,0.0
923.0,261.0,82.0,387.0,170.0,,12.0,32.0,400.0,18.0,,32.0,12.0,1972.0,1.6,32.0,15.0,0.0,15.0,0.0,0.0,0.0,,,,,,,,,5.0,0.0,0.0,0.0,0.0,923.0,389.0,923.0,33.0,356.0,20.0,0.0,0.0,0.0,0.0,20.0,0.0,5.0,0.0,1400000US06001982100,06,001,982100,20.0,0.0,12.0,0.0,0.0,0.0,0.0,982100,28.3,8.9,41.9,18.4,4.5,37.5,37.5,62.5,0.0,46.9,0.0,46.9,0.0,0.0,0.0,0.0,0.0,0.0,0.0,0.0,0.0,0.0,42.1,3.6,38.6,0.0,0.0,0.0,0.0,0.0,0.0,0.0,60.0
896.0,485.0,124.0,171.0,43.0,176103.0,109.0,896.0,699.0,1.0,3392.0,580.0,45.0,2006.0,1.53,819.0,249.0,59.0,171.0,15.0,4.0,0.0,,,,,,,,,133.0,6.0,0.0,0.0,15.0,896.0,172.0,896.0,115.0,57.0,535.0,0.0,0.0,0.0,0.0,535.0,0.0,133.0,9.0,1400000US06001983200,06,001,983200,535.0,0.0,21.0,0.0,8.0,0.0,8.0,983200,54.1,13.8,19.1,4.8,0.1,12.2,7.8,92.2,15.8,30.4,7.2,20.9,1.8,0.5,0.0,0.0,0.0,0.0,0.0,0.0,0.0,0.0,19.2,12.8,6.4,0.0,0.0,0.0,0.0,0.0,0.0,6.8,6.9
0.0,0.0,0.0,0.0,0.0,,0.0,0.0,0.0,0.0,,0.0,0.0,,,0.0,0.0,0.0,0.0,0.0,0.0,0.0,,,,,,,,,0.0,0.0,0.0,0.0,0.0,0.0,0.0,0.0,0.0,0.0,0.0,0.0,0.0,0.0,0.0,0.0,0.0,0.0,0.0,1400000US06001990000,06,001,990000,0.0,0.0,0.0,0.0,0.0,0.0,0.0,990000,0.0,0.0,0.0,0.0,0.0,0.0,0.0,100.0,0.0,0.0,0.0,0.0,0.0,0.0,0.0,0.0,0.0,0.0,0.0,0.0,0.0,0.0,0.0,0.0,0.0,0.0,0.0,0.0,0.0,0.0,0.0,0.0,0.0
