total_pop,pop_white_non_hisp,pop_black,pop_asian,pop_hispanic,median_hh_income,pop_poverty,pop_poverty_total,labor_force,unemployed,median_gross_rent,housing_units_total,housing_units_vacant,median_year_built,avg_household_size,lor_total,lor_2019_or_later,lor_2015_2018,lor_2010_2014,lor_2000_2009,lor_1990_1999,lor_1989_or_earlier,lang_total,lang_english_only,lang_spanish,lang_french,lang_chinese,lang_vietnamese,lang_tagalog,lang_korean,renter_households_total,burden_30_35,burden_35_40,burden_40_50,burden_50_plus,state,county,tract,id,pct_white,pct_black,pct_asian,pct_hispanic,unemployment,poverty_rate,vacancy_rate,occupancy_rate,rent_burden,pct_lor_2019_or_later,pct_lor_2015_2018,pct_lor_2010_2014,pct_lor_2000_2009,pct_lor_1990_1999,pct_lor_1989_or_earlier,pct_lang_english_only,pct_lang_spanish,pct_lang_french,pct_lang_chinese,pct_lang_vietnamese,pct_lang_tagalog,pct_lang_korean
2696.0,703.0,1188.0,410.0,228.0,19866.0,1128.0,2577.0,1163.0,220.0,538.0,1844.0,192.0,1975.0,1.44,2382.0,2160.0,455.0,1363.0,324.0,18.0,0.0,2555.0,1763.0,127.0,35.0,0.0,57.0,29.0,0.0,1531.0,239.0,99.0,163.0,343.0,06,001,402800,402800,26.1,44.1,15.2,8.5,18.9,43.8,10.4,89.6,55.1,90.7,19.1,57.2,13.6,0.8,0.0,69.0,5.0,1.4,0.0,2.2,1.1,0.0
5037.0,3145.0,185.0,827.0,359.0,132097.0,185.0,4987.0,3080.0,126.0,2001.0,2418.0,243.0,1988.0,2.32,5037.0,656.0,224.0,365.0,67.0,0.0,0.0,4623.0,3557.0,155.0,81.0,0.0,29.0,77.0,0.0,316.0,55.0,0.0,0.0,46.0,06,001,404400,404400,62.4,3.7,16.4,7.1,4.1,3.7,10.0,90.0,32.0,13.0,4.4,7.2,1.3,0.0,0.0,76.9,3.4,1.8,0.0,0.6,1.7,0.0
2275.0,789.0,1092.0,298.0,86.0,60811.0,278.0,2275.0,1281.0,80.0,1144.0,1175.0,85.0,1939.0,2.08,2268.0,1114.0,367.0,683.0,13.0,7.0,44.0,2163.0,1803.0,44.0,20.0,0.0,193.0,0.0,0.0,658.0,27.0,10.0,38.0,226.0,06,001,400900,400900,34.7,48.0,13.1,3.8,6.2,12.2,7.2,92.8,45.7,49.1,16.2,30.1,0.6,0.3,1.9,83.4,2.0,0.9,0.0,8.9,0.0,0.0
892.0,130.0,215.0,531.0,11.0,22927.0,214.0,892.0,447.0,52.0,759.0,609.0,83.0,1974.0,1.7,892.0,656.0,42.0,432.0,140.0,42.0,0.0,876.0,365.0,6.0,4.0,0.0,46.0,0.0,0.0,425.0,87.0,43.0,24.0,76.0,06,001,402600,402600,14.6,24.1,59.5,1.2,11.6,24.0,13.6,86.4,54.1,73.5,4.7,48.4,15.7,4.7,0.0,41.7,0.7,0.5,0.0,5.3,0.0,0.0
3473.0,2073.0,371.0,456.0,362.0,152656.0,160.0,3353.0,1881.0,125.0,1918.0,1434.0,65.0,1953.0,2.44,3338.0,591.0,254.0,280.0,39.0,9.0,0.0,3311.0,2663.0,165.0,58.0,0.0,0.0,0.0,0.0,282.0,31.0,10.0,10.0,46.0,06,001,404200,404200,59.7,10.7,13.1,10.4,6.6,4.8,4.5,95.5,34.4,17.7,7.6,8.4,1.2,0.3,0.0,80.4,5.0,1.8,0.0,0.0,0.0,0.0
3487.0,553.0,832.0,1226.0,778.0,35964.0,743.0,3487.0,1955.0,224.0,1121.0,1707.0,134.0,1941.0,2.22,3487.0,2468.0,554.0,1621.0,186.0,55.0,24.0,3388.0,1717.0,525.0,28.0,12.0,198.0,0.0,0.0,1220.0,187.0,73.0,120.0,380.0,06,001,405500,405500,15.9,23.9,35.2,22.3,11.5,21.3,7.9,92.1,62.3,70.8,15.9,46.5,5.3,1.6,0.7,50.7,15.5,0.8,0.4,5.8,0.0,0.0
3088.0,589.0,848.0,1181.0,383.0,43750.0,508.0,3088.0,1841.0,202.0,1021.0,1527.0,132.0,1939.0,2.21,3088.0,2086.0,295.0,1331.0,415.0,34.0,11.0,2959.0,1403.0,415.0,25.0,0.0,125.0,0.0,0.0,1091.0,106.0,67.0,124.0,269.0,06,001,405600,405600,19.1,27.5,38.2,12.4,11.0,16.5,8.6,91.4,51.9,67.6,9.6,43.1,13.4,1.1,0.4,47.4,14.0,0.8,0.0,4.2,0.0,0.0
4644.0,1831.0,530.0,1455.0,541.0,68403.0,194.0,4642.0,2636.0,245.0,1128.0,2061.0,174.0,1964.0,2.46,4641.0,2374.0,444.0,1097.0,327.0,137.0,274.0,4307.0,2663.0,304.0,39.0,0.0,133.0,54.0,0.0,1024.0,205.0,59.0,104.0,172.0,06,001,427300,427300,39.4,11.4,31.3,11.6,9.3,4.2,8.4,91.6,52.7,51.2,9.6,23.6,7.0,3.0,5.9,61.8,7.1,0.9,0.0,3.1,1.3,0.0
5190.0,1145.0,834.0,2018.0,792.0,49183.0,1051.0,5190.0,2882.0,289.0,1336.0,1809.0,92.0,1966.0,3.02,5190.0,4252.0,1227.0,2608.0,349.0,68.0,0.0,4834.0,2237.0,521.0,0.0,0.0,148.0,0.0,8.0,1406.0,76.0,63.0,170.0,333.0,06,001,427600,427600,22.1,16.1,38.9,15.3,10.0,20.3,5.1,94.9,45.7,81.9,23.6,50.3,6.7,1.3,0.0,46.3,10.8,0.0,0.0,3.1,0.0,0.2
4622.0,2634.0,103.0,948.0,618.0,67500.0,221.0,4622.0,2869.0,309.0,1212.0,2245.0,129.0,1939.0,2.18,4619.0,2377.0,692.0,1301.0,276.0,93.0,15.0,4373.0,3118.0,345.0,132.0,0.0,254.0,15.0,0.0,1256.0,129.0,129.0,36.0,322.0,06,001,427900,427900,57.0,2.2,20.5,13.4,10.8,4.8,5.7,94.3,49.0,51.5,15.0,28.2,6.0,2.0,0.3,71.3,7.9,3.0,0.0,5.8,0.3,0.0
7112.0,3187.0,174.0,2978.0,313.0,132477.0,110.0,7105.0,3495.0,291.0,2001.0,2699.0,30.0,1985.0,2.66,7095.0,853.0,156.0,471.0,226.0,0.0,0.0,6909.0,4961.0,86.0,123.0,0.0,136.0,87.0,0.0,351.0,13.0,16.0,12.0,98.0,06,001,428302,428302,44.8,2.4,41.9,4.4,8.3,1.5,1.1,98.9,39.6,12.0,2.2,6.6,3.2,0.0,0.0,71.8,1.2,1.8,0.0,2.0,1.3,0.0
3067.0,1222.0,128.0,1270.0,193.0,82026.0,256.0,2955.0,1621.0,86.0,1529.0,1617.0,202.0,1971.0,2.08,2950.0,1322.0,355.0,896.0,30.0,31.0,10.0,2926.0,1471.0,71.0,22.0,23.0,51.0,45.0,0.0,649.0,65.0,0.0,49.0,38.0,06,001,428600,428600,39.8,4.2,41.4,6.3,5.3,8.7,12.5,87.5,23.4,44.8,12.0,30.4,1.0,1.1,0.3,50.3,2.4,0.8,0.8,1.7,1.5,0.0
5715.0,3292.0,93.0,1441.0,760.0,74750.0,284.0,5707.0,2971.0,150.0,1328.0,2183.0,137.0,1959.0,2.79,5705.0,1731.0,735.0,857.0,97.0,30.0,12.0,5273.0,3569.0,334.0,68.0,68.0,117.0,0.0,0.0,650.0,140.0,62.0,71.0,94.0,06,001,430800,430800,57.6,1.6,25.2,13.3,5.0,5.0,6.3,93.7,56.5,30.3,12.9,15.0,1.7,0.5,0.2,67.7,6.3,1.3,1.3,2.2,0.0,0.0
5819.0,1503.0,751.0,2143.0,1116.0,57391.0,491.0,5694.0,3131.0,447.0,1333.0,2109.0,61.0,1959.0,2.84,5819.0,2402.0,222.0,2031.0,81.0,68.0,0.0,5497.0,2534.0,845.0,10.0,0.0,163.0,11.0,0.0,947.0,107.0,13.0,23.0,180.0,06,001,433600,433600,25.8,12.9,36.8,19.2,14.3,8.6,2.9,97.1,34.1,41.3,3.8,34.9,1.4,1.2,0.0,46.1,15.4,0.2,0.0,3.0,0.2,0.0
3482.0,833.0,57.0,353.0,1944.0,71576.0,260.0,3473.0,1758.0,242.0,1432.0,911.0,74.0,1956.0,4.16,3480.0,800.0,100.0,393.0,14.0,268.0,0.0,3256.0,1476.0,1396.0,0.0,0.0,0.0,12.0,5.0,171.0,0.0,0.0,23.0,60.0,06,001,437400,437400,23.9,1.6,10.1,55.8,13.8,7.5,8.1,91.9,48.5,23.0,2.9,11.3,0.4,7.7,0.0,45.3,42.9,0.0,0.0,0.0,0.4,0.2
4256.0,727.0,286.0,859.0,1837.0,63542.0,443.0,4256.0,2190.0,314.0,1333.0,1204.0,96.0,1961.0,3.84,4251.0,800.0,53.0,648.0,91.0,0.0,0.0,4064.0,1592.0,1507.0,0.0,0.0,64.0,36.0,0.0,223.0,39.0,0.0,9.0,40.0,06,001,438201,438201,17.1,6.7,20.2,43.2,14.3,10.4,8.0,92.0,39.5,18.8,1.2,15.2,2.1,0.0,0.0,39.2,37.1,0.0,0.0,1.6,0.9,0.0
6323.0,1060.0,544.0,737.0,3620.0,48258.0,1276.0,6311.0,3153.0,484.0,1168.0,1879.0,111.0,1959.0,3.57,6314.0,3911.0,604.0,3113.0,144.0,0.0,50.0,5835.0,2311.0,2700.0,16.0,0.0,67.0,0.0,0.0,1062.0,132.0,7.0,238.0,279.0,06,001,436900,436900,16.8,8.6,11.7,57.3,15.4,20.2,5.9,94.1,61.8,61.9,9.6,49.3,2.3,0.0,0.8,39.6,46.3,0.3,0.0,1.1,0.0,0.0
3060.0,606.0,485.0,737.0,1046.0,74531.0,56.0,3056.0,1901.0,200.0,1729.0,1241.0,105.0,1962.0,2.67,3035.0,943.0,48.0,663.0,232.0,0.0,0.0,2862.0,1478.0,679.0,0.0,0.0,113.0,0.0,9.0,312.0,11.0,33.0,6.0,60.0,06,001,437000,437000,19.8,15.8,24.1,34.2,10.5,1.8,8.5,91.5,35.3,31.1,1.6,21.8,7.6,0.0,0.0,51.6,23.7,0.0,0.0,3.9,0.0,0.3
3881.0,287.0,460.0,1364.0,1426.0,74306.0,235.0,3862.0,1824.0,196.0,1781.0,917.0,53.0,1956.0,4.44,3836.0,1179.0,550.0,406.0,218.0,0.0,0.0,3674.0,1087.0,1200.0,0.0,0.0,25.0,0.0,0.0,197.0,20.0,54.0,17.0,35.0,06,001,438300,438300,7.4,11.9,35.1,36.7,10.7,6.1,5.8,94.2,64.0,30.7,14.3,10.6,5.7,0.0,0.0,29.6,32.7,0.0,0.0,0.7,0.0,0.0
4630.0,503.0,299.0,2997.0,608.0,97542.0,157.0,4628.0,2716.0,293.0,1461.0,1387.0,106.0,1976.0,3.6,4615.0,1528.0,341.0,1123.0,36.0,28.0,0.0,4345.0,1729.0,264.0,1.0,0.0,329.0,0.0,0.0,438.0,0.0,68.0,37.0,123.0,06,001,440304,440304,10.9,6.5,64.7,13.1,10.8,3.4,7.6,92.4,52.1,33.1,7.4,24.3,0.8,0.6,0.0,39.8,6.1,0.0,0.0,7.6,0.0,0.0
5281.0,1237.0,176.0,2987.0,713.0,100977.0,437.0,5281.0,2800.0,220.0,1723.0,1764.0,103.0,1981.0,3.17,5261.0,1052.0,174.0,731.0,127.0,8.0,12.0,4883.0,2280.0,305.0,0.0,0.0,156.0,11.0,9.0,348.0,17.0,33.0,40.0,90.0,06,001,441402,441402,23.4,3.3,56.6,13.5,7.9,8.3,5.8,94.2,51.7,20.0,3.3,13.9,2.4,0.2,0.2,46.7,6.2,0.0,0.0,3.2,0.2,0.2
5263.0,1195.0,360.0,2986.0,565.0,94632.0,318.0,5263.0,2752.0,220.0,1795.0,1508.0,15.0,1975.0,3.52,5251.0,1255.0,226.0,956.0,57.0,0.0,16.0,5035.0,1802.0,496.0,0.0,0.0,19.0,0.0,0.0,349.0,113.0,41.0,2.0,41.0,06,001,441522,441522,22.7,6.8,56.7,10.7,8.0,6.0,1.0,99.0,56.4,23.9,4.3,18.2,1.1,0.0,0.3,35.8,9.9,0.0,0.0,0.4,0.0,0.0
6902.0,2451.0,153.0,2585.0,1248.0,75148.0,188.0,6799.0,3609.0,292.0,1593.0,2446.0,71.0,1973.0,2.85,6770.0,2554.0,42.0,2274.0,144.0,94.0,0.0,6250.0,3153.0,612.0,7.0,0.0,27.0,28.0,68.0,931.0,155.0,84.0,95.0,178.0,06,001,441800,441800,35.5,2.2,37.5,18.1,8.1,2.8,2.9,97.1,55.0,37.7,0.6,33.6,2.1,1.4,0.0,50.4,9.8,0.1,0.0,0.4,0.4,1.1
3710.0,661.0,120.0,1461.0,1153.0,96194.0,209.0,3702.0,2073.0,256.0,1904.0,1323.0,90.0,1988.0,2.99,3692.0,2313.0,784.0,1401.0,87.0,41.0,0.0,3464.0,1190.0,774.0,19.0,73.0,20.0,0.0,39.0,884.0,134.0,95.0,32.0,69.0,06,001,441921,441921,17.8,3.2,39.4,31.1,12.3,5.6,6.8,93.2,37.3,62.6,21.2,37.9,2.4,1.1,0.0,34.4,22.3,0.5,2.1,0.6,0.0,1.1
3347.0,835.0,0.0,2199.0,158.0,154028.0,164.0,3347.0,1749.0,112.0,2001.0,1060.0,0.0,1979.0,3.15,3339.0,97.0,0.0,97.0,0.0,0.0,0.0,3238.0,1326.0,61.0,0.0,0.0,97.0,21.0,0.0,26.0,15.0,11.0,0.0,0.0,06,001,442000,442000,24.9,0.0,65.7,4.7,6.4,4.9,0.0,100.0,100.0,2.9,0.0,2.9,0.0,0.0,0.0,41.0,1.9,0.0,0.0,3.0,0.6,0.0
5092.0,848.0,23.0,3898.0,177.0,153295.0,213.0,5092.0,2307.0,82.0,2001.0,1710.0,109.0,1972.0,3.18,5092.0,768.0,211.0,504.0,34.0,19.0,0.0,4856.0,1680.0,73.0,0.0,31.0,55.0,44.0,0.0,226.0,0.0,7.0,36.0,14.0,06,001,442100,442100,16.7,0.5,76.6,3.5,3.6,4.2,6.4,93.6,25.2,15.1,4.1,9.9,0.7,0.4,0.0,34.6,1.5,0.0,0.6,1.1,0.9,0.0
6616.0,1562.0,48.0,4672.0,183.0,142120.0,178.0,6609.0,3094.0,179.0,2001.0,2186.0,101.0,1966.0,3.16,6599.0,1440.0,260.0,1180.0,0.0,0.0,0.0,6433.0,2526.0,92.0,37.0,0.0,0.0,26.0,0.0,438.0,78.0,17.0,37.0,114.0,06,001,442200,442200,23.6,0.7,70.6,2.8,5.8,2.7,4.6,95.4,56.2,21.8,3.9,17.9,0.0,0.0,0.0,39.3,1.4,0.6,0.0,0.0,0.4,0.0
3428.0,336.0,243.0,1992.0,744.0,72679.0,103.0,3428.0,1748.0,160.0,1406.0,985.0,102.0,1978.0,3.88,3428.0,1731.0,467.0,1196.0,27.0,41.0,0.0,3193.0,922.0,502.0,56.0,17.0,121.0,11.0,0.0,478.0,76.0,45.0,77.0,157.0,06,001,440331,440331,9.8,7.1,58.1,21.7,9.2,3.0,10.4,89.6,74.3,50.5,13.6,34.9,0.8,1.2,0.0,28.9,15.7,1.8,0.5,3.8,0.3,0.0
5480.0,1997.0,183.0,2197.0,779.0,100313.0,292.0,5480.0,2738.0,164.0,1464.0,1913.0,125.0,1974.0,3.04,5441.0,1500.0,457.0,950.0,26.0,35.0,32.0,5071.0,2513.0,520.0,36.0,0.0,29.0,35.0,0.0,502.0,15.0,74.0,72.0,31.0,06,001,441302,441302,36.4,3.3,40.1,14.2,6.0,5.3,6.5,93.5,38.2,27.6,8.4,17.5,0.5,0.6,0.6,49.6,10.3,0.7,0.0,0.6,0.7,0.0
4578.0,1481.0,1105.0,1285.0,371.0,35234.0,1422.0,4578.0,2666.0,143.0,952.0,2559.0,218.0,1956.0,1.95,4554.0,4142.0,526.0,2936.0,631.0,32.0,0.0,4317.0,2688.0,142.0,45.0,34.0,0.0,28.0,0.0,2143.0,203.0,200.0,125.0,552.0,06,001,403501,403501,32.4,24.1,28.1,8.1,5.4,31.1,8.5,91.5,50.4,91.0,11.6,64.5,13.9,0.7,0.0,62.3,3.3,1.0,0.8,0.0,0.6,0.0
2062.0,1040.0,466.0,191.0,303.0,64095.0,204.0,2048.0,1506.0,116.0,1186.0,1323.0,129.0,1959.0,1.71,2043.0,1372.0,331.0,755.0,213.0,37.0,27.0,2028.0,1593.0,98.0,43.0,89.0,0.0,0.0,0.0,828.0,37.0,31.0,81.0,95.0,06,001,403502,403502,50.4,22.6,9.3,14.7,7.7,10.0,9.8,90.2,29.5,67.2,16.2,37.0,10.4,1.8,1.3,78.6,4.8,2.1,4.4,0.0,0.0,0.0
2625.0,1515.0,391.0,299.0,202.0,58359.0,266.0,2597.0,1651.0,20.0,1111.0,1986.0,209.0,1959.0,1.45,2578.0,2344.0,548.0,1482.0,278.0,13.0,23.0,2515.0,1898.0,191.0,2.0,23.0,0.0,13.0,0.0,1631.0,163.0,114.0,112.0,233.0,06,001,403701,403701,57.7,14.9,11.4,7.7,1.2,10.2,10.5,89.5,38.1,90.9,21.3,57.5,10.8,0.5,0.9,75.5,7.6,0.1,0.9,0.0,0.5,0.0
1999.0,1172.0,315.0,317.0,106.0,78250.0,186.0,1999.0,1353.0,93.0,1371.0,1184.0,0.0,1947.0,1.69,1996.0,1565.0,229.0,1112.0,210.0,14.0,0.0,1935.0,1304.0,61.0,126.0,0.0,0.0,50.0,0.0,910.0,88.0,29.0,64.0,165.0,06,001,403702,403702,58.6,15.8,15.9,5.3,6.9,9.3,0.0,100.0,38.0,78.4,11.5,55.7,10.5,0.7,0.0,67.4,3.2,6.5,0.0,0.0,2.6,0.0
2510.0,1308.0,257.0,653.0,169.0,54146.0,320.0,2383.0,1443.0,108.0,1058.0,1750.0,212.0,1955.0,1.57,2417.0,2031.0,335.0,1254.0,365.0,61.0,8.0,2428.0,1871.0,116.0,22.0,0.0,0.0,79.0,0.0,1347.0,109.0,108.0,41.0,194.0,06,001,404102,404102,52.1,10.2,26.0,6.7,7.5,13.4,12.1,87.9,33.6,84.0,13.9,51.9,15.1,2.5,0.3,77.1,4.8,0.9,0.0,0.0,3.3,0.0
2724.0,1918.0,33.0,378.0,193.0,61722.0,255.0,2702.0,1902.0,77.0,1169.0,1861.0,218.0,1946.0,1.65,2715.0,1567.0,267.0,1017.0,161.0,101.0,21.0,2609.0,2089.0,194.0,6.0,0.0,0.0,0.0,41.0,1029.0,83.0,33.0,96.0,174.0,06,001,404101,404101,70.4,1.2,13.9,7.1,4.0,9.4,11.7,88.3,37.5,57.7,9.8,37.5,5.9,3.7,0.8,80.1,7.4,0.2,0.0,0.0,0.0,1.6
2636.0,1166.0,576.0,464.0,376.0,49826.0,76.0,2629.0,1855.0,154.0,1122.0,1628.0,115.0,1952.0,1.74,2629.0,2319.0,557.0,1292.0,160.0,148.0,135.0,2432.0,1655.0,256.0,161.0,0.0,26.0,18.0,15.0,1333.0,176.0,89.0,140.0,204.0,06,001,405301,405301,44.2,21.9,17.6,14.3,8.3,2.9,7.1,92.9,45.7,88.2,21.2,49.1,6.1,5.6,5.1,68.1,10.5,6.6,0.0,1.1,0.7,0.6
3009.0,492.0,534.0,973.0,940.0,30262.0,956.0,3009.0,1579.0,233.0,838.0,1594.0,65.0,1955.0,1.97,3009.0,2931.0,555.0,1893.0,434.0,49.0,0.0,2813.0,928.0,734.0,0.0,0.0,133.0,0.0,0.0,1487.0,105.0,52.0,116.0,517.0,06,001,405302,405302,16.4,17.7,32.3,31.2,14.8,31.8,4.1,95.9,53.1,97.4,18.4,62.9,14.4,1.6,0.0,33.0,26.1,0.0,0.0,4.7,0.0,0.0
4010.0,273.0,894.0,1579.0,1131.0,27226.0,1221.0,3911.0,2304.0,388.0,906.0,1822.0,243.0,1944.0,2.52,3977.0,3155.0,720.0,2046.0,270.0,76.0,25.0,3812.0,1542.0,965.0,10.0,16.0,387.0,0.0,0.0,1350.0,64.0,154.0,176.0,365.0,06,001,405401,405401,6.8,22.3,39.4,28.2,16.8,31.2,13.3,86.7,56.2,79.3,18.1,51.4,6.8,1.9,0.6,40.5,25.3,0.3,0.4,10.2,0.0,0.0
2331.0,682.0,421.0,556.0,618.0,52158.0,273.0,2325.0,1219.0,55.0,942.0,991.0,114.0,1950.0,2.64,2318.0,1015.0,326.0,493.0,84.0,112.0,0.0,2217.0,782.0,828.0,3.0,0.0,0.0,0.0,0.0,470.0,19.0,36.0,18.0,121.0,06,001,406602,406602,29.3,18.1,23.9,26.5,4.5,11.7,11.5,88.5,41.3,43.8,14.1,21.3,3.6,4.8,0.0,35.3,37.3,0.1,0.0,0.0,0.0,0.0
3049.0,287.0,460.0,1719.0,580.0,24375.0,1078.0,2958.0,1556.0,293.0,896.0,1264.0,200.0,1943.0,2.77,2946.0,2619.0,384.0,1860.0,291.0,84.0,0.0,2876.0,996.0,388.0,0.0,54.0,341.0,0.0,0.0,954.0,107.0,55.0,150.0,389.0,06,001,405402,405402,9.4,15.1,56.4,19.0,18.8,36.4,15.8,84.2,73.5,88.9,13.0,63.1,9.9,2.9,0.0,34.6,13.5,0.0,1.9,11.9,0.0,0.0
3403.0,258.0,481.0,1297.0,1119.0,37740.0,1279.0,3374.0,1290.0,328.0,981.0,1121.0,196.0,1939.0,3.64,3366.0,2327.0,432.0,1698.0,85.0,112.0,0.0,3083.0,1175.0,815.0,0.0,17.0,197.0,0.0,0.0,699.0,55.0,34.0,94.0,255.0,06,001,405901,405901,7.6,14.1,38.1,32.9,25.4,37.9,17.5,82.5,62.7,69.1,12.8,50.4,2.5,3.3,0.0,38.1,26.4,0.0,0.6,6.4,0.0,0.0
4481.0,691.0,1282.0,1282.0,887.0,46900.0,846.0,4481.0,2242.0,359.0,1165.0,1877.0,161.0,1954.0,2.61,4476.0,2837.0,265.0,2233.0,214.0,73.0,52.0,4183.0,2142.0,669.0,19.0,0.0,145.0,0.0,0.0,1086.0,67.0,96.0,158.0,397.0,06,001,406601,406601,15.4,28.6,28.6,19.8,16.0,18.9,8.6,91.4,66.1,63.4,5.9,49.9,4.8,1.6,1.2,51.2,16.0,0.5,0.0,3.5,0.0,0.0
3166.0,235.0,276.0,1501.0,952.0,42008.0,1006.0,3155.0,1610.0,165.0,943.0,1048.0,66.0,1951.0,3.22,3161.0,2162.0,295.0,1581.0,150.0,126.0,0.0,3097.0,782.0,780.0,0.0,151.0,231.0,0.0,0.0,654.0,69.0,55.0,75.0,155.0,06,001,405902,405902,7.4,8.7,47.4,30.1,10.2,31.9,6.3,93.7,54.1,68.4,9.3,50.0,4.7,4.0,0.0,25.3,25.2,0.0,4.9,7.5,0.0,0.0
3926.0,91.0,483.0,1102.0,1855.0,26313.0,1770.0,3926.0,1826.0,383.0,985.0,1114.0,119.0,1958.0,3.95,3926.0,3128.0,626.0,2182.0,313.0,0.0,7.0,3566.0,736.0,1707.0,0.0,0.0,192.0,4.0,0.0,788.0,32.0,84.0,85.0,325.0,06,001,407101,407101,2.3,12.3,28.1,47.2,21.0,45.1,10.7,89.3,66.8,79.7,15.9,55.6,8.0,0.0,0.2,20.6,47.9,0.0,0.0,5.4,0.1,0.0
4172.0,359.0,790.0,675.0,2088.0,41528.0,1392.0,4169.0,2083.0,435.0,1046.0,1427.0,198.0,1939.0,3.39,4169.0,2099.0,339.0,1619.0,141.0,0.0,0.0,3799.0,1426.0,1720.0,0.0,31.0,290.0,10.0,0.0,612.0,5.0,31.0,59.0,351.0,06,001,407102,407102,8.6,18.9,16.2,50.0,20.9,33.4,13.9,86.1,72.9,50.3,8.1,38.8,3.4,0.0,0.0,37.5,45.3,0.0,0.8,7.6,0.3,0.0
2320.0,123.0,1316.0,536.0,241.0,18114.0,1094.0,2308.0,967.0,225.0,411.0,1086.0,53.0,1959.0,2.24,2318.0,1991.0,418.0,1349.0,99.0,106.0,13.0,2073.0,1481.0,161.0,0.0,20.0,129.0,0.0,0.0,913.0,170.0,25.0,139.0,235.0,06,001,410500,410500,5.3,56.7,23.1,10.4,23.3,47.4,4.9,95.1,62.3,85.9,18.0,58.2,4.3,4.6,0.6,71.4,7.8,0.0,1.0,6.2,0.0,0.0
1664.0,1133.0,22.0,405.0,50.0,75313.0,80.0,1664.0,1194.0,7.0,1398.0,1283.0,63.0,1974.0,1.36,1664.0,687.0,147.0,490.0,31.0,19.0,0.0,1653.0,1113.0,41.0,0.0,0.0,0.0,0.0,6.0,508.0,0.0,28.0,109.0,16.0,06,001,425101,425101,68.1,1.3,24.3,3.0,0.6,4.8,4.9,95.1,30.1,41.3,8.8,29.4,1.9,1.1,0.0,67.3,2.5,0.0,0.0,0.0,0.0,0.4
5060.0,2970.0,405.0,873.0,538.0,79471.0,736.0,5002.0,3059.0,139.0,1339.0,2134.0,112.0,1939.0,2.45,4960.0,2586.0,422.0,1810.0,248.0,38.0,13.0,4808.0,3692.0,402.0,37.0,0.0,4.0,31.0,0.0,1167.0,132.0,47.0,87.0,345.0,06,001,423000,423000,58.7,8.0,17.3,10.6,4.5,14.7,5.2,94.8,52.4,52.1,8.5,36.5,5.0,0.8,0.3,76.8,8.4,0.8,0.0,0.1,0.6,0.0
4314.0,2590.0,138.0,701.0,660.0,81100.0,305.0,4314.0,2486.0,245.0,1204.0,2029.0,133.0,1939.0,2.26,4292.0,1831.0,528.0,1100.0,159.0,44.0,0.0,3972.0,3087.0,327.0,12.0,0.0,22.0,36.0,0.0,955.0,74.0,50.0,64.0,269.0,06,001,428100,428100,60.0,3.2,16.2,15.3,9.9,7.1,6.6,93.4,47.9,42.7,12.3,25.6,3.7,1.0,0.0,77.7,8.2,0.3,0.0,0.6,0.9,0.0
4494.0,2181.0,278.0,1221.0,668.0,64280.0,357.0,4248.0,2670.0,367.0,1329.0,2034.0,196.0,1944.0,2.27,4174.0,2211.0,658.0,1237.0,222.0,55.0,25.0,4188.0,2734.0,400.0,19.0,0.0,296.0,16.0,0.0,1144.0,141.0,73.0,108.0,160.0,06,001,428400,428400,48.5,6.2,27.2,14.9,13.7,8.4,9.6,90.4,42.1,53.0,15.8,29.6,5.3,1.3,0.6,65.3,9.6,0.5,0.0,7.1,0.4,0.0
6511.0,4364.0,62.0,1160.0,626.0,103088.0,172.0,6459.0,3468.0,215.0,2001.0,2424.0,64.0,1961.0,2.72,6416.0,515.0,129.0,262.0,124.0,0.0,0.0,6119.0,4744.0,410.0,21.0,0.0,0.0,72.0,0.0,172.0,55.0,0.0,0.0,0.0,06,001,430200,430200,67.0,1.0,17.8,9.6,6.2,2.7,2.6,97.4,32.0,8.0,2.0,4.1,1.9,0.0,0.0,77.5,6.7,0.3,0.0,0.0,1.2,0.0
3793.0,1441.0,769.0,357.0,961.0,58750.0,273.0,3740.0,2065.0,130.0,1123.0,1705.0,154.0,1944.0,2.4,3727.0,1841.0,418.0,1278.0,131.0,14.0,0.0,3689.0,2653.0,607.0,0.0,0.0,139.0,74.0,0.0,815.0,59.0,47.0,39.0,239.0,06,001,432200,432200,38.0,20.3,9.4,25.3,6.3,7.3,9.0,91.0,47.1,49.4,11.2,34.3,3.5,0.4,0.0,71.9,16.5,0.0,0.0,3.8,2.0,0.0
5638.0,1197.0,966.0,1255.0,1920.0,57750.0,516.0,5586.0,3108.0,437.0,1257.0,1848.0,97.0,1956.0,3.22,5635.0,3024.0,655.0,2057.0,174.0,68.0,33.0,5244.0,2502.0,1326.0,35.0,0.0,156.0,0.0,0.0,976.0,107.0,43.0,132.0,138.0,06,001,432400,432400,21.2,17.1,22.3,34.1,14.1,9.2,5.2,94.8,43.0,53.7,11.6,36.5,3.1,1.2,0.6,47.7,25.3,0.7,0.0,3.0,0.0,0.0
8613.0,1077.0,1116.0,2835.0,3246.0,54562.0,862.0,8446.0,4158.0,526.0,1287.0,2563.0,71.0,1960.0,3.41,8498.0,4672.0,672.0,3561.0,297.0,0.0,103.0,7829.0,3492.0,2346.0,0.0,0.0,130.0,10.0,0.0,1411.0,131.0,114.0,140.0,392.0,06,001,433800,433800,12.5,13.0,32.9,37.7,12.7,10.2,2.8,97.2,55.1,55.0,7.9,41.9,3.5,0.0,1.2,44.6,30.0,0.0,0.0,1.7,0.1,0.0
5143.0,931.0,977.0,631.0,2466.0,43281.0,1104.0,4976.0,2399.0,326.0,1034.0,1836.0,174.0,1961.0,3.03,5041.0,3317.0,806.0,1687.0,643.0,181.0,0.0,4728.0,2272.0,1899.0,10.0,0.0,55.0,0.0,0.0,1145.0,88.0,58.0,26.0,293.0,06,001,434000,434000,18.1,19.0,12.3,47.9,13.6,22.2,9.5,90.5,40.6,65.8,16.0,33.5,12.8,3.6,0.0,48.1,40.2,0.2,0.0,1.2,0.0,0.0
4339.0,1939.0,599.0,1047.0,594.0,112831.0,525.0,3944.0,2458.0,212.0,1723.0,1514.0,89.0,1984.0,2.76,3934.0,714.0,148.0,544.0,22.0,0.0,0.0,4061.0,2154.0,520.0,12.0,0.0,29.0,134.0,95.0,322.0,13.0,0.0,6.0,130.0,06,001,435102,435102,44.7,13.8,24.1,13.7,8.6,13.3,5.9,94.1,46.3,18.1,3.8,13.8,0.6,0.0,0.0,53.0,12.8,0.3,0.0,0.7,3.3,2.3
3253.0,888.0,166.0,768.0,1150.0,44554.0,479.0,3224.0,1812.0,294.0,1134.0,1480.0,267.0,1961.0,2.61,3167.0,1545.0,261.0,1169.0,85.0,10.0,20.0,2916.0,1230.0,767.0,0.0,0.0,420.0,0.0,166.0,795.0,104.0,27.0,76.0,257.0,06,001,435500,435500,27.3,5.1,23.6,35.4,16.2,14.9,18.0,82.0,58.4,48.8,8.2,36.9,2.7,0.3,0.6,42.2,26.3,0.0,0.0,14.4,0.0,5.7
2986.0,1212.0,72.0,517.0,1046.0,82917.0,213.0,2940.0,1688.0,82.0,1366.0,1105.0,117.0,1958.0,3.01,2969.0,808.0,146.0,547.0,87.0,0.0,10.0,2853.0,1580.0,570.0,6.0,18.0,72.0,16.0,0.0,290.0,45.0,8.0,31.0,19.0,06,001,438000,438000,40.6,2.4,17.3,35.0,4.9,7.2,10.6,89.4,35.5,27.2,4.9,18.4,2.9,0.0,0.3,55.4,20.0,0.2,0.6,2.5,0.6,0.0
3885.0,959.0,173.0,1934.0,631.0,45938.0,573.0,3881.0,1927.0,165.0,892.0,1707.0,199.0,1976.0,2.55,3845.0,1152.0,160.0,774.0,139.0,42.0,24.0,3737.0,1524.0,432.0,0.0,0.0,84.0,67.0,0.0,451.0,21.0,23.0,87.0,146.0,06,001,440307,440307,24.7,4.5,49.8,16.2,8.6,14.8,11.7,88.3,61.4,30.0,4.2,20.1,3.6,1.1,0.6,40.8,11.6,0.0,0.0,2.2,1.8,0.0
6517.0,2268.0,26.0,2929.0,881.0,88587.0,359.0,6506.0,3589.0,202.0,1208.0,2452.0,114.0,-666666666.0,2.77,6470.0,1580.0,494.0,983.0,103.0,0.0,0.0,6235.0,2944.0,475.0,16.0,0.0,89.0,31.0,0.0,661.0,16.0,0.0,20.0,113.0,06,001,441401,441401,34.8,0.4,44.9,13.5,5.6,5.5,4.6,95.4,22.5,24.4,7.6,15.2,1.6,0.0,0.0,47.2,7.6,0.3,0.0,1.4,0.5,0.0
4821.0,1848.0,106.0,1638.0,1110.0,90625.0,270.0,4810.0,2653.0,261.0,1833.0,1503.0,48.0,1967.0,3.28,4769.0,1155.0,69.0,1039.0,0.0,47.0,0.0,4439.0,2319.0,654.0,0.0,0.0,38.0,0.0,0.0,332.0,9.0,10.0,0.0,87.0,06,001,441601,441601,38.3,2.2,34.0,23.0,9.8,5.6,3.2,96.8,31.9,24.2,1.4,21.8,0.0,1.0,0.0,52.2,14.7,0.0,0.0,0.9,0.0,0.0
3360.0,591.0,141.0,2397.0,163.0,83964.0,426.0,3322.0,1707.0,108.0,1497.0,1269.0,58.0,1980.0,2.77,3360.0,1927.0,699.0,1150.0,78.0,0.0,0.0,3090.0,906.0,57.0,0.0,32.0,63.0,0.0,0.0,661.0,99.0,38.0,25.0,107.0,06,001,443321,443321,17.6,4.2,71.3,4.9,6.3,12.8,4.6,95.4,40.7,57.4,20.8,34.2,2.3,0.0,0.0,29.3,1.8,0.0,1.0,2.0,0.0,0.0
3735.0,1094.0,56.0,1156.0,1161.0,82098.0,65.0,3735.0,2006.0,195.0,1190.0,1184.0,23.0,1974.0,3.22,3735.0,887.0,201.0,550.0,101.0,9.0,26.0,3359.0,1722.0,605.0,0.0,0.0,237.0,0.0,0.0,318.0,0.0,14.0,0.0,101.0,06,001,444301,444301,29.3,1.5,31.0,31.1,9.7,1.7,1.9,98.1,36.2,23.7,5.4,14.7,2.7,0.2,0.7,51.3,18.0,0.0,0.0,7.1,0.0,0.0
5017.0,1848.0,437.0,1385.0,1136.0,90114.0,432.0,5004.0,2696.0,514.0,2001.0,1500.0,82.0,1969.0,3.53,5010.0,1216.0,60.0,697.0,368.0,62.0,29.0,4919.0,2964.0,717.0,0.0,0.0,105.0,11.0,0.0,313.0,57.0,0.0,23.0,89.0,06,001,444601,444601,36.8,8.7,27.6,22.6,19.1,8.6,5.5,94.5,54.0,24.3,1.2,13.9,7.3,1.2,0.6,60.3,14.6,0.0,0.0,2.1,0.2,0.0
3416.0,1046.0,250.0,1793.0,234.0,133061.0,65.0,3416.0,1600.0,91.0,2001.0,976.0,15.0,1970.0,3.55,3408.0,658.0,251.0,342.0,0.0,65.0,0.0,3070.0,1527.0,47.0,3.0,0.0,116.0,0.0,0.0,155.0,13.0,0.0,0.0,17.0,06,001,443322,443322,30.6,7.3,52.5,6.9,5.7,1.9,1.5,98.5,19.4,19.3,7.4,10.0,0.0,1.9,0.0,49.7,1.5,0.1,0.0,3.8,0.0,0.0
4650.0,577.0,435.0,1187.0,2211.0,69085.0,716.0,4630.0,2545.0,238.0,1228.0,1317.0,77.0,1974.0,3.74,4643.0,2286.0,206.0,1935.0,145.0,0.0,0.0,4346.0,1715.0,1503.0,0.0,0.0,0.0,0.0,9.0,595.0,44.0,105.0,23.0,207.0,06,001,444302,444302,12.4,9.4,25.5,47.5,9.4,15.5,5.8,94.2,63.7,49.2,4.4,41.7,3.1,0.0,0.0,39.5,34.6,0.0,0.0,0.0,0.0,0.2
4256.0,1067.0,122.0,2191.0,646.0,104551.0,227.0,4256.0,2549.0,144.0,1722.0,1622.0,68.0,1984.0,2.74,4256.0,1677.0,230.0,1391.0,47.0,9.0,0.0,3924.0,1404.0,608.0,0.0,0.0,41.0,0.0,0.0,542.0,20.0,63.0,15.0,45.0,06,001,444602,444602,25.1,2.9,51.5,15.2,5.6,5.3,4.2,95.8,26.4,39.4,5.4,32.7,1.1,0.2,0.0,35.8,15.5,0.0,0.0,1.0,0.0,0.0
8345.0,2054.0,1679.0,1698.0,2387.0,128233.0,96.0,4056.0,2060.0,67.0,1763.0,1357.0,75.0,2002.0,3.16,4056.0,1219.0,930.0,289.0,0.0,0.0,0.0,7585.0,4668.0,1409.0,17.0,7.0,95.0,22.0,24.0,426.0,22.0,22.0,111.0,52.0,06,001,450102,450102,24.6,20.1,20.3,28.6,3.3,2.4,5.5,94.5,48.6,30.1,22.9,7.1,0.0,0.0,0.0,61.5,18.6,0.2,0.1,1.3,0.3,0.3
3307.0,2126.0,95.0,375.0,586.0,106976.0,97.0,3297.0,1864.0,79.0,1510.0,1271.0,30.0,1981.0,2.66,3307.0,957.0,151.0,745.0,61.0,0.0,0.0,3105.0,2285.0,379.0,14.0,0.0,0.0,0.0,0.0,321.0,21.0,0.0,20.0,61.0,06,001,450501,450501,64.3,2.9,11.3,17.7,4.2,2.9,2.4,97.6,31.8,28.9,4.6,22.5,1.8,0.0,0.0,73.6,12.2,0.5,0.0,0.0,0.0,0.0
4703.0,3119.0,31.0,1049.0,274.0,148882.0,38.0,4703.0,2596.0,254.0,1823.0,1575.0,26.0,1987.0,3.03,4695.0,226.0,162.0,64.0,0.0,0.0,0.0,4481.0,3412.0,161.0,31.0,0.0,48.0,33.0,0.0,75.0,17.0,10.0,26.0,0.0,06,001,450502,450502,66.3,0.7,22.3,5.8,9.8,0.8,1.7,98.3,70.7,4.8,3.5,1.4,0.0,0.0,0.0,76.1,3.6,0.7,0.0,1.1,0.7,0.0
4624.0,2633.0,11.0,1238.0,601.0,116339.0,243.0,4624.0,2387.0,195.0,1384.0,1476.0,17.0,1980.0,3.17,4618.0,752.0,386.0,366.0,0.0,0.0,0.0,4292.0,2912.0,370.0,38.0,0.0,0.0,0.0,15.0,178.0,0.0,0.0,0.0,22.0,06,001,450744,450744,56.9,0.2,26.8,13.0,8.2,5.3,1.2,98.8,12.4,16.3,8.4,7.9,0.0,0.0,0.0,67.8,8.6,0.9,0.0,0.0,0.0,0.3
5857.0,2656.0,91.0,2497.0,316.0,124740.0,280.0,5857.0,3120.0,188.0,1748.0,1872.0,37.0,1990.0,3.19,5857.0,1599.0,311.0,1238.0,50.0,0.0,0.0,5679.0,3136.0,205.0,14.0,0.0,79.0,8.0,0.0,625.0,109.0,13.0,24.0,163.0,06,001,450745,450745,45.3,1.6,42.6,5.4,6.0,4.8,2.0,98.0,49.4,27.3,5.3,21.1,0.9,0.0,0.0,55.2,3.6,0.2,0.0,1.4,0.1,0.0
4240.0,1879.0,259.0,1431.0,465.0,121042.0,111.0,4233.0,2865.0,240.0,1968.0,1916.0,164.0,2002.0,2.42,4240.0,2801.0,632.0,2169.0,0.0,0.0,0.0,3923.0,2674.0,200.0,22.0,0.0,32.0,37.0,0.0,1281.0,62.0,72.0,72.0,191.0,06,001,450101,450101,44.3,6.1,33.8,11.0,8.4,2.6,8.6,91.4,31.0,66.1,14.9,51.2,0.0,0.0,0.0,68.2,5.1,0.6,0.0,0.8,0.9,0.0
3779.0,1196.0,1605.0,280.0,374.0,39900.0,557.0,3779.0,1995.0,201.0,1248.0,1962.0,276.0,1939.0,2.23,3764.0,2464.0,677.0,1384.0,325.0,15.0,63.0,3543.0,2876.0,245.0,49.0,0.0,0.0,30.0,0.0,1196.0,94.0,205.0,48.0,349.0,06,001,400700,400700,31.6,42.5,7.4,9.9,10.1,14.7,14.1,85.9,58.2,65.5,18.0,36.8,8.6,0.4,1.7,81.2,6.9,1.4,0.0,0.0,0.8,0.0
1547.0,217.0,1003.0,78.0,247.0,35389.0,448.0,1525.0,851.0,140.0,995.0,784.0,135.0,1939.0,2.38,1547.0,981.0,234.0,539.0,53.0,122.0,33.0,1512.0,1069.0,278.0,0.0,0.0,0.0,0.0,0.0,445.0,25.0,72.0,0.0,161.0,06,001,402700,402700,14.0,64.8,5.0,16.0,16.5,29.4,17.2,82.8,58.0,63.4,15.1,34.8,3.4,7.9,2.1,70.7,18.4,0.0,0.0,0.0,0.0,0.0
1241.0,246.0,165.0,616.0,160.0,22222.0,318.0,1200.0,581.0,28.0,745.0,862.0,82.0,1943.0,1.53,1192.0,1183.0,178.0,758.0,133.0,90.0,24.0,1203.0,557.0,48.0,10.0,0.0,0.0,0.0,0.0,771.0,147.0,40.0,46.0,154.0,06,001,402900,402900,19.8,13.3,49.6,12.9,4.8,26.5,9.5,90.5,50.2,99.2,14.9,63.6,11.2,7.6,2.0,46.3,4.0,0.8,0.0,0.0,0.0,0.0
4577.0,1377.0,937.0,1153.0,790.0,40462.0,676.0,4554.0,2717.0,214.0,994.0,3150.0,195.0,1961.0,1.53,4523.0,4028.0,812.0,2644.0,339.0,233.0,0.0,4401.0,2703.0,659.0,11.0,0.0,22.0,22.0,0.0,2607.0,340.0,170.0,79.0,645.0,06,001,403400,403400,30.1,20.5,25.2,17.3,7.9,14.8,6.2,93.8,47.3,89.1,18.0,58.5,7.5,5.2,0.0,61.4,15.0,0.2,0.0,0.5,0.5,0.0
4370.0,3258.0,233.0,483.0,143.0,147717.0,102.0,4370.0,2579.0,85.0,1966.0,1883.0,49.0,1959.0,2.38,4370.0,195.0,52.0,112.0,13.0,18.0,0.0,4120.0,3492.0,114.0,203.0,0.0,0.0,16.0,0.0,105.0,13.0,9.0,0.0,10.0,06,001,404600,404600,74.6,5.3,11.1,3.3,3.3,2.3,2.6,97.4,30.5,4.5,1.2,2.6,0.3,0.4,0.0,84.8,2.8,4.9,0.0,0.0,0.4,0.0
4650.0,117.0,814.0,1263.0,2382.0,31313.0,1461.0,4626.0,2403.0,293.0,959.0,1598.0,241.0,1945.0,3.4,4609.0,3571.0,603.0,1818.0,1070.0,80.0,0.0,4305.0,1380.0,1893.0,0.0,160.0,122.0,17.0,0.0,1066.0,126.0,65.0,84.0,330.0,06,001,406201,406201,2.5,17.5,27.2,51.2,12.2,31.6,15.1,84.9,56.8,77.5,13.1,39.4,23.2,1.7,0.0,32.1,44.0,0.0,3.7,2.8,0.4,0.0
3581.0,1089.0,553.0,1119.0,554.0,75968.0,174.0,3569.0,2180.0,161.0,1111.0,1484.0,130.0,1947.0,2.64,3577.0,1014.0,133.0,491.0,317.0,73.0,0.0,3418.0,2147.0,282.0,24.0,0.0,15.0,41.0,0.0,413.0,41.0,64.0,21.0,134.0,06,001,406800,406800,30.4,15.4,31.2,15.5,7.4,4.9,8.8,91.2,63.0,28.3,3.7,13.7,8.9,2.0,0.0,62.8,8.3,0.7,0.0,0.4,1.2,0.0
2822.0,613.0,910.0,394.0,707.0,68452.0,203.0,2070.0,1310.0,121.0,1133.0,805.0,119.0,1940.0,3.01,2063.0,657.0,240.0,176.0,5.0,219.0,17.0,2718.0,1736.0,623.0,35.0,0.0,80.0,39.0,0.0,186.0,0.0,18.0,6.0,57.0,06,001,407800,407800,21.7,32.2,14.0,25.1,9.2,9.8,14.8,85.2,43.5,31.8,11.6,8.5,0.2,10.6,0.8,63.9,22.9,1.3,0.0,2.9,1.4,0.0
2662.0,1324.0,133.0,643.0,359.0,126563.0,158.0,2483.0,1481.0,112.0,2001.0,1029.0,75.0,1968.0,2.46,2345.0,394.0,106.0,264.0,24.0,0.0,0.0,2562.0,1741.0,218.0,40.0,0.0,101.0,5.0,3.0,131.0,0.0,0.0,10.0,14.0,06,001,408000,408000,49.7,5.0,24.2,13.5,7.6,6.4,7.3,92.7,18.3,16.8,4.5,11.3,1.0,0.0,0.0,68.0,8.5,1.6,0.0,3.9,0.2,0.1
3997.0,594.0,1949.0,302.0,926.0,50076.0,546.0,3963.0,2225.0,227.0,1001.0,1940.0,234.0,1949.0,2.34,3990.0,1897.0,570.0,1161.0,166.0,0.0,0.0,3781.0,2522.0,784.0,102.0,3.0,80.0,16.0,12.0,833.0,63.0,21.0,157.0,217.0,06,001,408200,408200,14.9,48.8,7.6,23.2,10.2,13.8,12.1,87.9,55.0,47.5,14.3,29.1,4.2,0.0,0.0,66.7,20.7,2.7,0.1,2.1,0.4,0.3
3382.0,788.0,1770.0,316.0,425.0,112059.0,130.0,3377.0,1897.0,214.0,1408.0,1429.0,93.0,1960.0,2.51,3348.0,263.0,82.0,132.0,49.0,0.0,0.0,3272.0,2605.0,389.0,0.0,0.0,0.0,0.0,0.0,148.0,0.0,18.0,0.0,42.0,06,001,409900,409900,23.3,52.3,9.3,12.6,11.3,3.8,6.5,93.5,40.5,7.9,2.4,3.9,1.5,0.0,0.0,79.6,11.9,0.0,0.0,0.0,0.0,0.0
3009.0,1602.0,89.0,913.0,205.0,77167.0,242.0,3009.0,1675.0,120.0,1341.0,1258.0,40.0,1945.0,2.47,3003.0,1616.0,266.0,1087.0,128.0,48.0,73.0,2842.0,1760.0,139.0,47.0,0.0,6.0,43.0,30.0,708.0,23.0,49.0,15.0,247.0,06,001,420200,420200,53.2,3.0,30.3,6.8,7.2,8.0,3.2,96.8,47.2,53.8,8.9,36.2,4.3,1.6,2.4,61.9,4.9,1.7,0.0,0.2,1.5,1.1
2054.0,1286.0,53.0,496.0,103.0,68088.0,144.0,2047.0,1061.0,91.0,1355.0,1013.0,129.0,1944.0,2.31,2038.0,1051.0,120.0,808.0,115.0,8.0,0.0,1942.0,1286.0,41.0,27.0,0.0,6.0,19.0,0.0,471.0,0.0,57.0,26.0,135.0,06,001,420500,420500,62.6,2.6,24.1,5.0,8.6,7.0,12.7,87.3,46.3,51.6,5.9,39.6,5.6,0.4,0.0,66.2,2.1,1.4,0.0,0.3,1.0,0.0
4431.0,727.0,772.0,1483.0,924.0,64693.0,255.0,4427.0,2571.0,283.0,1189.0,1470.0,0.0,1963.0,3.01,4423.0,1670.0,152.0,1354.0,164.0,0.0,0.0,4212.0,2104.0,618.0,0.0,0.0,154.0,0.0,0.0,679.0,31.0,0.0,50.0,107.0,06,001,432502,432502,16.4,17.4,33.5,20.9,11.0,5.8,0.0,100.0,27.7,37.8,3.4,30.6,3.7,0.0,0.0,50.0,14.7,0.0,0.0,3.7,0.0,0.0
4134.0,398.0,706.0,574.0,2276.0,42775.0,978.0,4134.0,2192.0,223.0,1035.0,1532.0,13.0,1969.0,2.72,4134.0,3520.0,884.0,2184.0,395.0,57.0,0.0,3804.0,1711.0,1678.0,0.0,0.0,0.0,47.0,0.0,1331.0,96.0,175.0,59.0,361.0,06,001,433103,433103,9.6,17.1,13.9,55.1,10.2,23.7,0.8,99.2,51.9,85.1,21.4,52.8,9.6,1.4,0.0,45.0,44.1,0.0,0.0,0.0,1.2,0.0
3623.0,997.0,677.0,727.0,1054.0,51208.0,242.0,3600.0,2083.0,219.0,1149.0,1824.0,99.0,1973.0,2.06,3546.0,2491.0,696.0,1448.0,300.0,34.0,13.0,3464.0,2171.0,800.0,18.0,0.0,0.0,0.0,0.0,1132.0,158.0,72.0,76.0,170.0,06,001,433104,433104,27.5,18.7,20.1,29.1,10.5,6.7,5.4,94.6,42.0,70.2,19.6,40.8,8.5,1.0,0.4,62.7,23.1,0.5,0.0,0.0,0.0,0.0
6288.0,2116.0,397.0,2966.0,521.0,135778.0,365.0,6272.0,3422.0,262.0,2001.0,2119.0,51.0,1994.0,3.02,6245.0,442.0,139.0,276.0,0.0,27.0,0.0,5794.0,3330.0,354.0,20.0,0.0,182.0,0.0,0.0,196.0,34.0,40.0,0.0,37.0,06,001,435103,435103,33.7,6.3,47.2,8.3,7.7,5.8,2.4,97.6,56.6,7.1,2.2,4.4,0.0,0.4,0.0,57.5,6.1,0.3,0.0,3.1,0.0,0.0
5338.0,1289.0,501.0,1330.0,1941.0,60673.0,707.0,5336.0,3057.0,252.0,1370.0,2061.0,158.0,1979.0,2.8,5333.0,3887.0,1074.0,2618.0,195.0,0.0,0.0,4839.0,2278.0,1301.0,17.0,58.0,21.0,21.0,0.0,1396.0,145.0,123.0,42.0,419.0,06,001,435104,435104,24.1,9.4,24.9,36.4,8.2,13.2,7.7,92.3,52.2,72.9,20.1,49.1,3.7,0.0,0.0,47.1,26.9,0.4,1.2,0.4,0.4,0.0
5284.0,717.0,478.0,167.0,3123.0,47139.0,1547.0,5095.0,2384.0,344.0,1156.0,1677.0,126.0,1967.0,3.31,5128.0,3615.0,941.0,2600.0,63.0,11.0,0.0,4456.0,1914.0,2084.0,0.0,0.0,0.0,0.0,0.0,1087.0,120.0,190.0,41.0,278.0,06,001,435601,435601,13.6,9.0,3.2,59.1,14.4,30.4,7.5,92.5,57.9,70.5,18.4,50.7,1.2,0.2,0.0,43.0,46.8,0.0,0.0,0.0,0.0,0.0
5252.0,1343.0,334.0,444.0,2876.0,54920.0,1067.0,5016.0,2533.0,370.0,1123.0,1638.0,121.0,1956.0,3.26,4948.0,2857.0,373.0,2038.0,428.0,0.0,18.0,4640.0,2370.0,1649.0,64.0,0.0,0.0,0.0,0.0,957.0,109.0,17.0,44.0,224.0,06,001,435602,435602,25.6,6.4,8.5,54.8,14.6,21.3,7.4,92.6,41.2,57.7,7.5,41.2,8.6,0.0,0.4,51.1,35.5,1.4,0.0,0.0,0.0,0.0
6064.0,1342.0,401.0,3213.0,945.0,100968.0,155.0,6064.0,3420.0,303.0,1884.0,1892.0,92.0,1976.0,3.36,6043.0,642.0,251.0,391.0,0.0,0.0,0.0,5809.0,2665.0,557.0,0.0,0.0,567.0,0.0,0.0,109.0,15.0,4.0,0.0,21.0,06,001,437101,437101,22.1,6.6,53.0,15.6,8.9,2.6,4.9,95.1,36.7,10.6,4.2,6.5,0.0,0.0,0.0,45.9,9.6,0.0,0.0,9.8,0.0,0.0
4375.0,578.0,667.0,1728.0,1205.0,60667.0,437.0,4352.0,2399.0,365.0,1204.0,1408.0,0.0,1973.0,3.11,4373.0,1543.0,281.0,943.0,298.0,21.0,0.0,4024.0,1467.0,1033.0,0.0,0.0,131.0,47.0,0.0,602.0,66.0,62.0,68.0,142.0,06,001,437102,437102,13.2,15.2,39.5,27.5,15.2,10.0,0.0,100.0,56.1,35.3,6.4,21.6,6.8,0.5,0.0,36.5,25.7,0.0,0.0,3.3,1.2,0.0
4048.0,349.0,346.0,438.0,2485.0,55900.0,914.0,4018.0,2033.0,281.0,1177.0,1075.0,99.0,1967.0,4.11,4007.0,3150.0,815.0,2164.0,114.0,0.0,0.0,3677.0,1147.0,1915.0,0.0,0.0,84.0,0.0,16.0,775.0,82.0,124.0,53.0,218.0,06,001,437701,437701,8.6,8.5,10.8,61.4,13.8,22.7,9.2,90.8,61.5,78.6,20.3,54.0,2.8,0.0,0.0,31.2,52.1,0.0,0.0,2.3,0.0,0.4
4726.0,224.0,370.0,372.0,3176.0,37851.0,1805.0,4633.0,2210.0,508.0,1154.0,1106.0,86.0,1973.0,4.63,4726.0,4427.0,1090.0,3010.0,201.0,19.0,107.0,4036.0,1049.0,2488.0,0.0,0.0,149.0,18.0,0.0,931.0,140.0,124.0,69.0,299.0,06,001,437702,437702,4.7,7.8,7.9,67.2,23.0,39.0,7.8,92.2,67.9,93.7,23.1,63.7,4.3,0.4,2.3,26.0,61.6,0.0,0.0,3.7,0.4,0.0
4098.0,580.0,289.0,1978.0,993.0,74289.0,273.0,4098.0,2435.0,240.0,1681.0,1303.0,97.0,1984.0,3.37,4062.0,862.0,109.0,746.0,0.0,0.0,7.0,3871.0,1349.0,775.0,0.0,0.0,333.0,0.0,14.0,260.0,0.0,19.0,7.0,150.0,06,001,438203,438203,14.2,7.1,48.3,24.2,9.9,6.7,7.4,92.6,67.7,21.2,2.7,18.4,0.0,0.0,0.2,34.8,20.0,0.0,0.0,8.6,0.0,0.4
3436.0,597.0,574.0,1397.0,738.0,27255.0,984.0,3436.0,1744.0,112.0,1006.0,1586.0,163.0,1956.0,2.41,3436.0,2806.0,664.0,1717.0,337.0,79.0,9.0,3179.0,1277.0,622.0,0.0,0.0,281.0,0.0,0.0,1259.0,114.0,46.0,95.0,476.0,06,001,406000,406000,17.4,16.7,40.7,21.5,6.4,28.6,10.3,89.7,58.1,81.7,19.3,50.0,9.8,2.3,0.3,40.2,19.6,0.0,0.0,8.8,0.0,0.0
4422.0,444.0,506.0,708.0,2741.0,59729.0,779.0,4415.0,2279.0,400.0,1115.0,1614.0,172.0,1981.0,3.06,4406.0,2595.0,250.0,1931.0,384.0,0.0,30.0,4149.0,1366.0,2340.0,0.0,0.0,33.0,9.0,0.0,1006.0,51.0,9.0,11.0,256.0,06,001,406100,406100,10.0,11.4,16.0,62.0,17.6,17.6,10.7,89.3,32.5,58.9,5.7,43.8,8.7,0.0,0.7,32.9,56.4,0.0,0.0,0.8,0.2,0.0
5808.0,748.0,1104.0,1423.0,2436.0,37805.0,1374.0,5585.0,2783.0,584.0,1045.0,2050.0,316.0,1945.0,3.21,5574.0,3327.0,463.0,2526.0,200.0,62.0,0.0,5260.0,2086.0,1743.0,10.0,63.0,233.0,0.0,11.0,1147.0,110.0,154.0,122.0,389.0,06,001,406500,406500,12.9,19.0,24.5,41.9,21.0,24.6,15.4,84.6,67.6,59.7,8.3,45.3,3.6,1.1,0.0,39.7,33.1,0.2,1.2,4.4,0.0,0.2
3422.0,122.0,1330.0,225.0,1273.0,20847.0,1156.0,3345.0,1438.0,305.0,861.0,1405.0,175.0,1957.0,2.72,3348.0,2364.0,245.0,1627.0,442.0,50.0,0.0,3223.0,1909.0,1119.0,0.0,0.0,46.0,0.0,0.0,907.0,94.0,33.0,29.0,356.0,06,001,407500,407500,3.6,38.9,6.6,37.2,21.2,34.6,12.5,87.5,56.4,70.6,7.3,48.6,13.2,1.5,0.0,59.2,34.7,0.0,0.0,1.4,0.0,0.0
2443.0,1214.0,480.0,310.0,168.0,84226.0,119.0,2427.0,1382.0,77.0,1684.0,1225.0,228.0,1945.0,2.42,2409.0,464.0,0.0,305.0,131.0,10.0,7.0,2315.0,1968.0,103.0,0.0,0.0,0.0,12.0,0.0,227.0,8.0,0.0,29.0,48.0,06,001,407900,407900,49.7,19.6,12.7,6.9,5.6,4.9,18.6,81.4,37.4,19.3,0.0,12.7,5.4,0.4,0.3,85.0,4.4,0.0,0.0,0.0,0.5,0.0
6228.0,2448.0,2005.0,1057.0,519.0,106171.0,159.0,6228.0,3653.0,149.0,1601.0,2800.0,181.0,1970.0,2.38,6228.0,937.0,267.0,276.0,370.0,0.0,24.0,5772.0,4216.0,309.0,0.0,0.0,30.0,46.0,57.0,443.0,47.0,13.0,33.0,126.0,06,001,408100,408100,39.3,32.2,17.0,8.3,4.1,2.6,6.5,93.5,49.4,15.0,4.3,4.4,5.9,0.0,0.4,73.0,5.4,0.0,0.0,0.5,0.8,1.0
5176.0,120.0,2151.0,371.0,2231.0,36694.0,1684.0,5106.0,2062.0,279.0,1190.0,1749.0,201.0,1952.0,3.34,5169.0,3116.0,922.0,1608.0,418.0,124.0,27.0,4761.0,2542.0,1809.0,0.0,0.0,1.0,6.0,0.0,913.0,52.0,51.0,64.0,405.0,06,001,408500,408500,2.3,41.6,7.2,43.1,13.5,33.0,11.5,88.5,62.7,60.3,17.8,31.1,8.1,2.4,0.5,53.4,38.0,0.0,0.0,0.0,0.1,0.0
3638.0,2791.0,63.0,453.0,167.0,131000.0,217.0,3638.0,2193.0,148.0,1229.0,1700.0,78.0,1944.0,2.24,3627.0,714.0,72.0,437.0,136.0,45.0,24.0,3591.0,2852.0,108.0,136.0,0.0,7.0,18.0,11.0,408.0,25.0,11.0,6.0,153.0,06,001,421600,421600,76.7,1.7,12.5,4.6,6.7,6.0,4.6,95.4,47.8,19.7,2.0,12.0,3.7,1.2,0.7,79.4,3.0,3.8,0.0,0.2,0.5,0.3
3649.0,2372.0,279.0,725.0,65.0,89917.0,243.0,3631.0,2320.0,121.0,1477.0,1858.0,196.0,1939.0,2.19,3645.0,1224.0,193.0,776.0,164.0,24.0,46.0,3320.0,2636.0,51.0,35.0,0.0,0.0,118.0,0.0,566.0,13.0,18.0,15.0,114.0,06,001,421900,421900,65.0,7.6,19.9,1.8,5.2,6.7,10.5,89.5,28.3,33.6,5.3,21.3,4.5,0.7,1.3,79.4,1.5,1.1,0.0,0.0,3.6,0.0
3127.0,1899.0,203.0,385.0,489.0,53151.0,293.0,3112.0,1944.0,184.0,1120.0,1636.0,114.0,1939.0,2.04,3109.0,1627.0,322.0,1012.0,214.0,64.0,8.0,2991.0,2130.0,370.0,47.0,0.0,13.0,24.0,0.0,846.0,111.0,52.0,109.0,229.0,06,001,422200,422200,60.7,6.5,12.3,15.6,9.5,9.4,7.0,93.0,59.2,52.3,10.4,32.6,6.9,2.1,0.3,71.2,12.4,1.6,0.0,0.4,0.8,0.0
4328.0,1048.0,553.0,828.0,1701.0,71400.0,388.0,4306.0,2336.0,382.0,1470.0,1488.0,94.0,1956.0,3.1,4321.0,1429.0,138.0,1120.0,147.0,24.0,0.0,4060.0,2071.0,1044.0,18.0,0.0,248.0,0.0,18.0,431.0,34.0,7.0,13.0,145.0,06,001,435700,435700,24.2,12.8,19.1,39.3,16.4,9.0,6.3,93.7,46.2,33.1,3.2,25.9,3.4,0.6,0.0,51.0,25.7,0.4,0.0,6.1,0.0,0.4
5245.0,1520.0,393.0,1305.0,1811.0,67333.0,522.0,5245.0,3054.0,399.0,1039.0,1788.0,0.0,1956.0,2.93,5242.0,1951.0,625.0,914.0,329.0,83.0,0.0,5047.0,2529.0,1172.0,0.0,19.0,65.0,0.0,0.0,803.0,65.0,117.0,58.0,132.0,06,001,436100,436100,29.0,7.5,24.9,34.5,13.1,10.0,0.0,100.0,46.3,37.2,11.9,17.4,6.3,1.6,0.0,50.1,23.2,0.0,0.4,1.3,0.0,0.0
5815.0,1388.0,141.0,2706.0,1400.0,59671.0,414.0,5807.0,3202.0,443.0,1625.0,1854.0,71.0,1979.0,3.24,5774.0,685.0,216.0,463.0,6.0,0.0,0.0,5600.0,2181.0,1084.0,2.0,71.0,266.0,7.0,0.0,184.0,0.0,8.0,6.0,38.0,06,001,438204,438204,23.9,2.4,46.5,24.1,13.8,7.1,3.8,96.2,28.3,11.9,3.7,8.0,0.1,0.0,0.0,38.9,19.4,0.0,1.3,4.8,0.1,0.0
2635.0,312.0,106.0,1963.0,140.0,109621.0,124.0,2603.0,1520.0,89.0,1663.0,866.0,88.0,1988.0,3.39,2635.0,329.0,137.0,106.0,74.0,12.0,0.0,2478.0,764.0,40.0,0.0,0.0,217.0,0.0,0.0,99.0,11.0,0.0,10.0,66.0,06,001,440333,440333,11.8,4.0,74.5,5.3,5.9,4.8,10.2,89.8,87.9,12.5,5.2,4.0,2.8,0.5,0.0,30.8,1.6,0.0,0.0,8.8,0.0,0.0
4326.0,453.0,228.0,2540.0,632.0,104310.0,307.0,4326.0,2194.0,133.0,1446.0,1127.0,65.0,1973.0,4.03,4281.0,489.0,0.0,482.0,0.0,0.0,7.0,3992.0,1616.0,296.0,0.0,0.0,61.0,0.0,0.0,120.0,36.0,20.0,19.0,23.0,06,001,440334,440334,10.5,5.3,58.7,14.6,6.1,7.1,5.8,94.2,81.7,11.4,0.0,11.3,0.0,0.0,0.2,40.5,7.4,0.0,0.0,1.5,0.0,0.0
6254.0,1155.0,13.0,4027.0,382.0,126147.0,229.0,6254.0,3504.0,312.0,1605.0,2089.0,130.0,2000.0,3.19,6254.0,1396.0,800.0,596.0,0.0,0.0,0.0,5625.0,1645.0,334.0,30.0,0.0,90.0,0.0,141.0,634.0,88.0,65.0,14.0,85.0,06,001,440335,440335,18.5,0.2,64.4,6.1,8.9,3.7,6.2,93.8,39.7,22.3,12.8,9.5,0.0,0.0,0.0,29.2,5.9,0.5,0.0,1.6,0.0,2.5
4727.0,603.0,352.0,2366.0,1004.0,61250.0,726.0,4721.0,2375.0,225.0,1413.0,1559.0,63.0,1974.0,3.14,4698.0,2105.0,521.0,1503.0,81.0,0.0,0.0,4410.0,1891.0,483.0,0.0,0.0,0.0,0.0,0.0,659.0,94.0,31.0,64.0,212.0,06,001,440336,440336,12.8,7.4,50.1,21.2,9.5,15.4,4.0,96.0,60.8,44.8,11.1,32.0,1.7,0.0,0.0,42.9,11.0,0.0,0.0,0.0,0.0,0.0
3832.0,731.0,56.0,2643.0,188.0,111944.0,235.0,3832.0,1998.0,157.0,1672.0,1442.0,0.0,1983.0,2.66,3832.0,1709.0,442.0,1225.0,42.0,0.0,0.0,3501.0,744.0,98.0,0.0,0.0,0.0,0.0,0.0,608.0,0.0,33.0,31.0,71.0,06,001,441523,441523,19.1,1.5,69.0,4.9,7.9,6.1,0.0,100.0,22.2,44.6,11.5,32.0,1.1,0.0,0.0,21.3,2.8,0.0,0.0,0.0,0.0,0.0
3966.0,208.0,171.0,3334.0,150.0,121000.0,273.0,3966.0,2043.0,132.0,1480.0,1375.0,95.0,1985.0,3.1,3966.0,1376.0,355.0,976.0,45.0,0.0,0.0,3415.0,752.0,66.0,0.0,0.0,47.0,17.0,0.0,489.0,11.0,15.0,23.0,69.0,06,001,441524,441524,5.2,4.3,84.1,3.8,6.5,6.9,6.9,93.1,24.1,34.7,9.0,24.6,1.1,0.0,0.0,22.0,1.9,0.0,0.0,1.4,0.5,0.0
6334.0,1895.0,50.0,2886.0,1089.0,95625.0,605.0,6334.0,3658.0,394.0,1518.0,2637.0,286.0,1979.0,2.69,6331.0,3235.0,1075.0,1916.0,244.0,0.0,0.0,5786.0,2522.0,554.0,27.0,0.0,113.0,69.0,16.0,1121.0,39.0,0.0,156.0,102.0,06,001,441924,441924,29.9,0.8,45.6,17.2,10.8,9.6,10.8,89.2,26.5,51.1,17.0,30.3,3.9,0.0,0.0,43.6,9.6,0.5,0.0,2.0,1.2,0.3
5498.0,1487.0,161.0,2948.0,630.0,108981.0,43.0,5415.0,3762.0,206.0,1774.0,2896.0,283.0,1988.0,2.07,5415.0,4184.0,1391.0,2777.0,16.0,0.0,0.0,4961.0,1952.0,385.0,0.0,0.0,40.0,36.0,32.0,1997.0,154.0,65.0,64.0,125.0,06,001,441925,441925,27.0,2.9,53.6,11.5,5.5,0.8,9.8,90.2,20.4,77.3,25.7,51.3,0.3,0.0,0.0,39.3,7.8,0.0,0.0,0.8,0.7,0.6
3859.0,879.0,230.0,1301.0,1336.0,60886.0,255.0,3859.0,2079.0,128.0,1328.0,1485.0,116.0,1975.0,2.82,3859.0,3119.0,1028.0,1765.0,326.0,0.0,0.0,3502.0,1354.0,888.0,0.0,0.0,114.0,0.0,78.0,1115.0,220.0,30.0,62.0,214.0,06,001,441926,441926,22.8,6.0,33.7,34.6,6.2,6.6,7.8,92.2,47.2,80.8,26.6,45.7,8.4,0.0,0.0,38.7,25.4,0.0,0.0,3.3,0.0,2.2
3851.0,654.0,258.0,2327.0,286.0,74231.0,157.0,3851.0,1942.0,279.0,1564.0,1795.0,225.0,1982.0,2.43,3818.0,2983.0,941.0,1935.0,93.0,14.0,0.0,3393.0,1152.0,107.0,0.0,0.0,0.0,10.0,0.0,1154.0,157.0,34.0,55.0,263.0,06,001,441927,441927,17.0,6.7,60.4,7.4,14.4,4.1,12.5,87.5,44.1,78.1,24.6,50.7,2.4,0.4,0.0,34.0,3.2,0.0,0.0,0.0,0.3,0.0
4764.0,1257.0,176.0,2062.0,1118.0,71397.0,451.0,4764.0,2630.0,344.0,1498.0,1519.0,86.0,1961.0,3.3,4732.0,2292.0,310.0,1723.0,259.0,0.0,0.0,4561.0,1897.0,679.0,68.0,41.0,17.0,90.0,60.0,660.0,39.0,108.0,137.0,60.0,06,001,442301,442301,26.4,3.7,43.3,23.5,13.1,9.5,5.7,94.3,52.1,48.4,6.6,36.4,5.5,0.0,0.0,41.6,14.9,1.5,0.9,0.4,2.0,1.3
3591.0,1783.0,113.0,877.0,638.0,90192.0,64.0,3582.0,1714.0,108.0,1658.0,1308.0,42.0,1964.0,2.81,3563.0,1059.0,274.0,724.0,49.0,0.0,12.0,3387.0,2174.0,266.0,0.0,0.0,17.0,101.0,14.0,381.0,37.0,0.0,13.0,53.0,06,001,442601,442601,49.7,3.1,24.4,17.8,6.3,1.8,3.2,96.8,27.0,29.7,7.7,20.3,1.4,0.0,0.3,64.2,7.9,0.0,0.0,0.5,3.0,0.4
4886.0,1931.0,127.0,1752.0,853.0,65329.0,507.0,4886.0,2399.0,202.0,1332.0,1773.0,144.0,1969.0,3.0,4886.0,2451.0,443.0,1855.0,153.0,0.0,0.0,4524.0,2115.0,678.0,16.0,0.0,0.0,0.0,0.0,761.0,92.0,55.0,171.0,197.0,06,001,442602,442602,39.5,2.6,35.9,17.5,8.4,10.4,8.1,91.9,67.7,50.2,9.1,38.0,3.1,0.0,0.0,46.8,15.0,0.4,0.0,0.0,0.0,0.0
5409.0,1130.0,3.0,3541.0,426.0,129386.0,178.0,5409.0,2658.0,266.0,1617.0,1834.0,219.0,1975.0,3.3,5324.0,1584.0,306.0,1175.0,103.0,0.0,0.0,5176.0,1758.0,205.0,0.0,0.0,74.0,0.0,0.0,525.0,69.0,24.0,28.0,73.0,06,001,443104,443104,20.9,0.1,65.5,7.9,10.0,3.3,11.9,88.1,37.0,29.8,5.7,22.1,1.9,0.0,0.0,34.0,4.0,0.0,0.0,1.4,0.0,0.0
4568.0,543.0,91.0,3516.0,0.0,163264.0,153.0,4568.0,2050.0,163.0,2001.0,1440.0,83.0,1984.0,3.37,4568.0,595.0,64.0,531.0,0.0,0.0,0.0,4315.0,1128.0,0.0,0.0,0.0,450.0,164.0,0.0,130.0,0.0,7.0,0.0,24.0,06,001,443105,443105,11.9,2.0,77.0,0.0,8.0,3.3,5.8,94.2,23.8,13.0,1.4,11.6,0.0,0.0,0.0,26.1,0.0,0.0,0.0,10.4,3.8,0.0
5054.0,1368.0,216.0,2464.0,748.0,56071.0,438.0,5054.0,2516.0,212.0,1234.0,2014.0,226.0,1982.0,2.81,5020.0,3242.0,856.0,2254.0,119.0,13.0,0.0,4557.0,1416.0,594.0,14.0,0.0,316.0,9.0,50.0,1234.0,96.0,75.0,181.0,251.0,06,001,442302,442302,27.1,4.3,48.8,14.8,8.4,8.7,11.2,88.8,48.9,64.6,17.1,44.9,2.4,0.3,0.0,31.1,13.0,0.3,0.0,6.9,0.2,1.1
2453.0,565.0,308.0,1004.0,519.0,68482.0,132.0,2347.0,1182.0,89.0,1427.0,965.0,134.0,1978.0,2.83,2352.0,1050.0,512.0,521.0,14.0,0.0,3.0,2295.0,1090.0,394.0,4.0,0.0,0.0,5.0,2.0,393.0,33.0,111.0,56.0,54.0,06,001,440100,440100,23.0,12.6,40.9,21.2,7.5,5.6,13.9,86.1,64.6,44.6,21.8,22.2,0.6,0.0,0.1,47.5,17.2,0.2,0.0,0.0,0.2,0.1
3100.0,883.0,195.0,1475.0,355.0,120972.0,252.0,3100.0,1794.0,163.0,1738.0,1226.0,128.0,1983.0,2.82,3097.0,1379.0,206.0,1055.0,118.0,0.0,0.0,2945.0,1575.0,112.0,0.0,0.0,13.0,0.0,0.0,567.0,22.0,16.0,16.0,64.0,06,001,441301,441301,28.5,6.3,47.6,11.5,9.1,8.1,10.4,89.6,20.8,44.5,6.7,34.1,3.8,0.0,0.0,53.5,3.8,0.0,0.0,0.4,0.0,0.0
2162.0,1590.0,66.0,65.0,317.0,90046.0,158.0,2153.0,1194.0,80.0,1333.0,953.0,56.0,1939.0,2.39,2147.0,680.0,173.0,474.0,5.0,17.0,11.0,2054.0,1786.0,71.0,41.0,0.0,0.0,28.0,0.0,281.0,0.0,17.0,60.0,44.0,06,001,421800,421800,73.5,3.1,3.0,14.7,6.7,7.3,5.9,94.1,43.1,31.7,8.1,22.1,0.2,0.8,0.5,87.0,3.5,2.0,0.0,0.0,1.4,0.0
2743.0,1145.0,73.0,844.0,654.0,75605.0,207.0,2743.0,1396.0,134.0,1522.0,970.0,97.0,1967.0,3.09,2701.0,949.0,241.0,463.0,232.0,8.0,0.0,2540.0,1289.0,459.0,0.0,0.0,64.0,0.0,0.0,279.0,52.0,29.0,39.0,101.0,06,001,442800,442800,41.7,2.7,30.8,23.8,9.6,7.5,10.0,90.0,79.2,35.1,8.9,17.1,8.6,0.3,0.0,50.7,18.1,0.0,0.0,2.5,0.0,0.0
5368.0,942.0,77.0,3489.0,693.0,139736.0,56.0,5368.0,2584.0,188.0,2001.0,1510.0,23.0,1977.0,3.6,5358.0,648.0,187.0,335.0,28.0,98.0,0.0,5108.0,2004.0,239.0,0.0,0.0,125.0,35.0,0.0,141.0,23.0,9.0,11.0,17.0,06,001,443102,443102,17.5,1.4,65.0,12.9,7.3,1.0,1.5,98.5,42.6,12.1,3.5,6.3,0.5,1.8,0.0,39.2,4.7,0.0,0.0,2.4,0.7,0.0
3775.0,660.0,48.0,2645.0,81.0,204667.0,106.0,3761.0,1960.0,131.0,2001.0,1210.0,78.0,1990.0,3.33,3775.0,154.0,0.0,112.0,0.0,42.0,0.0,3666.0,1365.0,70.0,38.0,0.0,468.0,27.0,0.0,65.0,0.0,0.0,0.0,0.0,06,001,443200,443200,17.5,1.3,70.1,2.1,6.7,2.8,6.4,93.6,0.0,4.1,0.0,3.0,0.0,1.1,0.0,37.2,1.9,1.0,0.0,12.8,0.7,0.0
7325.0,3003.0,161.0,1544.0,1829.0,95677.0,339.0,7241.0,3751.0,320.0,1506.0,2565.0,167.0,1969.0,3.05,7319.0,1242.0,110.0,971.0,161.0,0.0,0.0,6907.0,4519.0,813.0,0.0,0.0,338.0,15.0,0.0,405.0,93.0,0.0,0.0,79.0,06,001,444100,444100,41.0,2.2,21.1,25.0,8.5,4.7,6.5,93.5,42.5,17.0,1.5,13.3,2.2,0.0,0.0,65.4,11.8,0.0,0.0,4.9,0.2,0.0
6316.0,1500.0,262.0,1917.0,2556.0,73726.0,794.0,6316.0,3409.0,208.0,1551.0,2068.0,197.0,1978.0,3.34,6243.0,2941.0,455.0,2378.0,81.0,27.0,0.0,5995.0,2343.0,2057.0,59.0,132.0,297.0,32.0,0.0,909.0,86.0,151.0,50.0,140.0,06,001,444500,444500,23.7,4.1,30.4,40.5,6.1,12.6,9.5,90.5,47.0,47.1,7.3,38.1,1.3,0.4,0.0,39.1,34.3,1.0,2.2,5.0,0.5,0.0
3097.0,2163.0,107.0,589.0,170.0,153657.0,46.0,3097.0,1686.0,103.0,1663.0,1303.0,90.0,1987.0,2.55,3097.0,230.0,48.0,124.0,22.0,32.0,0.0,2988.0,2205.0,68.0,11.0,0.0,55.0,0.0,0.0,104.0,9.0,0.0,27.0,11.0,06,001,450601,450601,69.8,3.5,19.0,5.5,6.1,1.5,6.9,93.1,45.2,7.4,1.5,4.0,0.7,1.0,0.0,73.8,2.3,0.4,0.0,1.8,0.0,0.0
4822.0,3122.0,119.0,501.0,943.0,94453.0,308.0,4696.0,2597.0,291.0,1620.0,1755.0,52.0,1972.0,2.75,4687.0,2187.0,657.0,1356.0,136.0,38.0,0.0,4582.0,3487.0,692.0,0.0,0.0,0.0,0.0,0.0,807.0,87.0,17.0,82.0,199.0,06,001,450741,450741,64.7,2.5,10.4,19.6,11.2,6.6,3.0,97.0,47.7,46.7,14.0,28.9,2.9,0.8,0.0,76.1,15.1,0.0,0.0,0.0,0.0,0.0
6905.0,4577.0,199.0,1282.0,735.0,131719.0,208.0,6869.0,3827.0,256.0,2001.0,2433.0,147.0,1998.0,3.0,6863.0,1506.0,284.0,1130.0,89.0,3.0,0.0,6441.0,5024.0,360.0,0.0,0.0,127.0,0.0,0.0,509.0,52.0,39.0,40.0,129.0,06,001,451101,451101,66.3,2.9,18.6,10.6,6.7,3.0,6.0,94.0,51.1,21.9,4.1,16.5,1.3,0.0,0.0,78.0,5.6,0.0,0.0,2.0,0.0,0.0
5323.0,963.0,223.0,3334.0,582.0,64105.0,387.0,5018.0,2772.0,201.0,1356.0,2239.0,303.0,1976.0,2.59,5018.0,4757.0,764.0,3944.0,49.0,0.0,0.0,4985.0,1372.0,437.0,38.0,0.0,0.0,0.0,49.0,1808.0,187.0,30.0,92.0,388.0,06,001,441923,441923,18.1,4.2,62.6,10.9,7.3,7.7,13.5,86.5,38.6,94.8,15.2,78.6,1.0,0.0,0.0,27.5,8.8,0.8,0.0,0.0,0.0,1.0
4483.0,2033.0,1021.0,468.0,544.0,45030.0,1166.0,4483.0,2534.0,401.0,1163.0,2232.0,248.0,1943.0,2.25,4472.0,2610.0,673.0,1375.0,394.0,149.0,19.0,4180.0,3186.0,361.0,12.0,0.0,13.0,74.0,0.0,1213.0,118.0,30.0,119.0,327.0,06,001,423400,423400,45.3,22.8,10.4,12.1,15.8,26.0,11.1,88.9,49.0,58.4,15.0,30.7,8.8,3.3,0.4,76.2,8.6,0.3,0.0,0.3,1.8,0.0
1939.0,1196.0,281.0,162.0,227.0,47083.0,324.0,1935.0,1249.0,47.0,929.0,886.0,40.0,1939.0,2.27,1920.0,985.0,386.0,350.0,157.0,42.0,50.0,1855.0,1490.0,166.0,48.0,0.0,0.0,5.0,0.0,507.0,99.0,21.0,27.0,135.0,06,001,423901,423901,61.7,14.5,8.4,11.7,3.8,16.7,4.5,95.5,55.6,51.3,20.1,18.2,8.2,2.2,2.6,80.3,8.9,2.6,0.0,0.0,0.3,0.0
1543.0,1149.0,135.0,65.0,194.0,68547.0,126.0,1518.0,1006.0,84.0,1245.0,817.0,60.0,1939.0,1.99,1510.0,964.0,174.0,549.0,118.0,74.0,43.0,1449.0,1215.0,120.0,31.0,0.0,0.0,2.0,0.0,531.0,26.0,13.0,49.0,112.0,06,001,423902,423902,74.5,8.7,4.2,12.6,8.3,8.3,7.3,92.7,37.7,63.8,11.5,36.4,7.8,4.9,2.8,83.9,8.3,2.1,0.0,0.0,0.1,0.0
4326.0,1619.0,86.0,1578.0,834.0,73068.0,651.0,4283.0,2451.0,164.0,1293.0,1621.0,119.0,1939.0,2.84,4271.0,2704.0,248.0,1700.0,432.0,312.0,0.0,4067.0,2272.0,435.0,0.0,0.0,427.0,11.0,0.0,950.0,58.0,69.0,107.0,303.0,06,001,427200,427200,37.4,2.0,36.5,19.3,6.7,15.2,7.3,92.7,56.5,63.3,5.8,39.8,10.1,7.3,0.0,55.9,10.7,0.0,0.0,10.5,0.3,0.0
3327.0,1467.0,283.0,943.0,450.0,71029.0,434.0,3228.0,1810.0,201.0,1475.0,1545.0,119.0,1966.0,2.3,3275.0,2225.0,501.0,1487.0,199.0,28.0,10.0,3191.0,1843.0,201.0,0.0,29.0,20.0,14.0,65.0,953.0,77.0,97.0,73.0,209.0,06,001,428500,428500,44.1,8.5,28.3,13.5,11.1,13.4,7.7,92.3,47.8,67.9,15.3,45.4,6.1,0.9,0.3,57.8,6.3,0.0,0.9,0.6,0.4,2.0
2060.0,1239.0,41.0,378.0,288.0,126181.0,27.0,2056.0,1207.0,108.0,2001.0,757.0,8.0,1957.0,2.75,2060.0,369.0,20.0,278.0,71.0,0.0,0.0,2018.0,1556.0,116.0,6.0,0.0,0.0,10.0,0.0,107.0,10.0,0.0,0.0,0.0,06,001,430400,430400,60.1,2.0,18.3,14.0,8.9,1.3,1.1,98.9,9.3,17.9,1.0,13.5,3.4,0.0,0.0,77.1,5.7,0.3,0.0,0.0,0.5,0.0
3152.0,1494.0,491.0,311.0,649.0,54338.0,303.0,3119.0,1968.0,346.0,1203.0,1358.0,6.0,1965.0,2.3,3110.0,2164.0,712.0,1154.0,221.0,48.0,29.0,3020.0,2481.0,316.0,9.0,0.0,0.0,0.0,0.0,962.0,102.0,50.0,65.0,272.0,06,001,431100,431100,47.4,15.6,9.9,20.6,17.6,9.7,0.4,99.6,50.8,69.6,22.9,37.1,7.1,1.5,0.9,82.2,10.5,0.3,0.0,0.0,0.0,0.0
5202.0,3438.0,5.0,485.0,1109.0,83455.0,475.0,5185.0,2893.0,282.0,1041.0,2182.0,131.0,1964.0,2.52,5167.0,1577.0,96.0,957.0,487.0,25.0,0.0,4931.0,3810.0,502.0,0.0,0.0,287.0,0.0,0.0,734.0,16.0,142.0,67.0,66.0,06,001,451503,451503,66.1,0.1,9.3,21.3,9.7,9.2,6.0,94.0,39.6,30.5,1.9,18.5,9.4,0.5,0.0,77.3,10.2,0.0,0.0,5.8,0.0,0.0
5641.0,348.0,1158.0,138.0,3778.0,33750.0,1195.0,5633.0,2211.0,464.0,1073.0,1647.0,133.0,1954.0,3.67,5556.0,3184.0,556.0,2548.0,80.0,0.0,0.0,4947.0,1871.0,2738.0,0.0,85.0,0.0,65.0,48.0,927.0,83.0,33.0,132.0,370.0,06,001,409300,409300,6.2,20.5,2.4,67.0,21.0,21.2,8.1,91.9,66.7,57.3,10.0,45.9,1.4,0.0,0.0,37.8,55.3,0.0,1.7,0.0,1.3,1.0
5009.0,93.0,2273.0,191.0,2270.0,32660.0,1380.0,4936.0,2037.0,246.0,1014.0,1765.0,273.0,1959.0,3.32,4952.0,2749.0,667.0,1803.0,157.0,113.0,9.0,4616.0,2433.0,1980.0,5.0,63.0,32.0,0.0,0.0,948.0,77.0,41.0,119.0,409.0,06,001,409700,409700,1.9,45.4,3.8,45.3,12.1,28.0,15.5,84.5,68.1,55.5,13.5,36.4,3.2,2.3,0.2,52.7,42.9,0.1,1.4,0.7,0.0,0.0
6444.0,4733.0,164.0,430.0,1047.0,106250.0,251.0,6444.0,3950.0,259.0,1597.0,2386.0,44.0,1976.0,2.75,6444.0,1303.0,500.0,803.0,0.0,0.0,0.0,6207.0,5351.0,513.0,0.0,0.0,59.0,0.0,0.0,429.0,0.0,0.0,13.0,103.0,06,001,451300,451300,73.4,2.5,6.7,16.2,6.6,3.9,1.8,98.2,27.0,20.2,7.8,12.5,0.0,0.0,0.0,86.2,8.3,0.0,0.0,1.0,0.0,0.0
2569.0,350.0,1717.0,198.0,139.0,22282.0,826.0,2557.0,1146.0,359.0,874.0,1199.0,115.0,1947.0,2.34,2535.0,1993.0,209.0,1195.0,236.0,317.0,36.0,2416.0,1868.0,232.0,10.0,0.0,5.0,0.0,0.0,956.0,125.0,31.0,101.0,336.0,06,001,402400,402400,13.6,66.8,7.7,5.4,31.3,32.3,9.6,90.4,62.0,78.6,8.2,47.1,9.3,12.5,1.4,77.3,9.6,0.4,0.0,0.2,0.0,0.0
3373.0,2442.0,73.0,510.0,97.0,177656.0,88.0,3373.0,1896.0,67.0,1977.0,1402.0,17.0,1973.0,2.44,3373.0,456.0,39.0,373.0,26.0,18.0,0.0,3203.0,2689.0,79.0,34.0,0.0,73.0,0.0,0.0,225.0,11.0,8.0,53.0,3.0,06,001,404300,404300,72.4,2.2,15.1,2.9,3.5,2.6,1.2,98.8,33.3,13.5,1.2,11.1,0.8,0.5,0.0,84.0,2.5,1.1,0.0,2.3,0.0,0.0
2579.0,999.0,695.0,633.0,252.0,68017.0,299.0,2579.0,1551.0,107.0,958.0,1319.0,35.0,1939.0,2.01,2579.0,994.0,154.0,728.0,87.0,11.0,14.0,2409.0,1561.0,166.0,66.0,0.0,0.0,10.0,0.0,591.0,9.0,33.0,65.0,181.0,06,001,404800,404800,38.7,26.9,24.5,9.8,6.9,11.6,2.7,97.3,48.7,38.5,6.0,28.2,3.4,0.4,0.5,64.8,6.9,2.7,0.0,0.0,0.4,0.0
4349.0,363.0,438.0,671.0,2511.0,25347.0,1625.0,4151.0,2023.0,220.0,917.0,1398.0,189.0,1950.0,3.42,4129.0,3528.0,519.0,2533.0,459.0,7.0,0.0,3841.0,924.0,2201.0,0.0,34.0,98.0,0.0,0.0,1031.0,83.0,47.0,73.0,401.0,06,001,406202,406202,8.3,10.1,15.4,57.7,10.9,39.1,13.5,86.5,58.6,85.4,12.6,61.3,11.1,0.2,0.0,24.1,57.3,0.0,0.9,2.6,0.0,0.0
2439.0,455.0,683.0,563.0,688.0,49135.0,562.0,2260.0,977.0,231.0,1139.0,795.0,109.0,1941.0,3.04,2085.0,879.0,156.0,479.0,155.0,15.0,52.0,2307.0,1186.0,546.0,0.0,33.0,46.0,0.0,0.0,370.0,23.0,14.0,21.0,132.0,06,001,406400,406400,18.7,28.0,23.1,28.2,23.6,24.9,13.7,86.3,51.4,42.2,7.5,23.0,7.4,0.7,2.5,51.4,23.7,0.0,1.4,2.0,0.0,0.0
5828.0,617.0,1815.0,1754.0,1514.0,36771.0,1454.0,5660.0,2911.0,363.0,1106.0,2279.0,337.0,1948.0,2.93,5681.0,2979.0,433.0,2129.0,318.0,99.0,0.0,5406.0,2670.0,1170.0,16.0,22.0,84.0,0.0,0.0,1073.0,20.0,129.0,82.0,474.0,06,001,407000,407000,10.6,31.1,30.1,26.0,12.5,25.7,14.8,85.2,65.7,52.4,7.6,37.5,5.6,1.7,0.0,49.4,21.6,0.3,0.4,1.6,0.0,0.0
5870.0,450.0,541.0,718.0,4099.0,36534.0,1603.0,5741.0,2922.0,433.0,894.0,1961.0,286.0,1939.0,3.39,5683.0,4269.0,770.0,2978.0,244.0,214.0,63.0,5365.0,1088.0,3623.0,32.0,0.0,96.0,8.0,0.0,1308.0,82.0,100.0,95.0,418.0,06,001,407200,407200,7.7,9.2,12.2,69.8,14.8,27.9,14.6,85.4,53.1,75.1,13.5,52.4,4.3,3.8,1.1,20.3,67.5,0.6,0.0,1.8,0.1,0.0
3874.0,117.0,674.0,338.0,2708.0,33848.0,1200.0,3867.0,1991.0,488.0,900.0,1190.0,101.0,1939.0,3.52,3830.0,2672.0,667.0,1691.0,265.0,19.0,21.0,3432.0,1148.0,2045.0,0.0,66.0,84.0,0.0,0.0,794.0,93.0,60.0,98.0,237.0,06,001,407400,407400,3.0,17.4,8.7,69.9,24.5,31.0,8.5,91.5,61.5,69.8,17.4,44.2,6.9,0.5,0.5,33.4,59.6,0.0,1.9,2.4,0.0,0.0
4710.0,1432.0,2339.0,197.0,469.0,64191.0,1078.0,4655.0,2309.0,414.0,1238.0,1900.0,126.0,1947.0,2.64,4690.0,1550.0,250.0,1209.0,91.0,0.0,0.0,4327.0,3292.0,473.0,0.0,56.0,3.0,6.0,0.0,585.0,89.0,0.0,59.0,232.0,06,001,408300,408300,30.4,49.7,4.2,10.0,17.9,23.2,6.6,93.4,65.0,33.0,5.3,25.8,1.9,0.0,0.0,76.1,10.9,0.0,1.3,0.1,0.1,0.0
2820.0,624.0,1686.0,121.0,292.0,37394.0,565.0,2783.0,1305.0,308.0,1403.0,1054.0,82.0,1955.0,2.86,2776.0,1258.0,361.0,758.0,139.0,0.0,0.0,2648.0,2054.0,180.0,7.0,0.0,0.0,0.0,0.0,411.0,8.0,59.0,23.0,237.0,06,001,410100,410100,22.1,59.8,4.3,10.4,23.6,20.3,7.8,92.2,79.6,45.3,13.0,27.3,5.0,0.0,0.0,77.6,6.8,0.3,0.0,0.0,0.0,0.0
2985.0,1875.0,134.0,475.0,255.0,104769.0,195.0,2985.0,1590.0,97.0,1590.0,1304.0,73.0,1939.0,2.42,2980.0,793.0,186.0,473.0,103.0,20.0,11.0,2791.0,2190.0,45.0,20.0,0.0,1.0,33.0,0.0,354.0,8.0,73.0,0.0,97.0,06,001,420600,420600,62.8,4.5,15.9,8.5,6.1,6.5,5.6,94.4,50.3,26.6,6.2,15.9,3.5,0.7,0.4,78.5,1.6,0.7,0.0,0.0,1.2,0.0
2163.0,1640.0,6.0,257.0,96.0,175313.0,215.0,2163.0,1044.0,87.0,2001.0,876.0,21.0,1939.0,2.53,2163.0,151.0,0.0,117.0,0.0,34.0,0.0,2080.0,1712.0,37.0,39.0,0.0,0.0,10.0,0.0,30.0,5.0,0.0,0.0,16.0,06,001,421100,421100,75.8,0.3,11.9,4.4,8.3,9.9,2.4,97.6,70.0,7.0,0.0,5.4,0.0,1.6,0.0,82.3,1.8,1.9,0.0,0.0,0.5,0.0
1619.0,1315.0,33.0,154.0,96.0,123929.0,68.0,1619.0,856.0,18.0,1692.0,688.0,18.0,1939.0,2.42,1619.0,233.0,10.0,160.0,58.0,0.0,0.0,1576.0,1359.0,15.0,32.0,0.0,0.0,0.0,0.0,98.0,6.0,34.0,2.0,28.0,06,001,421400,421400,81.2,2.0,9.5,5.9,2.1,4.2,2.6,97.4,71.4,14.4,0.6,9.9,3.6,0.0,0.0,86.2,1.0,2.0,0.0,0.0,0.0,0.0
2102.0,787.0,362.0,271.0,589.0,46899.0,347.0,2102.0,1352.0,155.0,1067.0,1187.0,116.0,1945.0,1.96,2102.0,862.0,183.0,580.0,70.0,29.0,0.0,2033.0,1336.0,415.0,0.0,0.0,46.0,62.0,0.0,540.0,23.0,8.0,57.0,141.0,06,001,422100,422100,37.4,17.2,12.9,28.0,11.5,16.5,9.8,90.2,42.4,41.0,8.7,27.6,3.3,1.4,0.0,65.7,20.4,0.0,0.0,2.3,3.0,0.0
3562.0,2326.0,57.0,671.0,288.0,49853.0,734.0,2625.0,1757.0,113.0,1174.0,1435.0,189.0,1939.0,2.1,2616.0,1499.0,357.0,882.0,162.0,68.0,0.0,3509.0,2684.0,190.0,38.0,0.0,15.0,37.0,9.0,788.0,63.0,0.0,0.0,370.0,06,001,423700,423700,65.3,1.6,18.8,8.1,6.4,28.0,13.2,86.8,54.9,57.3,13.6,33.7,6.2,2.6,0.0,76.5,5.4,1.1,0.0,0.4,1.1,0.3
7046.0,244.0,2735.0,412.0,3467.0,38603.0,2142.0,6998.0,2959.0,528.0,1081.0,2643.0,515.0,1946.0,3.28,6979.0,4317.0,1309.0,2664.0,256.0,53.0,35.0,6525.0,3155.0,2960.0,20.0,76.0,113.0,27.0,0.0,1242.0,89.0,80.0,182.0,576.0,06,001,408700,408700,3.5,38.8,5.8,49.2,17.8,30.6,19.5,80.5,74.6,61.9,18.8,38.2,3.7,0.8,0.5,48.4,45.4,0.3,1.2,1.7,0.4,0.0
2753.0,49.0,1170.0,131.0,1226.0,41500.0,587.0,2745.0,1193.0,237.0,1181.0,1000.0,182.0,1952.0,3.37,2753.0,1327.0,366.0,691.0,177.0,70.0,0.0,2589.0,1313.0,1159.0,0.0,0.0,3.0,0.0,0.0,381.0,7.0,33.0,39.0,167.0,06,001,409200,409200,1.8,42.5,4.8,44.5,19.9,21.4,18.2,81.8,64.6,48.2,13.3,25.1,6.4,2.5,0.0,50.7,44.8,0.0,0.0,0.1,0.0,0.0
4061.0,204.0,724.0,188.0,2705.0,38555.0,932.0,4039.0,1839.0,243.0,1027.0,1068.0,141.0,1952.0,4.36,4044.0,2773.0,691.0,1931.0,34.0,39.0,47.0,3453.0,1019.0,2056.0,0.0,0.0,0.0,0.0,0.0,669.0,38.0,33.0,73.0,173.0,06,001,409500,409500,5.0,17.8,4.6,66.6,13.2,23.1,13.2,86.8,47.4,68.6,17.1,47.7,0.8,1.0,1.2,29.5,59.5,0.0,0.0,0.0,0.0,0.0
5602.0,171.0,1855.0,82.0,3426.0,36175.0,1581.0,5599.0,2508.0,391.0,1335.0,1664.0,181.0,1958.0,3.77,5588.0,4085.0,1237.0,2464.0,160.0,196.0,28.0,4897.0,1872.0,2890.0,0.0,0.0,9.0,0.0,0.0,1070.0,26.0,113.0,122.0,526.0,06,001,409600,409600,3.1,33.1,1.5,61.2,15.6,28.2,10.9,89.1,73.6,73.1,22.1,44.1,2.9,3.5,0.5,38.2,59.0,0.0,0.0,0.2,0.0,0.0
3081.0,149.0,1772.0,211.0,941.0,44273.0,560.0,3055.0,1497.0,263.0,998.0,1201.0,143.0,1949.0,2.89,3062.0,1608.0,425.0,747.0,414.0,22.0,0.0,2801.0,1897.0,696.0,22.0,0.0,20.0,0.0,0.0,493.0,47.0,139.0,22.0,184.0,06,001,410200,410200,4.8,57.5,6.8,30.5,17.6,18.3,11.9,88.1,79.5,52.5,13.9,24.4,13.5,0.7,0.0,67.7,24.8,0.8,0.0,0.7,0.0,0.0
3960.0,3108.0,127.0,350.0,173.0,131667.0,70.0,3960.0,2202.0,84.0,1685.0,1769.0,115.0,1939.0,2.39,3960.0,679.0,285.0,255.0,49.0,40.0,9.0,3751.0,3210.0,123.0,74.0,0.0,0.0,25.0,14.0,320.0,12.0,10.0,0.0,33.0,06,001,421300,421300,78.5,3.2,8.8,4.4,3.8,1.8,6.5,93.5,17.2,17.1,7.2,6.4,1.2,1.0,0.2,85.6,3.3,2.0,0.0,0.0,0.7,0.4
3869.0,2058.0,243.0,805.0,573.0,80066.0,482.0,3852.0,2167.0,106.0,1446.0,1720.0,113.0,1944.0,2.38,3827.0,2432.0,840.0,1219.0,234.0,36.0,103.0,3667.0,2571.0,413.0,60.0,0.0,0.0,150.0,47.0,1025.0,83.0,101.0,31.0,188.0,06,001,421700,421700,53.2,6.3,20.8,14.8,4.9,12.5,6.6,93.4,39.3,63.5,21.9,31.9,6.1,0.9,2.7,70.1,11.3,1.6,0.0,0.0,4.1,1.3
1482.0,619.0,369.0,141.0,217.0,50833.0,379.0,1482.0,884.0,89.0,1035.0,729.0,85.0,1978.0,2.16,1388.0,709.0,265.0,394.0,50.0,0.0,0.0,1362.0,1069.0,171.0,5.0,0.0,0.0,0.0,0.0,371.0,61.0,4.0,26.0,56.0,06,001,422000,422000,41.8,24.9,9.5,14.6,10.1,25.6,11.7,88.3,39.6,51.1,19.1,28.4,3.6,0.0,0.0,78.5,12.6,0.4,0.0,0.0,0.0,0.0
3620.0,2139.0,107.0,578.0,357.0,52091.0,639.0,3620.0,2138.0,96.0,1346.0,1840.0,249.0,1939.0,2.28,3620.0,2032.0,756.0,1061.0,73.0,98.0,35.0,3417.0,2857.0,149.0,10.0,0.0,0.0,12.0,0.0,959.0,99.0,78.0,136.0,274.0,06,001,422300,422300,59.1,3.0,16.0,9.9,4.5,17.7,13.5,86.5,61.2,56.1,20.9,29.3,2.0,2.7,1.0,83.6,4.4,0.3,0.0,0.0,0.4,0.0
7441.0,2842.0,121.0,2863.0,1224.0,23500.0,1349.0,2782.0,2342.0,392.0,1143.0,1503.0,157.0,1945.0,2.05,2757.0,2742.0,827.0,1773.0,128.0,10.0,4.0,7441.0,4261.0,766.0,34.0,0.0,174.0,117.0,41.0,1343.0,62.0,99.0,127.0,573.0,06,001,422800,422800,38.2,1.6,38.5,16.4,16.7,48.5,10.4,89.6,64.1,99.5,30.0,64.3,4.6,0.4,0.1,57.3,10.3,0.5,0.0,2.3,1.6,0.6
5950.0,2303.0,74.0,2711.0,543.0,44583.0,2256.0,5857.0,2497.0,291.0,1408.0,2603.0,225.0,1959.0,2.46,5843.0,5107.0,2269.0,2593.0,134.0,70.0,41.0,5846.0,3647.0,281.0,44.0,0.0,104.0,60.0,23.0,2063.0,106.0,249.0,149.0,978.0,06,001,423602,423602,38.7,1.2,45.6,9.1,11.7,38.5,8.6,91.4,71.8,87.4,38.8,44.4,2.3,1.2,0.7,62.4,4.8,0.8,0.0,1.8,1.0,0.4
3513.0,2548.0,138.0,385.0,266.0,107750.0,99.0,3357.0,1808.0,15.0,1409.0,1455.0,121.0,1939.0,2.54,3389.0,1039.0,19.0,819.0,151.0,39.0,0.0,3323.0,2909.0,59.0,65.0,0.0,0.0,7.0,0.0,436.0,18.0,8.0,0.0,9.0,06,001,427100,427100,72.5,3.9,11.0,7.6,0.8,2.9,8.3,91.7,8.0,30.7,0.6,24.2,4.5,1.2,0.0,87.5,1.8,2.0,0.0,0.0,0.2,0.0
5949.0,2319.0,772.0,890.0,1617.0,68011.0,832.0,5386.0,3001.0,298.0,1346.0,2109.0,199.0,1959.0,2.79,5334.0,2259.0,433.0,1694.0,107.0,14.0,11.0,5641.0,3695.0,1308.0,47.0,104.0,215.0,0.0,0.0,803.0,40.0,38.0,119.0,231.0,06,001,430500,430500,39.0,13.0,15.0,27.2,9.9,15.4,9.4,90.6,53.3,42.4,8.1,31.8,2.0,0.3,0.2,65.5,23.2,0.8,1.8,3.8,0.0,0.0
5700.0,2685.0,77.0,1683.0,1097.0,89858.0,160.0,5696.0,2900.0,216.0,1820.0,2167.0,98.0,1965.0,2.75,5694.0,465.0,27.0,231.0,168.0,0.0,25.0,5371.0,3826.0,277.0,0.0,0.0,202.0,0.0,0.0,211.0,0.0,0.0,52.0,25.0,06,001,430600,430600,47.1,1.4,29.5,19.2,7.4,2.8,4.5,95.5,36.5,8.2,0.5,4.1,3.0,0.0,0.4,71.2,5.2,0.0,0.0,3.8,0.0,0.0
3642.0,2304.0,50.0,543.0,450.0,98304.0,414.0,3635.0,1854.0,138.0,1413.0,1355.0,106.0,1955.0,2.9,3623.0,987.0,373.0,479.0,123.0,0.0,0.0,3494.0,2590.0,280.0,9.0,0.0,42.0,19.0,73.0,362.0,45.0,0.0,14.0,89.0,06,001,430700,430700,63.3,1.4,14.9,12.4,7.4,11.4,7.8,92.2,40.9,27.2,10.3,13.2,3.4,0.0,0.0,74.1,8.0,0.3,0.0,1.2,0.5,2.1
1981.0,1398.0,58.0,206.0,201.0,122634.0,77.0,1981.0,1172.0,31.0,1590.0,913.0,46.0,1939.0,2.2,1910.0,493.0,45.0,364.0,73.0,6.0,0.0,1847.0,1503.0,82.0,0.0,0.0,0.0,36.0,0.0,267.0,12.0,9.0,4.0,54.0,06,001,400200,400200,70.6,2.9,10.4,10.1,2.6,3.9,5.0,95.0,29.6,25.8,2.4,19.1,3.8,0.3,0.0,81.4,4.4,0.0,0.0,0.0,1.9,0.0
4313.0,2017.0,798.0,501.0,778.0,49014.0,886.0,4313.0,2815.0,313.0,1097.0,2140.0,107.0,1939.0,2.1,4264.0,3326.0,848.0,1925.0,266.0,246.0,0.0,4087.0,3254.0,357.0,49.0,25.0,0.0,0.0,0.0,1580.0,199.0,51.0,131.0,472.0,06,001,401100,401100,46.8,18.5,11.6,18.0,11.1,20.5,5.0,95.0,54.0,78.0,19.9,45.1,6.2,5.8,0.0,79.6,8.7,1.2,0.6,0.0,0.0,0.0
4113.0,533.0,2072.0,515.0,819.0,27034.0,1456.0,4088.0,1840.0,340.0,845.0,1847.0,431.0,1939.0,2.8,3969.0,3441.0,755.0,2060.0,437.0,168.0,21.0,3789.0,2425.0,704.0,7.0,0.0,50.0,0.0,5.0,1187.0,15.0,110.0,116.0,418.0,06,001,401400,401400,13.0,50.4,12.5,19.9,18.5,35.6,23.3,76.7,55.5,86.7,19.0,51.9,11.0,4.2,0.5,64.0,18.6,0.2,0.0,1.3,0.0,0.1
5033.0,1560.0,264.0,1500.0,1481.0,77794.0,124.0,5024.0,2769.0,254.0,1205.0,1383.0,17.0,1956.0,3.67,5020.0,580.0,142.0,226.0,206.0,3.0,3.0,4800.0,2245.0,1198.0,51.0,0.0,138.0,122.0,0.0,169.0,0.0,2.0,8.0,33.0,06,001,433500,433500,31.0,5.2,29.8,29.4,9.2,2.5,1.2,98.8,25.4,11.6,2.8,4.5,4.1,0.1,0.1,46.8,25.0,1.1,0.0,2.9,2.5,0.0
6168.0,957.0,1919.0,756.0,2187.0,45948.0,1429.0,6163.0,3043.0,357.0,1097.0,2393.0,286.0,1968.0,2.92,6147.0,4397.0,869.0,3062.0,445.0,8.0,13.0,5474.0,2650.0,1613.0,0.0,0.0,135.0,14.0,40.0,1426.0,115.0,99.0,117.0,502.0,06,001,433900,433900,15.5,31.1,12.3,35.5,11.7,23.2,12.0,88.0,58.4,71.5,14.1,49.8,7.2,0.1,0.2,48.4,29.5,0.0,0.0,2.5,0.3,0.7
5257.0,1636.0,224.0,2199.0,1035.0,77028.0,389.0,5257.0,3087.0,143.0,1627.0,2150.0,120.0,1991.0,2.59,5257.0,3729.0,982.0,2721.0,16.0,10.0,0.0,4895.0,1791.0,897.0,31.0,0.0,0.0,58.0,16.0,1402.0,110.0,68.0,104.0,196.0,06,001,450743,450743,31.1,4.3,41.8,19.7,4.6,7.4,5.6,94.4,34.1,70.9,18.7,51.8,0.3,0.2,0.0,36.6,18.3,0.6,0.0,0.0,1.2,0.3
3081.0,2131.0,56.0,240.0,469.0,118615.0,140.0,3018.0,1714.0,211.0,2001.0,1175.0,58.0,1978.0,2.74,3060.0,595.0,121.0,444.0,30.0,0.0,0.0,2851.0,2438.0,134.0,52.0,0.0,0.0,0.0,0.0,241.0,24.0,7.0,52.0,14.0,06,001,450746,450746,69.2,1.8,7.8,15.2,12.3,4.6,4.9,95.1,40.2,19.4,4.0,14.5,1.0,0.0,0.0,85.5,4.7,1.8,0.0,0.0,0.0,0.0
3584.0,1431.0,264.0,1335.0,365.0,74451.0,472.0,3584.0,2280.0,196.0,1424.0,1843.0,88.0,-666666666.0,2.04,3584.0,1658.0,261.0,1397.0,0.0,0.0,0.0,3225.0,2221.0,167.0,0.0,0.0,22.0,3.0,0.0,871.0,171.0,66.0,49.0,165.0,06,001,450750,450750,39.9,7.4,37.2,10.2,8.6,13.2,4.8,95.2,51.8,46.3,7.3,39.0,0.0,0.0,0.0,68.9,5.2,0.0,0.0,0.7,0.1,0.0
1987.0,904.0,148.0,765.0,60.0,206958.0,20.0,1977.0,1184.0,37.0,2001.0,757.0,46.0,2004.0,2.79,1987.0,274.0,225.0,49.0,0.0,0.0,0.0,1750.0,1192.0,0.0,0.0,0.0,0.0,33.0,0.0,96.0,10.0,20.0,0.0,0.0,06,001,450751,450751,45.5,7.4,38.5,3.0,3.1,1.0,6.1,93.9,31.2,13.8,11.3,2.5,0.0,0.0,0.0,68.1,0.0,0.0,0.0,0.0,1.9,0.0
5009.0,2040.0,122.0,2325.0,307.0,162074.0,43.0,5009.0,2594.0,39.0,2001.0,1585.0,109.0,2004.0,3.39,5009.0,451.0,125.0,326.0,0.0,0.0,0.0,4677.0,2525.0,75.0,0.0,0.0,68.0,113.0,0.0,139.0,0.0,0.0,0.0,29.0,06,001,450752,450752,40.7,2.4,46.4,6.1,1.5,0.9,6.9,93.1,20.9,9.0,2.5,6.5,0.0,0.0,0.0,54.0,1.6,0.0,0.0,1.5,2.4,0.0
2357.0,1009.0,0.0,431.0,894.0,93676.0,125.0,2357.0,1427.0,199.0,1208.0,790.0,112.0,1964.0,3.47,2352.0,623.0,38.0,412.0,35.0,0.0,0.0,2131.0,1176.0,637.0,3.0,0.0,0.0,0.0,0.0,172.0,12.0,0.0,0.0,33.0,06,001,451403,451403,42.8,0.0,18.3,37.9,13.9,5.3,14.2,85.8,26.2,26.5,1.6,17.5,1.5,0.0,0.0,55.2,29.9,0.1,0.0,0.0,0.0,0.0
6361.0,2404.0,147.0,394.0,3385.0,69365.0,358.0,6277.0,3811.0,310.0,1322.0,2210.0,78.0,1962.0,2.98,6345.0,3925.0,599.0,3080.0,210.0,17.0,19.0,5932.0,2914.0,2691.0,10.0,0.0,0.0,0.0,0.0,1193.0,28.0,73.0,86.0,288.0,06,001,451404,451404,37.8,2.3,6.2,53.2,8.1,5.7,3.5,96.5,39.8,61.9,9.4,48.5,3.3,0.3,0.3,49.1,45.4,0.2,0.0,0.0,0.0,0.0
1666.0,1267.0,24.0,109.0,238.0,103289.0,77.0,1666.0,907.0,68.0,2001.0,594.0,0.0,1987.0,2.8,1666.0,161.0,0.0,144.0,0.0,0.0,0.0,1596.0,1317.0,107.0,0.0,0.0,0.0,0.0,0.0,50.0,0.0,12.0,0.0,15.0,06,001,451504,451504,76.1,1.4,6.5,14.3,7.5,4.6,0.0,100.0,54.0,9.7,0.0,8.6,0.0,0.0,0.0,82.5,6.7,0.0,0.0,0.0,0.0,0.0
3247.0,2820.0,0.0,231.0,158.0,127153.0,47.0,3247.0,1755.0,140.0,2001.0,1159.0,0.0,1981.0,2.8,3247.0,249.0,74.0,98.0,0.0,77.0,0.0,3059.0,2793.0,100.0,0.0,0.0,0.0,0.0,0.0,78.0,27.0,0.0,0.0,18.0,06,001,451505,451505,86.8,0.0,7.1,4.9,8.0,1.4,0.0,100.0,57.7,7.7,2.3,3.0,0.0,2.4,0.0,91.3,3.3,0.0,0.0,0.0,0.0,0.0
3248.0,1909.0,217.0,123.0,821.0,86667.0,474.0,3246.0,1664.0,73.0,1456.0,1126.0,140.0,1976.0,3.29,3243.0,1910.0,349.0,1538.0,7.0,0.0,16.0,2780.0,2018.0,531.0,40.0,0.0,0.0,0.0,27.0,545.0,32.0,78.0,26.0,135.0,06,001,451506,451506,58.8,6.7,3.8,25.3,4.4,14.6,12.4,87.6,49.7,58.9,10.8,47.4,0.2,0.0,0.5,72.6,19.1,1.4,0.0,0.0,0.0,1.0
4284.0,2946.0,66.0,649.0,543.0,118967.0,181.0,4281.0,1922.0,249.0,1862.0,1332.0,35.0,1974.0,3.3,4281.0,529.0,95.0,348.0,86.0,0.0,0.0,4039.0,3200.0,195.0,0.0,0.0,0.0,0.0,0.0,140.0,18.0,0.0,5.0,12.0,06,001,451703,451703,68.8,1.5,15.1,12.7,13.0,4.2,2.6,97.4,25.0,12.4,2.2,8.1,2.0,0.0,0.0,79.2,4.8,0.0,0.0,0.0,0.0,0.0
4180.0,3087.0,0.0,115.0,843.0,89475.0,88.0,4116.0,2114.0,111.0,1195.0,1670.0,99.0,1969.0,2.66,4180.0,1030.0,588.0,442.0,0.0,0.0,0.0,3697.0,3084.0,344.0,0.0,0.0,0.0,0.0,0.0,383.0,131.0,0.0,0.0,72.0,06,001,451704,451704,73.9,0.0,2.8,20.2,5.3,2.1,5.9,94.1,53.0,24.6,14.1,10.6,0.0,0.0,0.0,83.4,9.3,0.0,0.0,0.0,0.0,0.0
38.0,38.0,0.0,0.0,0.0,42500.0,0.0,38.0,19.0,0.0,1500.0,46.0,8.0,1939.0,-666666666.0,38.0,38.0,0.0,28.0,10.0,0.0,0.0,38.0,28.0,10.0,0.0,0.0,0.0,0.0,0.0,38.0,0.0,10.0,19.0,9.0,06,001,981900,981900,100.0,0.0,0.0,0.0,0.0,0.0,17.4,82.6,100.0,100.0,0.0,73.7,26.3,0.0,0.0,73.7,26.3,0.0,0.0,0.0,0.0,0.0
87.0,25.0,0.0,11.0,51.0,135313.0,36.0,87.0,34.0,0.0,-666666666.0,33.0,0.0,1969.0,2.64,87.0,8.0,0.0,8.0,0.0,0.0,0.0,87.0,33.0,39.0,0.0,0.0,0.0,0.0,0.0,4.0,0.0,0.0,0.0,0.0,06,001,982000,982000,28.7,0.0,12.6,58.6,0.0,41.4,0.0,100.0,0.0,9.2,0.0,9.2,0.0,0.0,0.0,37.9,44.8,0.0,0.0,0.0,0.0,0.0
439.0,232.0,72.0,61.0,26.0,149539.0,36.0,439.0,361.0,10.0,2001.0,348.0,75.0,2003.0,1.55,422.0,258.0,74.0,184.0,0.0,0.0,0.0,430.0,403.0,1.0,0.0,0.0,0.0,0.0,0.0,165.0,4.0,16.0,0.0,23.0,06,001,983200,983200,52.8,16.4,13.9,5.9,2.8,8.2,21.6,78.4,26.1,61.1,17.5,43.6,0.0,0.0,0.0,93.7,0.2,0.0,0.0,0.0,0.0,0.0
0.0,0.0,0.0,0.0,0.0,-666666666.0,0.0,0.0,0.0,0.0,-666666666.0,0.0,0.0,-666666666.0,-666666666.0,0.0,0.0,0.0,0.0,0.0,0.0,0.0,0.0,0.0,0.0,0.0,0.0,0.0,0.0,0.0,0.0,0.0,0.0,0.0,0.0,06,001,990000,990000,,,,,0.0,0.0,0.0,100.0,0.0,0.0,0.0,0.0,0.0,0.0,0.0,0.0,0.0,0.0,0.0,0.0,0.0,0.0
2955.0,2211.0,25.0,370.0,181.0,135167.0,116.0,2955.0,1493.0,66.0,1657.0,1381.0,93.0,1939.0,2.29,2955.0,500.0,171.0,255.0,54.0,0.0,10.0,2797.0,2306.0,44.0,84.0,0.0,0.0,7.0,0.0,248.0,10.0,36.0,10.0,43.0,06,001,423800,423800,74.8,0.8,12.5,6.1,4.4,3.9,6.7,93.3,39.9,16.9,5.8,8.6,1.8,0.0,0.3,82.4,1.6,3.0,0.0,0.0,0.3,0.0
4696.0,3129.0,42.0,925.0,384.0,179750.0,71.0,4672.0,2492.0,176.0,1765.0,1723.0,117.0,1939.0,2.92,4696.0,750.0,94.0,610.0,0.0,46.0,0.0,4479.0,3643.0,95.0,23.0,0.0,0.0,35.0,0.0,249.0,18.0,9.0,9.0,8.0,06,001,426200,426200,66.6,0.9,19.7,8.2,7.1,1.5,6.8,93.2,17.7,16.0,2.0,13.0,0.0,1.0,0.0,81.3,2.1,0.5,0.0,0.0,0.8,0.0
3518.0,1307.0,59.0,1345.0,655.0,64653.0,427.0,3516.0,2182.0,267.0,1173.0,1405.0,56.0,1942.0,2.6,3512.0,2705.0,549.0,1894.0,212.0,50.0,0.0,3243.0,2022.0,385.0,0.0,0.0,96.0,0.0,20.0,1116.0,92.0,14.0,33.0,263.0,06,001,428000,428000,37.2,1.7,38.2,18.6,12.2,12.1,4.0,96.0,36.0,77.0,15.6,53.9,6.0,1.4,0.0,62.3,11.9,0.0,0.0,3.0,0.0,0.6
3610.0,2208.0,477.0,483.0,235.0,104000.0,178.0,3600.0,1836.0,161.0,1495.0,1330.0,106.0,1958.0,2.94,3593.0,874.0,133.0,588.0,143.0,0.0,0.0,3422.0,2797.0,104.0,0.0,0.0,0.0,0.0,0.0,194.0,10.0,9.0,17.0,20.0,06,001,430300,430300,61.2,13.2,13.4,6.5,8.8,4.9,8.0,92.0,28.9,24.3,3.7,16.4,4.0,0.0,0.0,81.7,3.0,0.0,0.0,0.0,0.0,0.0
5263.0,2509.0,349.0,992.0,1130.0,45840.0,807.0,5204.0,2866.0,438.0,1393.0,2634.0,213.0,1967.0,2.15,5200.0,2448.0,510.0,1636.0,173.0,95.0,34.0,4821.0,3091.0,822.0,21.0,22.0,29.0,40.0,16.0,1201.0,75.0,52.0,138.0,463.0,06,001,431200,431200,47.7,6.6,18.8,21.5,15.3,15.5,8.1,91.9,60.6,47.1,9.8,31.5,3.3,1.8,0.7,64.1,17.1,0.4,0.5,0.6,0.8,0.3
3761.0,1675.0,606.0,407.0,688.0,84375.0,207.0,3761.0,2155.0,199.0,987.0,1417.0,33.0,1939.0,2.71,3757.0,686.0,171.0,454.0,61.0,0.0,0.0,3571.0,2579.0,329.0,46.0,0.0,137.0,10.0,0.0,291.0,31.0,0.0,43.0,111.0,06,001,432100,432100,44.5,16.1,10.8,18.3,9.2,5.5,2.3,97.7,63.6,18.3,4.6,12.1,1.6,0.0,0.0,72.2,9.2,1.3,0.0,3.8,0.3,0.0
4273.0,877.0,498.0,1051.0,1556.0,66649.0,313.0,4273.0,2488.0,245.0,1079.0,1674.0,110.0,1947.0,2.73,4273.0,1190.0,203.0,901.0,69.0,17.0,0.0,3971.0,1948.0,1183.0,9.0,0.0,128.0,0.0,0.0,547.0,45.0,30.0,67.0,117.0,06,001,432300,432300,20.5,11.7,24.6,36.4,9.8,7.3,6.6,93.4,47.3,27.8,4.8,21.1,1.6,0.4,0.0,49.1,29.8,0.2,0.0,3.2,0.0,0.0
7100.0,1702.0,1478.0,1380.0,1999.0,50387.0,702.0,6899.0,3703.0,402.0,1236.0,2962.0,145.0,1964.0,2.41,6796.0,4960.0,745.0,3665.0,408.0,142.0,0.0,6613.0,3834.0,1279.0,0.0,0.0,112.0,45.0,28.0,1989.0,229.0,113.0,163.0,567.0,06,001,432600,432600,24.0,20.8,19.4,28.2,10.9,10.2,4.9,95.1,53.9,73.0,11.0,53.9,6.0,2.1,0.0,58.0,19.3,0.0,0.0,1.7,0.7,0.4
3573.0,1584.0,1209.0,212.0,380.0,69353.0,541.0,3569.0,2322.0,227.0,1124.0,1678.0,104.0,1939.0,2.26,3563.0,1727.0,295.0,1172.0,169.0,48.0,36.0,3385.0,2880.0,277.0,34.0,0.0,12.0,0.0,0.0,905.0,17.0,61.0,57.0,244.0,06,001,400500,400500,44.3,33.8,5.9,10.6,9.8,15.2,6.2,93.8,41.9,48.5,8.3,32.9,4.7,1.3,1.0,85.1,8.2,1.0,0.0,0.4,0.0,0.0
2039.0,267.0,1028.0,438.0,259.0,37785.0,656.0,2011.0,878.0,98.0,1113.0,891.0,164.0,1953.0,2.57,1872.0,1364.0,176.0,1048.0,136.0,4.0,0.0,1926.0,1226.0,197.0,32.0,23.0,0.0,0.0,0.0,580.0,79.0,23.0,57.0,219.0,06,001,401600,401600,13.1,50.4,21.5,12.7,11.2,32.6,18.4,81.6,65.2,72.9,9.4,56.0,7.3,0.2,0.0,63.7,10.2,1.7,1.2,0.0,0.0,0.0
1977.0,126.0,1302.0,202.0,291.0,23523.0,912.0,1977.0,871.0,150.0,819.0,808.0,67.0,1972.0,2.67,1977.0,1650.0,314.0,1189.0,24.0,67.0,51.0,1817.0,1406.0,95.0,0.0,0.0,46.0,0.0,0.0,582.0,75.0,33.0,10.0,169.0,06,001,402500,402500,6.4,65.9,10.2,14.7,17.2,46.1,8.3,91.7,49.3,83.5,15.9,60.1,1.2,3.4,2.6,77.4,5.2,0.0,0.0,2.5,0.0,0.0
4108.0,2074.0,1030.0,438.0,305.0,55417.0,266.0,4029.0,2734.0,143.0,1226.0,2348.0,82.0,1964.0,1.77,4014.0,2529.0,821.0,1162.0,371.0,141.0,0.0,3784.0,3184.0,179.0,0.0,0.0,0.0,9.0,0.0,1531.0,185.0,150.0,97.0,457.0,06,001,403900,403900,50.5,25.1,10.7,7.4,5.2,6.6,3.5,96.5,58.1,63.0,20.5,28.9,9.2,3.5,0.0,84.1,4.7,0.0,0.0,0.0,0.2,0.0
6055.0,931.0,2144.0,724.0,1858.0,52204.0,1300.0,5997.0,2884.0,367.0,905.0,2327.0,284.0,1939.0,2.93,5976.0,2767.0,317.0,2159.0,252.0,28.0,0.0,5634.0,2924.0,1838.0,0.0,161.0,30.0,0.0,0.0,954.0,37.0,51.0,101.0,435.0,06,001,407600,407600,15.4,35.4,12.0,30.7,12.7,21.7,12.2,87.8,65.4,46.3,5.3,36.1,4.2,0.5,0.0,51.9,32.6,0.0,2.9,0.5,0.0,0.0
3499.0,20.0,1482.0,54.0,1613.0,33576.0,947.0,3497.0,1543.0,290.0,1248.0,1391.0,306.0,1942.0,3.21,3487.0,1982.0,477.0,1144.0,258.0,0.0,18.0,3178.0,1657.0,1285.0,0.0,0.0,0.0,0.0,0.0,601.0,9.0,8.0,47.0,311.0,06,001,408400,408400,0.6,42.4,1.5,46.1,18.8,27.1,22.0,78.0,62.4,56.8,13.7,32.8,7.4,0.0,0.5,52.1,40.4,0.0,0.0,0.0,0.0,0.0
3130.0,146.0,1286.0,112.0,1475.0,20660.0,1250.0,3112.0,1331.0,185.0,930.0,1137.0,109.0,1958.0,2.89,2974.0,1756.0,303.0,1263.0,174.0,10.0,6.0,2862.0,1471.0,1288.0,0.0,0.0,54.0,0.0,0.0,702.0,67.0,56.0,43.0,310.0,06,001,408900,408900,4.7,41.1,3.6,47.1,13.9,40.2,9.6,90.4,67.8,59.0,10.2,42.5,5.9,0.3,0.2,51.4,45.0,0.0,0.0,1.9,0.0,0.0
4920.0,3561.0,11.0,393.0,706.0,125319.0,161.0,4920.0,2878.0,232.0,1547.0,1850.0,87.0,1986.0,2.77,4890.0,1187.0,389.0,753.0,0.0,37.0,0.0,4695.0,4176.0,117.0,0.0,0.0,0.0,0.0,0.0,521.0,46.0,37.0,40.0,118.0,06,001,451601,451601,72.4,0.2,8.0,14.3,8.1,3.3,4.7,95.3,46.3,24.3,8.0,15.4,0.0,0.8,0.0,88.9,2.5,0.0,0.0,0.0,0.0,0.0
4073.0,1179.0,12.0,2341.0,215.0,140192.0,234.0,4050.0,2147.0,137.0,1528.0,1242.0,26.0,1975.0,3.33,4053.0,320.0,81.0,173.0,66.0,0.0,0.0,3818.0,1660.0,107.0,0.0,0.0,289.0,0.0,0.0,76.0,0.0,0.0,0.0,18.0,06,001,443301,443301,28.9,0.3,57.5,5.3,6.4,5.8,2.1,97.9,23.7,7.9,2.0,4.3,1.6,0.0,0.0,43.5,2.8,0.0,0.0,7.6,0.0,0.0
4557.0,2872.0,118.0,920.0,496.0,110417.0,163.0,4557.0,2386.0,217.0,1831.0,1790.0,29.0,1980.0,2.59,4557.0,794.0,185.0,565.0,44.0,0.0,0.0,4343.0,3406.0,224.0,0.0,0.0,10.0,54.0,0.0,334.0,7.0,15.0,27.0,91.0,06,001,450742,450742,63.0,2.6,20.2,10.9,9.1,3.6,1.6,98.4,41.9,17.4,4.1,12.4,1.0,0.0,0.0,78.4,5.2,0.0,0.0,0.2,1.2,0.0
3043.0,2123.0,95.0,142.0,485.0,86339.0,195.0,3043.0,1577.0,158.0,1944.0,1080.0,62.0,1964.0,2.98,3034.0,934.0,229.0,660.0,45.0,0.0,0.0,2823.0,2501.0,217.0,0.0,0.0,0.0,0.0,8.0,294.0,34.0,21.0,0.0,79.0,06,001,451701,451701,69.8,3.1,4.7,15.9,10.0,6.4,5.7,94.3,45.6,30.8,7.5,21.8,1.5,0.0,0.0,88.6,7.7,0.0,0.0,0.0,0.0,0.3
1767.0,550.0,762.0,78.0,253.0,54233.0,210.0,1746.0,1160.0,145.0,1280.0,769.0,68.0,1939.0,2.52,1764.0,1005.0,82.0,812.0,76.0,0.0,35.0,1750.0,1435.0,182.0,0.0,0.0,21.0,0.0,0.0,424.0,106.0,2.0,25.0,99.0,06,001,400600,400600,31.1,43.1,4.4,14.3,12.5,12.0,8.8,91.2,54.7,57.0,4.6,46.0,4.3,0.0,2.0,82.0,10.4,0.0,0.0,1.2,0.0,0.0
2326.0,1419.0,435.0,255.0,124.0,61053.0,316.0,2314.0,1602.0,167.0,1300.0,1329.0,45.0,1939.0,1.77,2272.0,1314.0,273.0,691.0,270.0,54.0,0.0,2231.0,1864.0,77.0,5.0,0.0,97.0,9.0,0.0,787.0,28.0,31.0,55.0,118.0,06,001,401200,401200,61.0,18.7,11.0,5.3,10.4,13.7,3.4,96.6,29.5,57.8,12.0,30.4,11.9,2.4,0.0,83.5,3.5,0.2,0.0,4.3,0.4,0.0
1414.0,285.0,262.0,623.0,162.0,50938.0,240.0,1076.0,645.0,52.0,613.0,646.0,88.0,1994.0,1.76,983.0,615.0,148.0,390.0,55.0,22.0,0.0,1350.0,710.0,178.0,0.0,0.0,0.0,5.0,0.0,367.0,38.0,13.0,52.0,82.0,06,001,403100,403100,20.2,18.5,44.1,11.5,8.1,22.3,13.6,86.4,50.4,62.6,15.1,39.7,5.6,2.2,0.0,52.6,13.2,0.0,0.0,0.0,0.4,0.0
3707.0,2116.0,438.0,413.0,448.0,80743.0,160.0,3682.0,2530.0,123.0,1287.0,1979.0,131.0,1939.0,2.0,3691.0,2011.0,266.0,1450.0,174.0,64.0,28.0,3545.0,2955.0,194.0,27.0,0.0,10.0,45.0,0.0,1183.0,58.0,21.0,72.0,134.0,06,001,403800,403800,57.1,11.8,11.1,12.1,4.9,4.3,6.6,93.4,24.1,54.5,7.2,39.3,4.7,1.7,0.8,83.4,5.5,0.8,0.0,0.3,1.3,0.0
2548.0,1489.0,343.0,313.0,227.0,61080.0,254.0,2499.0,1736.0,133.0,1167.0,1787.0,157.0,1963.0,1.54,2510.0,1817.0,206.0,1253.0,278.0,42.0,38.0,2400.0,1847.0,126.0,63.0,0.0,13.0,15.0,8.0,1181.0,115.0,58.0,79.0,145.0,06,001,404000,404000,58.4,13.5,12.3,8.9,7.7,10.2,8.8,91.2,33.6,72.4,8.2,49.9,11.1,1.7,1.5,77.0,5.2,2.6,0.0,0.5,0.6,0.3
1678.0,1253.0,33.0,236.0,46.0,152679.0,11.0,1678.0,917.0,86.0,1805.0,720.0,67.0,1952.0,2.57,1678.0,169.0,73.0,83.0,0.0,13.0,0.0,1512.0,1247.0,21.0,17.0,0.0,7.0,0.0,0.0,73.0,4.0,0.0,0.0,0.0,06,001,404501,404501,74.7,2.0,14.1,2.7,9.4,0.7,9.3,90.7,5.5,10.1,4.4,4.9,0.0,0.8,0.0,82.5,1.4,1.1,0.0,0.5,0.0,0.0
4053.0,2836.0,396.0,350.0,206.0,183167.0,70.0,4053.0,2147.0,176.0,1452.0,1638.0,102.0,1939.0,2.64,4053.0,368.0,170.0,111.0,67.0,20.0,0.0,3633.0,3285.0,138.0,26.0,0.0,0.0,0.0,0.0,182.0,28.0,0.0,0.0,18.0,06,001,405100,405100,70.0,9.8,8.6,5.1,8.2,1.7,6.2,93.8,25.3,9.1,4.2,2.7,1.7,0.5,0.0,90.4,3.8,0.7,0.0,0.0,0.0,0.0
3055.0,439.0,993.0,1028.0,458.0,43594.0,389.0,2961.0,1589.0,158.0,962.0,1503.0,287.0,1951.0,2.43,2950.0,1794.0,567.0,1147.0,49.0,31.0,0.0,2872.0,1530.0,315.0,13.0,29.0,222.0,16.0,0.0,858.0,119.0,77.0,61.0,205.0,06,001,405700,405700,14.4,32.5,33.6,15.0,9.9,13.1,19.1,80.9,53.8,60.8,19.2,38.9,1.7,1.1,0.0,53.3,11.0,0.5,1.0,7.7,0.6,0.0
3854.0,368.0,629.0,1965.0,497.0,48068.0,1065.0,3854.0,1872.0,268.0,1127.0,1442.0,111.0,1939.0,2.9,3854.0,2296.0,393.0,1500.0,396.0,7.0,0.0,3594.0,1201.0,393.0,13.0,109.0,227.0,0.0,0.0,797.0,56.0,71.0,84.0,274.0,06,001,405800,405800,9.5,16.3,51.0,12.9,14.3,27.6,7.7,92.3,60.9,59.6,10.2,38.9,10.3,0.2,0.0,33.4,10.9,0.4,3.0,6.3,0.0,0.0
3750.0,1276.0,702.0,705.0,798.0,71429.0,719.0,3746.0,2252.0,169.0,1186.0,1579.0,101.0,1954.0,2.53,3741.0,1645.0,314.0,1038.0,243.0,50.0,0.0,3550.0,2031.0,691.0,21.0,0.0,112.0,0.0,35.0,631.0,30.0,55.0,41.0,173.0,06,001,406900,406900,34.0,18.7,18.8,21.3,7.5,19.2,6.4,93.6,47.4,44.0,8.4,27.7,6.5,1.3,0.0,57.2,19.5,0.6,0.0,3.2,0.0,1.0
5114.0,449.0,931.0,989.0,2429.0,54167.0,748.0,5104.0,2977.0,407.0,1164.0,1667.0,51.0,1979.0,3.16,5111.0,3308.0,1252.0,1952.0,73.0,31.0,0.0,4653.0,1744.0,1934.0,0.0,0.0,226.0,6.0,0.0,1216.0,111.0,106.0,166.0,281.0,06,001,436602,436602,8.8,18.2,19.3,47.5,13.7,14.7,3.1,96.9,54.6,64.7,24.5,38.2,1.4,0.6,0.0,37.5,41.6,0.0,0.0,4.9,0.1,0.0
6470.0,1664.0,444.0,2590.0,1415.0,65507.0,548.0,6459.0,3524.0,430.0,1696.0,2150.0,42.0,1955.0,3.05,6439.0,1521.0,178.0,1210.0,50.0,68.0,0.0,6176.0,2795.0,858.0,30.0,0.0,224.0,10.0,0.0,503.0,0.0,57.0,73.0,162.0,06,001,433300,433300,25.7,6.9,40.0,21.9,12.2,8.5,2.0,98.0,58.1,23.6,2.8,18.8,0.8,1.1,0.0,45.3,13.9,0.5,0.0,3.6,0.2,0.0
4580.0,1075.0,1015.0,750.0,1555.0,54178.0,1178.0,4334.0,2496.0,694.0,1193.0,1754.0,199.0,1959.0,2.78,4320.0,2380.0,481.0,1771.0,69.0,48.0,11.0,4274.0,2477.0,1056.0,9.0,0.0,215.0,7.0,0.0,950.0,85.0,65.0,107.0,306.0,06,001,435300,435300,23.5,22.2,16.4,34.0,27.8,27.2,11.3,88.7,59.3,55.1,11.1,41.0,1.6,1.1,0.3,58.0,24.7,0.2,0.0,5.0,0.2,0.0
7356.0,604.0,442.0,1042.0,5032.0,52826.0,1061.0,7271.0,3866.0,690.0,1275.0,2185.0,71.0,1967.0,3.43,7260.0,4991.0,508.0,4036.0,407.0,8.0,17.0,6649.0,1882.0,3842.0,66.0,0.0,71.0,10.0,0.0,1436.0,170.0,38.0,138.0,419.0,06,001,436300,436300,8.2,6.0,14.2,68.4,17.8,14.6,3.2,96.8,53.3,68.7,7.0,55.6,5.6,0.1,0.2,28.3,57.8,1.0,0.0,1.1,0.2,0.0
3010.0,422.0,694.0,648.0,838.0,47321.0,544.0,3002.0,1509.0,410.0,1262.0,892.0,32.0,1959.0,3.48,2990.0,1645.0,200.0,1259.0,176.0,10.0,0.0,2766.0,1392.0,587.0,5.0,0.0,100.0,5.0,55.0,460.0,29.0,20.0,51.0,224.0,06,001,437300,437300,14.0,23.1,21.5,27.8,27.2,18.1,3.6,96.4,70.4,55.0,6.7,42.1,5.9,0.3,0.0,50.3,21.2,0.2,0.0,3.6,0.2,2.0
4180.0,568.0,188.0,755.0,2293.0,46333.0,925.0,4082.0,1958.0,330.0,1208.0,1158.0,62.0,1966.0,3.71,4067.0,2974.0,796.0,2006.0,134.0,16.0,22.0,3792.0,996.0,1805.0,0.0,0.0,20.0,17.0,0.0,786.0,42.0,12.0,81.0,292.0,06,001,437500,437500,13.6,4.5,18.1,54.9,16.9,22.7,5.4,94.6,54.3,73.1,19.6,49.3,3.3,0.4,0.5,26.3,47.6,0.0,0.0,0.5,0.4,0.0
4746.0,726.0,406.0,892.0,2178.0,77025.0,153.0,4741.0,2713.0,262.0,1787.0,1394.0,101.0,1975.0,3.67,4739.0,1284.0,225.0,1034.0,25.0,0.0,0.0,4538.0,1686.0,1517.0,7.0,0.0,42.0,0.0,220.0,311.0,45.0,38.0,53.0,31.0,06,001,437800,437800,15.3,8.6,18.8,45.9,9.7,3.2,7.2,92.8,53.7,27.1,4.7,21.8,0.5,0.0,0.0,37.2,33.4,0.2,0.0,0.9,0.0,4.8
8035.0,1628.0,795.0,1568.0,3362.0,90000.0,563.0,7994.0,4325.0,536.0,1827.0,2140.0,0.0,1958.0,3.74,7994.0,1636.0,460.0,985.0,159.0,0.0,0.0,7505.0,3452.0,2197.0,12.0,0.0,124.0,31.0,0.0,436.0,15.0,27.0,37.0,118.0,06,001,438100,438100,20.3,9.9,19.5,41.8,12.4,7.0,0.0,100.0,45.2,20.5,5.8,12.3,2.0,0.0,0.0,46.0,29.3,0.2,0.0,1.7,0.4,0.0
6918.0,1811.0,317.0,2032.0,2409.0,86409.0,727.0,6867.0,4016.0,343.0,1628.0,1998.0,82.0,1965.0,3.61,6908.0,1809.0,260.0,1408.0,94.0,47.0,0.0,6544.0,2842.0,1715.0,0.0,0.0,247.0,81.0,0.0,480.0,17.0,93.0,47.0,95.0,06,001,442400,442400,26.2,4.6,29.4,34.8,8.5,10.6,4.1,95.9,52.5,26.2,3.8,20.4,1.4,0.7,0.0,43.4,26.2,0.0,0.0,3.8,1.2,0.0
6320.0,1885.0,276.0,1444.0,2310.0,83125.0,235.0,6320.0,3561.0,213.0,1734.0,2023.0,64.0,1970.0,3.22,6305.0,1541.0,370.0,1086.0,9.0,76.0,0.0,5928.0,3061.0,1239.0,0.0,0.0,354.0,0.0,8.0,441.0,9.0,54.0,45.0,105.0,06,001,444200,444200,29.8,4.4,22.8,36.6,6.0,3.7,3.2,96.8,48.3,24.4,5.9,17.2,0.1,1.2,0.0,51.6,20.9,0.0,0.0,6.0,0.0,0.1
4799.0,3327.0,107.0,653.0,607.0,121814.0,214.0,4793.0,2680.0,183.0,1434.0,1634.0,0.0,1975.0,2.91,4762.0,1104.0,458.0,578.0,61.0,0.0,7.0,4439.0,3655.0,290.0,5.0,0.0,119.0,28.0,0.0,377.0,60.0,5.0,80.0,50.0,06,001,450604,450604,69.3,2.2,13.6,12.6,6.8,4.5,0.0,100.0,51.7,23.2,9.6,12.1,1.3,0.0,0.1,82.3,6.5,0.1,0.0,2.7,0.6,0.0
8167.0,5456.0,28.0,1829.0,576.0,185929.0,439.0,8163.0,3641.0,190.0,1780.0,2600.0,41.0,1991.0,3.19,8163.0,821.0,231.0,524.0,40.0,26.0,0.0,7934.0,6112.0,289.0,97.0,0.0,66.0,50.0,0.0,330.0,0.0,11.0,7.0,41.0,06,001,450701,450701,66.8,0.3,22.4,7.1,5.2,5.4,1.6,98.4,17.9,10.1,2.8,6.4,0.5,0.3,0.0,77.0,3.6,1.2,0.0,0.8,0.6,0.0
5309.0,1632.0,117.0,1297.0,2071.0,65884.0,407.0,5281.0,2850.0,432.0,1600.0,1636.0,49.0,1946.0,3.34,5298.0,1593.0,182.0,1172.0,216.0,16.0,7.0,4932.0,2470.0,1381.0,0.0,0.0,194.0,6.0,0.0,431.0,36.0,12.0,39.0,102.0,06,001,435800,435800,30.7,2.2,24.4,39.0,15.2,7.7,3.0,97.0,43.9,30.1,3.4,22.1,4.1,0.3,0.1,50.1,28.0,0.0,0.0,3.9,0.1,0.0
5535.0,2218.0,242.0,1330.0,1490.0,75924.0,508.0,5504.0,2747.0,274.0,1894.0,1665.0,0.0,1956.0,3.32,5532.0,1215.0,163.0,858.0,147.0,47.0,0.0,5280.0,2854.0,1137.0,0.0,0.0,119.0,48.0,0.0,274.0,0.0,38.0,36.0,99.0,06,001,435900,435900,40.1,4.4,24.0,26.9,10.0,9.2,0.0,100.0,63.1,22.0,2.9,15.5,2.7,0.8,0.0,54.1,21.5,0.0,0.0,2.3,0.9,0.0
4534.0,645.0,849.0,871.0,1773.0,51841.0,831.0,4516.0,2565.0,407.0,1261.0,1790.0,57.0,1973.0,2.62,4534.0,3109.0,985.0,1997.0,98.0,0.0,15.0,4122.0,2127.0,1045.0,47.0,37.0,0.0,0.0,0.0,1281.0,94.0,40.0,189.0,343.0,06,001,436500,436500,14.2,18.7,19.2,39.1,15.9,18.4,3.2,96.8,52.0,68.6,21.7,44.0,2.2,0.0,0.3,51.6,25.4,1.1,0.9,0.0,0.0,0.0
3671.0,505.0,136.0,566.0,2464.0,56825.0,816.0,3665.0,2068.0,529.0,1471.0,1062.0,73.0,1960.0,3.68,3638.0,1611.0,685.0,870.0,29.0,0.0,27.0,3298.0,804.0,1985.0,23.0,0.0,0.0,0.0,0.0,474.0,21.0,78.0,28.0,181.0,06,001,436700,436700,13.8,3.7,15.4,67.1,25.6,22.3,6.9,93.1,65.0,44.3,18.8,23.9,0.8,0.0,0.7,24.4,60.2,0.7,0.0,0.0,0.0,0.0
2433.0,1755.0,21.0,319.0,189.0,119063.0,119.0,2433.0,1285.0,92.0,1835.0,943.0,34.0,1939.0,2.68,2433.0,892.0,232.0,517.0,93.0,40.0,10.0,2257.0,1867.0,46.0,56.0,0.0,0.0,8.0,0.0,307.0,39.0,38.0,0.0,61.0,06,001,420100,420100,72.1,0.9,13.1,7.8,7.2,4.9,3.6,96.4,45.0,36.7,9.5,21.2,3.8,1.6,0.4,82.7,2.0,2.5,0.0,0.0,0.4,0.0
4034.0,1877.0,292.0,1507.0,143.0,33327.0,1593.0,3934.0,1689.0,242.0,1243.0,1975.0,86.0,1977.0,2.06,3882.0,3796.0,1380.0,2013.0,203.0,97.0,103.0,3977.0,2642.0,46.0,8.0,0.0,75.0,153.0,0.0,1873.0,126.0,85.0,233.0,774.0,06,001,422900,422900,46.5,7.2,37.4,3.5,14.3,40.5,4.4,95.6,65.0,97.8,35.5,51.9,5.2,2.5,2.7,66.4,1.2,0.2,0.0,1.9,3.8,0.0
4339.0,993.0,747.0,828.0,1574.0,63400.0,190.0,4327.0,2462.0,239.0,1249.0,1353.0,29.0,1959.0,3.27,4332.0,1904.0,412.0,1336.0,130.0,26.0,0.0,4079.0,1837.0,1075.0,0.0,0.0,13.0,0.0,0.0,651.0,49.0,28.0,62.0,181.0,06,001,436800,436800,22.9,17.2,19.1,36.3,9.7,4.4,2.1,97.9,49.2,44.0,9.5,30.8,3.0,0.6,0.0,45.0,26.4,0.0,0.0,0.3,0.0,0.0
7897.0,2441.0,929.0,731.0,3024.0,71321.0,1334.0,7879.0,4474.0,660.0,1284.0,3094.0,357.0,1966.0,2.84,7773.0,3465.0,1000.0,2175.0,158.0,27.0,105.0,7393.0,4970.0,1863.0,21.0,0.0,0.0,12.0,0.0,1221.0,92.0,82.0,102.0,282.0,06,001,436401,436401,30.9,11.8,9.3,38.3,14.8,16.9,11.5,88.5,45.7,44.6,12.9,28.0,2.0,0.3,1.4,67.2,25.2,0.3,0.0,0.0,0.2,0.0
4536.0,263.0,1588.0,495.0,2051.0,55417.0,706.0,4486.0,2188.0,325.0,1253.0,1390.0,66.0,1945.0,3.42,4529.0,1547.0,269.0,1183.0,95.0,0.0,0.0,4212.0,2022.0,1788.0,15.0,42.0,13.0,0.0,0.0,386.0,24.0,0.0,68.0,180.0,06,001,410400,410400,5.8,35.0,10.9,45.2,14.9,15.7,4.7,95.3,70.5,34.2,5.9,26.1,2.1,0.0,0.0,48.0,42.5,0.4,1.0,0.3,0.0,0.0
3776.0,1339.0,1022.0,201.0,1000.0,41625.0,962.0,3755.0,2186.0,167.0,1123.0,1606.0,168.0,1943.0,2.56,3683.0,2739.0,580.0,1863.0,178.0,66.0,39.0,3567.0,2435.0,869.0,35.0,0.0,0.0,25.0,0.0,1119.0,110.0,61.0,108.0,344.0,06,001,424001,424001,35.5,27.1,5.3,26.5,7.6,25.6,10.5,89.5,55.7,74.4,15.7,50.6,4.8,1.8,1.1,68.3,24.4,1.0,0.0,0.0,0.7,0.0
2421.0,1231.0,98.0,328.0,632.0,83094.0,113.0,2421.0,1207.0,92.0,1438.0,1019.0,90.0,1947.0,2.6,2412.0,782.0,124.0,523.0,92.0,43.0,0.0,2246.0,1621.0,322.0,14.0,0.0,14.0,0.0,59.0,301.0,26.0,0.0,9.0,86.0,06,001,432700,432700,50.8,4.0,13.5,26.1,7.6,4.7,8.8,91.2,40.2,32.4,5.1,21.7,3.8,1.8,0.0,72.2,14.3,0.6,0.0,0.6,0.0,2.6
1861.0,586.0,942.0,138.0,131.0,40625.0,486.0,1861.0,1066.0,135.0,755.0,1239.0,340.0,1939.0,2.07,1861.0,1141.0,283.0,623.0,53.0,182.0,0.0,1813.0,1572.0,103.0,0.0,0.0,36.0,0.0,0.0,513.0,31.0,104.0,40.0,149.0,06,001,401500,401500,31.5,50.6,7.4,7.0,12.7,26.1,27.4,72.6,63.2,61.3,15.2,33.5,2.8,9.8,0.0,86.7,5.7,0.0,0.0,2.0,0.0,0.0
2928.0,473.0,875.0,335.0,1155.0,75439.0,881.0,2911.0,1712.0,180.0,1390.0,1058.0,132.0,1984.0,3.11,2876.0,1962.0,537.0,1035.0,31.0,359.0,0.0,2723.0,1347.0,955.0,11.0,0.0,10.0,46.0,0.0,595.0,6.0,10.0,76.0,200.0,06,001,401700,401700,16.2,29.9,11.4,39.4,10.5,30.3,12.5,87.5,49.1,68.2,18.7,36.0,1.1,12.5,0.0,49.5,35.1,0.4,0.0,0.4,1.7,0.0
2181.0,371.0,924.0,152.0,594.0,32827.0,382.0,2155.0,1329.0,186.0,920.0,1028.0,129.0,1939.0,2.42,2173.0,1553.0,342.0,1093.0,88.0,19.0,0.0,2010.0,1257.0,558.0,30.0,0.0,63.0,0.0,0.0,680.0,39.0,66.0,60.0,237.0,06,001,402200,402200,17.0,42.4,7.0,27.2,14.0,17.7,12.5,87.5,59.1,71.5,15.7,50.3,4.0,0.9,0.0,62.5,27.8,1.5,0.0,3.1,0.0,0.0
8629.0,4986.0,253.0,1868.0,900.0,131026.0,283.0,8609.0,4493.0,366.0,1707.0,3342.0,176.0,1982.0,2.72,8623.0,2469.0,755.0,1714.0,0.0,0.0,0.0,8133.0,6235.0,275.0,13.0,0.0,0.0,0.0,30.0,1026.0,35.0,33.0,48.0,204.0,06,001,450602,450602,57.8,2.9,21.6,10.4,8.1,3.3,5.3,94.7,31.2,28.6,8.8,19.9,0.0,0.0,0.0,76.7,3.4,0.2,0.0,0.0,0.0,0.4
2427.0,809.0,393.0,1073.0,74.0,67037.0,233.0,2427.0,1771.0,86.0,1810.0,1953.0,333.0,1993.0,1.5,2427.0,1724.0,825.0,846.0,53.0,0.0,0.0,2353.0,1676.0,49.0,8.0,0.0,26.0,11.0,0.0,1139.0,42.0,99.0,32.0,433.0,06,001,425102,425102,33.3,16.2,44.2,3.0,4.9,9.6,17.1,82.9,53.2,71.0,34.0,34.9,2.2,0.0,0.0,71.2,2.1,0.3,0.0,1.1,0.5,0.0
2588.0,972.0,258.0,637.0,293.0,86045.0,294.0,2588.0,1720.0,120.0,1604.0,1461.0,248.0,2001.0,2.13,2588.0,1501.0,421.0,985.0,84.0,11.0,0.0,2347.0,1609.0,279.0,61.0,13.0,7.0,0.0,0.0,692.0,46.0,13.0,58.0,174.0,06,001,425103,425103,37.6,10.0,24.6,11.3,7.0,11.4,17.0,83.0,42.1,58.0,16.3,38.1,3.2,0.4,0.0,68.6,11.9,2.6,0.6,0.3,0.0,0.0
6471.0,2557.0,362.0,2831.0,247.0,127161.0,286.0,6471.0,3440.0,234.0,2001.0,2280.0,69.0,1990.0,2.92,6466.0,1091.0,783.0,245.0,63.0,0.0,0.0,6079.0,3285.0,188.0,39.0,0.0,38.0,34.0,245.0,278.0,0.0,40.0,0.0,37.0,06,001,430101,430101,39.5,5.6,43.7,3.8,6.8,4.4,3.0,97.0,27.7,16.9,12.1,3.8,1.0,0.0,0.0,54.0,3.1,0.6,0.0,0.6,0.6,4.0
2180.0,1303.0,126.0,375.0,275.0,111667.0,3.0,2180.0,1165.0,57.0,1641.0,903.0,23.0,1972.0,2.47,2175.0,195.0,23.0,172.0,0.0,0.0,0.0,2135.0,1555.0,170.0,0.0,0.0,28.0,36.0,0.0,87.0,6.0,5.0,10.0,15.0,06,001,430102,430102,59.8,5.8,17.2,12.6,4.9,0.1,2.5,97.5,41.4,9.0,1.1,7.9,0.0,0.0,0.0,72.8,8.0,0.0,0.0,1.3,1.7,0.0
3290.0,1113.0,1072.0,593.0,308.0,52925.0,372.0,3289.0,2115.0,228.0,1355.0,1880.0,130.0,1959.0,1.88,3288.0,2480.0,489.0,1841.0,133.0,17.0,0.0,3180.0,2273.0,275.0,32.0,0.0,0.0,8.0,0.0,1316.0,116.0,68.0,83.0,343.0,06,001,425104,425104,33.8,32.6,18.0,9.4,10.8,11.3,6.9,93.1,46.4,75.4,14.9,56.0,4.0,0.5,0.0,71.5,8.6,1.0,0.0,0.0,0.3,0.0
3827.0,899.0,589.0,1296.0,603.0,72073.0,453.0,3570.0,1764.0,221.0,970.0,1458.0,280.0,2002.0,3.02,3559.0,1956.0,505.0,1451.0,0.0,0.0,0.0,3435.0,2065.0,303.0,0.0,8.0,229.0,24.0,0.0,703.0,82.0,76.0,59.0,74.0,06,001,428700,428700,23.5,15.4,33.9,15.8,12.5,12.7,19.2,80.8,41.4,55.0,14.2,40.8,0.0,0.0,0.0,60.1,8.8,0.0,0.2,6.7,0.7,0.0
4749.0,810.0,177.0,1637.0,1924.0,65688.0,466.0,4742.0,2546.0,319.0,1124.0,1474.0,11.0,1954.0,3.25,4749.0,2019.0,567.0,1135.0,202.0,105.0,10.0,4530.0,1763.0,1294.0,9.0,48.0,207.0,0.0,0.0,617.0,43.0,61.0,16.0,212.0,06,001,432501,432501,17.1,3.7,34.5,40.5,12.5,9.8,0.7,99.3,53.8,42.5,11.9,23.9,4.3,2.2,0.2,38.9,28.6,0.2,1.1,4.6,0.0,0.0
4082.0,1136.0,890.0,746.0,1168.0,48866.0,505.0,4007.0,2137.0,242.0,1149.0,2093.0,280.0,1975.0,2.17,3936.0,2679.0,659.0,1842.0,159.0,19.0,0.0,3805.0,2538.0,702.0,8.0,24.0,3.0,8.0,0.0,1283.0,101.0,80.0,108.0,449.0,06,001,435400,435400,27.8,21.8,18.3,28.6,11.3,12.6,13.4,86.6,57.5,68.1,16.7,46.8,4.0,0.5,0.0,66.7,18.4,0.2,0.6,0.1,0.2,0.0
4436.0,1546.0,261.0,682.0,1654.0,70563.0,358.0,4436.0,2362.0,183.0,1967.0,1453.0,118.0,1955.0,3.31,4422.0,704.0,0.0,491.0,83.0,130.0,0.0,4250.0,2052.0,1400.0,10.0,38.0,27.0,0.0,0.0,200.0,11.0,17.0,52.0,45.0,06,001,436000,436000,34.9,5.9,15.4,37.3,7.7,8.1,8.1,91.9,62.5,15.9,0.0,11.1,1.9,2.9,0.0,48.3,32.9,0.2,0.9,0.6,0.0,0.0
6508.0,718.0,821.0,718.0,3804.0,55175.0,1008.0,6438.0,3200.0,389.0,1225.0,1871.0,61.0,1958.0,3.59,6495.0,3781.0,449.0,2835.0,379.0,89.0,0.0,5982.0,2144.0,3031.0,14.0,0.0,153.0,10.0,0.0,1107.0,180.0,79.0,164.0,301.0,06,001,436601,436601,11.0,12.6,11.0,58.5,12.2,15.7,3.3,96.7,65.4,58.2,6.9,43.6,5.8,1.4,0.0,35.8,50.7,0.2,0.0,2.6,0.2,0.0
6335.0,1163.0,764.0,2426.0,1601.0,59595.0,611.0,6194.0,3187.0,386.0,1420.0,2293.0,125.0,1981.0,2.85,6175.0,2498.0,1081.0,1111.0,265.0,41.0,0.0,5945.0,2656.0,1326.0,88.0,0.0,222.0,0.0,0.0,869.0,195.0,56.0,75.0,255.0,06,001,437200,437200,18.4,12.1,38.3,25.3,12.1,9.9,5.5,94.5,66.9,40.5,17.5,18.0,4.3,0.7,0.0,44.7,22.3,1.5,0.0,3.7,0.0,0.0
4035.0,420.0,247.0,2507.0,387.0,94097.0,210.0,4008.0,2071.0,151.0,2001.0,1082.0,44.0,1975.0,3.82,3961.0,1017.0,156.0,753.0,108.0,0.0,0.0,3715.0,1198.0,213.0,0.0,0.0,99.0,61.0,0.0,201.0,0.0,0.0,56.0,21.0,06,001,440305,440305,10.4,6.1,62.1,9.6,7.3,5.2,4.1,95.9,38.3,25.7,3.9,19.0,2.7,0.0,0.0,32.2,5.7,0.0,0.0,2.7,1.6,0.0
2454.0,530.0,165.0,671.0,944.0,73556.0,62.0,2454.0,1242.0,101.0,1537.0,712.0,6.0,1968.0,3.46,2446.0,425.0,49.0,340.0,12.0,9.0,0.0,2384.0,899.0,750.0,10.0,42.0,111.0,4.0,0.0,89.0,5.0,0.0,10.0,29.0,06,001,438400,438400,21.6,6.7,27.3,38.5,8.1,2.5,0.8,99.2,49.4,17.4,2.0,13.9,0.5,0.4,0.0,37.7,31.5,0.4,1.8,4.7,0.2,0.0
3927.0,439.0,151.0,2673.0,402.0,78702.0,530.0,3927.0,2026.0,237.0,1884.0,1130.0,135.0,1975.0,3.91,3895.0,1017.0,144.0,723.0,98.0,43.0,9.0,3718.0,1259.0,212.0,14.0,154.0,297.0,0.0,21.0,251.0,8.0,36.0,16.0,110.0,06,001,440306,440306,11.2,3.8,68.1,10.2,11.7,13.5,11.9,88.1,67.7,26.1,3.7,18.6,2.5,1.1,0.2,33.9,5.7,0.4,4.1,8.0,0.0,0.6
3370.0,187.0,89.0,2359.0,272.0,175341.0,44.0,3370.0,1887.0,121.0,2001.0,912.0,36.0,1995.0,3.85,3370.0,522.0,45.0,477.0,0.0,0.0,0.0,3154.0,1104.0,139.0,0.0,0.0,254.0,0.0,0.0,122.0,6.0,0.0,8.0,0.0,06,001,440332,440332,5.5,2.6,70.0,8.1,6.4,1.3,3.9,96.1,11.5,15.5,1.3,14.2,0.0,0.0,0.0,35.0,4.4,0.0,0.0,8.1,0.0,0.0
6221.0,1145.0,266.0,4313.0,236.0,116950.0,252.0,6218.0,3081.0,190.0,2001.0,1879.0,55.0,1983.0,3.4,6193.0,1597.0,248.0,1310.0,39.0,0.0,0.0,5662.0,2427.0,141.0,17.0,19.0,208.0,0.0,0.0,381.0,20.0,30.0,25.0,49.0,06,001,441521,441521,18.4,4.3,69.3,3.8,6.2,4.1,2.9,97.1,32.5,25.8,4.0,21.2,0.6,0.0,0.0,42.9,2.5,0.3,0.3,3.7,0.0,0.0
7068.0,2461.0,378.0,2269.0,1270.0,90445.0,388.0,7066.0,3947.0,232.0,1496.0,2350.0,249.0,1967.0,3.35,7032.0,2230.0,577.0,1065.0,444.0,136.0,0.0,6568.0,3615.0,810.0,13.0,0.0,60.0,28.0,14.0,639.0,18.0,15.0,58.0,108.0,06,001,442900,442900,34.8,5.3,32.1,18.0,5.9,5.5,10.6,89.4,31.1,31.7,8.2,15.1,6.3,1.9,0.0,55.0,12.3,0.2,0.0,0.9,0.4,0.2
5674.0,1789.0,53.0,2156.0,1553.0,74975.0,418.0,5674.0,2895.0,281.0,1649.0,1914.0,140.0,1971.0,3.17,5624.0,1646.0,250.0,1172.0,181.0,27.0,0.0,5440.0,2367.0,982.0,13.0,8.0,289.0,17.0,0.0,428.0,49.0,24.0,77.0,38.0,06,001,443002,443002,31.5,0.9,38.0,27.4,9.7,7.4,7.3,92.7,43.9,29.3,4.4,20.8,3.2,0.5,0.0,43.5,18.1,0.2,0.1,5.3,0.3,0.0
4242.0,327.0,0.0,3675.0,58.0,206444.0,247.0,4242.0,2089.0,138.0,2001.0,1219.0,49.0,1991.0,3.51,4112.0,285.0,171.0,114.0,0.0,0.0,0.0,4084.0,909.0,58.0,2.0,0.0,210.0,38.0,0.0,86.0,14.0,14.0,12.0,0.0,06,001,443103,443103,7.7,0.0,86.6,1.4,6.6,5.8,4.0,96.0,46.5,6.9,4.2,2.8,0.0,0.0,0.0,22.3,1.4,0.0,0.0,5.1,0.9,0.0
6122.0,4029.0,29.0,1012.0,942.0,98977.0,297.0,6109.0,3347.0,210.0,2001.0,2047.0,80.0,1966.0,3.09,6079.0,1850.0,372.0,1387.0,78.0,0.0,0.0,5659.0,3986.0,545.0,22.0,0.0,29.0,10.0,109.0,606.0,12.0,0.0,84.0,125.0,06,001,450400,450400,65.8,0.5,16.5,15.4,6.3,4.9,3.9,96.1,36.5,30.4,6.1,22.8,1.3,0.0,0.0,70.4,9.6,0.4,0.0,0.5,0.2,1.9
4455.0,2899.0,2.0,1003.0,451.0,129155.0,179.0,4453.0,2376.0,220.0,2001.0,1482.0,75.0,1970.0,3.15,4431.0,711.0,29.0,585.0,97.0,0.0,0.0,4006.0,2962.0,155.0,0.0,0.0,0.0,15.0,0.0,178.0,0.0,22.0,25.0,33.0,06,001,450603,450603,65.1,0.0,22.5,10.1,9.3,4.0,5.1,94.9,44.9,16.0,0.7,13.2,2.2,0.0,0.0,73.9,3.9,0.0,0.0,0.0,0.4,0.0
5779.0,3466.0,191.0,1362.0,422.0,147586.0,208.0,5779.0,3166.0,263.0,2001.0,1859.0,11.0,1981.0,3.12,5772.0,815.0,90.0,715.0,0.0,10.0,0.0,5520.0,4147.0,225.0,21.0,0.0,29.0,42.0,112.0,302.0,26.0,0.0,18.0,42.0,06,001,450606,450606,60.0,3.3,23.6,7.3,8.3,3.6,0.6,99.4,28.5,14.1,1.6,12.4,0.0,0.2,0.0,75.1,4.1,0.4,0.0,0.5,0.8,2.0
4427.0,3402.0,20.0,297.0,445.0,168080.0,81.0,4427.0,2329.0,142.0,2001.0,1377.0,22.0,1994.0,3.26,4416.0,92.0,0.0,92.0,0.0,0.0,0.0,4124.0,3658.0,221.0,19.0,0.0,40.0,0.0,0.0,17.0,10.0,7.0,0.0,0.0,06,001,451102,451102,76.8,0.5,6.7,10.1,6.1,1.8,1.6,98.4,100.0,2.1,0.0,2.1,0.0,0.0,0.0,88.7,5.4,0.5,0.0,1.0,0.0,0.0
3711.0,2576.0,44.0,287.0,660.0,101842.0,310.0,3708.0,2364.0,191.0,2001.0,1346.0,18.0,1974.0,2.79,3699.0,830.0,290.0,529.0,11.0,0.0,0.0,3485.0,2840.0,329.0,0.0,0.0,0.0,0.0,0.0,223.0,0.0,35.0,0.0,61.0,06,001,451202,451202,69.4,1.2,7.7,17.8,8.1,8.4,1.3,98.7,43.0,22.4,7.8,14.3,0.3,0.0,0.0,81.5,9.4,0.0,0.0,0.0,0.0,0.0
4317.0,1966.0,93.0,1395.0,653.0,41464.0,929.0,2579.0,1546.0,273.0,1357.0,1171.0,156.0,1954.0,2.48,2513.0,2187.0,661.0,1294.0,80.0,57.0,95.0,4261.0,2738.0,455.0,96.0,0.0,79.0,47.0,12.0,863.0,100.0,0.0,127.0,293.0,06,001,422700,422700,45.5,2.2,32.3,15.1,17.7,36.0,13.3,86.7,60.3,87.0,26.3,51.5,3.2,2.3,3.8,64.3,10.7,2.3,0.0,1.9,1.1,0.3
4686.0,1989.0,66.0,2255.0,276.0,45332.0,1151.0,4686.0,2715.0,52.0,1426.0,2263.0,92.0,1951.0,2.16,4686.0,4061.0,1141.0,2505.0,343.0,72.0,0.0,4662.0,2928.0,143.0,62.0,0.0,56.0,17.0,0.0,1950.0,47.0,157.0,175.0,689.0,06,001,422400,422400,42.4,1.4,48.1,5.9,1.9,24.6,4.1,95.9,54.8,86.7,24.3,53.5,7.3,1.5,0.0,62.8,3.1,1.3,0.0,1.2,0.4,0.0
4339.0,2409.0,185.0,1032.0,470.0,42090.0,832.0,3023.0,2131.0,213.0,1288.0,1683.0,120.0,1939.0,1.79,2793.0,2120.0,704.0,1159.0,126.0,105.0,16.0,4260.0,3025.0,244.0,62.0,0.0,49.0,14.0,26.0,1248.0,92.0,38.0,132.0,493.0,06,001,422500,422500,55.5,4.3,23.8,10.8,10.0,27.5,7.1,92.9,60.5,75.9,25.2,41.5,4.5,3.8,0.6,71.0,5.7,1.5,0.0,1.2,0.3,0.6
1250.0,490.0,23.0,512.0,171.0,-666666666.0,20.0,20.0,311.0,19.0,-666666666.0,11.0,0.0,1939.0,1.82,20.0,20.0,0.0,20.0,0.0,0.0,0.0,1250.0,477.0,108.0,35.0,0.0,12.0,28.0,8.0,11.0,0.0,0.0,0.0,11.0,06,001,422600,422600,39.2,1.8,41.0,13.7,6.1,100.0,0.0,100.0,100.0,100.0,0.0,100.0,0.0,0.0,0.0,38.2,8.6,2.8,0.0,1.0,2.2,0.6
3920.0,1755.0,747.0,638.0,608.0,48591.0,933.0,3906.0,2007.0,165.0,955.0,2044.0,216.0,1943.0,2.13,3902.0,2065.0,426.0,1311.0,150.0,99.0,64.0,3752.0,2714.0,380.0,38.0,32.0,56.0,60.0,0.0,1173.0,187.0,74.0,60.0,414.0,06,001,423100,423100,44.8,19.1,16.3,15.5,8.2,23.9,10.6,89.4,62.7,52.9,10.9,33.6,3.8,2.5,1.6,72.3,10.1,1.0,0.9,1.5,1.6,0.0
6003.0,4435.0,68.0,1118.0,102.0,225104.0,119.0,6003.0,2821.0,132.0,2001.0,2170.0,123.0,1939.0,2.93,5999.0,203.0,79.0,124.0,0.0,0.0,0.0,5754.0,4833.0,130.0,10.0,0.0,18.0,95.0,0.0,69.0,0.0,0.0,0.0,16.0,06,001,426100,426100,73.9,1.1,18.6,1.7,4.7,2.0,5.7,94.3,23.2,3.4,1.3,2.1,0.0,0.0,0.0,84.0,2.3,0.2,0.0,0.3,1.7,0.0
3308.0,930.0,143.0,885.0,1183.0,93693.0,187.0,3308.0,1751.0,177.0,1577.0,837.0,32.0,1962.0,4.09,3293.0,673.0,95.0,461.0,91.0,26.0,0.0,2993.0,1427.0,798.0,0.0,0.0,165.0,0.0,28.0,130.0,50.0,0.0,5.0,11.0,06,001,443001,443001,28.1,4.3,26.8,35.8,10.1,5.7,3.8,96.2,50.8,20.4,2.9,14.0,2.8,0.8,0.0,47.7,26.7,0.0,0.0,5.5,0.0,0.9
4472.0,2479.0,134.0,910.0,632.0,83987.0,335.0,4472.0,2960.0,204.0,1674.0,2313.0,244.0,1987.0,2.16,4472.0,2795.0,728.0,1960.0,94.0,13.0,0.0,4151.0,2882.0,319.0,38.0,0.0,88.0,109.0,48.0,1366.0,159.0,26.0,113.0,242.0,06,001,450200,450200,55.4,3.0,20.3,14.1,6.9,7.5,10.5,89.5,39.5,62.5,16.3,43.8,2.1,0.3,0.0,69.4,7.7,0.9,0.0,2.1,2.6,1.2
4634.0,2619.0,127.0,892.0,729.0,78723.0,735.0,4634.0,2756.0,263.0,1222.0,2126.0,164.0,1939.0,2.36,4631.0,2322.0,262.0,1775.0,108.0,112.0,65.0,4423.0,3024.0,371.0,43.0,0.0,19.0,32.0,0.0,1190.0,64.0,83.0,92.0,206.0,06,001,427800,427800,56.5,2.7,19.2,15.7,9.5,15.9,7.7,92.3,37.4,50.1,5.7,38.3,2.3,2.4,1.4,68.4,8.4,1.0,0.0,0.4,0.7,0.0
6272.0,2183.0,261.0,2989.0,467.0,96709.0,421.0,6272.0,3381.0,188.0,2001.0,2522.0,87.0,1974.0,2.58,6272.0,1350.0,134.0,1020.0,182.0,0.0,14.0,5939.0,3408.0,319.0,0.0,0.0,109.0,131.0,14.0,444.0,13.0,22.0,56.0,71.0,06,001,428301,428301,34.8,4.2,47.7,7.4,5.6,6.7,3.4,96.6,36.5,21.5,2.1,16.3,2.9,0.0,0.2,57.4,5.4,0.0,0.0,1.8,2.2,0.2
3584.0,1546.0,327.0,695.0,923.0,64781.0,160.0,3572.0,1936.0,256.0,1611.0,1409.0,182.0,1948.0,2.92,3579.0,1064.0,253.0,576.0,150.0,69.0,16.0,3274.0,1750.0,719.0,1.0,0.0,0.0,0.0,0.0,311.0,14.0,0.0,35.0,91.0,06,001,433000,433000,43.1,9.1,19.4,25.8,13.2,4.5,12.9,87.1,45.0,29.7,7.1,16.1,4.2,1.9,0.4,53.5,22.0,0.0,0.0,0.0,0.0,0.0
7353.0,1374.0,1326.0,2809.0,1511.0,54516.0,1035.0,7233.0,3963.0,441.0,1185.0,2695.0,65.0,1972.0,2.76,7254.0,3610.0,1396.0,2094.0,91.0,13.0,16.0,6952.0,3614.0,920.0,11.0,0.0,464.0,98.0,0.0,1453.0,88.0,65.0,120.0,474.0,06,001,433200,433200,18.7,18.0,38.2,20.5,11.1,14.3,2.4,97.6,51.4,49.8,19.2,28.9,1.3,0.2,0.2,52.0,13.2,0.2,0.0,6.7,1.4,0.0
4361.0,1282.0,1241.0,638.0,934.0,85913.0,188.0,4269.0,2590.0,449.0,1235.0,1440.0,25.0,1975.0,2.98,4222.0,788.0,104.0,441.0,103.0,140.0,0.0,4209.0,2883.0,751.0,15.0,0.0,35.0,7.0,0.0,302.0,0.0,0.0,30.0,78.0,06,001,435200,435200,29.4,28.5,14.6,21.4,17.3,4.4,1.7,98.3,35.8,18.7,2.5,10.4,2.4,3.3,0.0,68.5,17.8,0.4,0.0,0.8,0.2,0.0
2895.0,1475.0,325.0,447.0,463.0,114963.0,291.0,2890.0,1691.0,258.0,2001.0,1041.0,40.0,1968.0,2.88,2878.0,246.0,22.0,224.0,0.0,0.0,0.0,2783.0,2036.0,312.0,12.0,0.0,23.0,15.0,0.0,61.0,3.0,16.0,6.0,36.0,06,001,436402,436402,50.9,11.2,15.4,16.0,15.3,10.1,3.8,96.2,100.0,8.5,0.8,7.8,0.0,0.0,0.0,73.2,11.2,0.4,0.0,0.8,0.5,0.0
3035.0,1565.0,19.0,720.0,604.0,91250.0,145.0,3001.0,1461.0,46.0,1415.0,1092.0,0.0,1967.0,2.78,3031.0,526.0,178.0,253.0,52.0,8.0,9.0,2869.0,1914.0,306.0,0.0,0.0,13.0,89.0,0.0,230.0,66.0,0.0,13.0,19.0,06,001,442700,442700,51.6,0.6,23.7,19.9,3.1,4.8,0.0,100.0,42.6,17.4,5.9,8.3,1.7,0.3,0.3,66.7,10.7,0.0,0.0,0.5,3.1,0.0
6791.0,4590.0,399.0,579.0,889.0,95491.0,319.0,6724.0,3796.0,249.0,1385.0,2593.0,172.0,1983.0,2.8,6784.0,1651.0,396.0,1184.0,71.0,0.0,0.0,6110.0,5161.0,521.0,0.0,0.0,0.0,0.0,0.0,723.0,66.0,52.0,35.0,248.0,06,001,451201,451201,67.6,5.9,8.5,13.1,6.6,4.7,6.6,93.4,55.5,24.3,5.8,17.5,1.0,0.0,0.0,84.5,8.5,0.0,0.0,0.0,0.0,0.0
5807.0,3246.0,104.0,717.0,1527.0,85804.0,603.0,5756.0,3370.0,289.0,1332.0,2324.0,44.0,1987.0,2.54,5788.0,2212.0,725.0,1246.0,241.0,0.0,0.0,5422.0,4106.0,788.0,22.0,0.0,111.0,0.0,8.0,940.0,55.0,37.0,31.0,399.0,06,001,451401,451401,55.9,1.8,12.3,26.3,8.6,10.5,1.9,98.1,55.5,38.2,12.5,21.5,4.2,0.0,0.0,75.7,14.5,0.4,0.0,2.0,0.0,0.1
6149.0,4590.0,20.0,519.0,737.0,90220.0,201.0,6037.0,3239.0,126.0,1263.0,2905.0,274.0,1974.0,2.29,6013.0,1635.0,519.0,977.0,139.0,0.0,0.0,5650.0,4759.0,453.0,0.0,0.0,38.0,0.0,150.0,887.0,60.0,41.0,109.0,341.0,06,001,451602,451602,74.6,0.3,8.4,12.0,3.9,3.3,9.4,90.6,62.1,27.2,8.6,16.2,2.3,0.0,0.0,84.2,8.0,0.0,0.0,0.7,0.0,2.7
5246.0,3605.0,723.0,459.0,277.0,56000.0,541.0,5150.0,3164.0,292.0,1036.0,2622.0,128.0,1939.0,2.1,5231.0,2097.0,467.0,1294.0,251.0,85.0,0.0,4858.0,3977.0,178.0,32.0,0.0,21.0,47.0,0.0,1340.0,159.0,44.0,69.0,351.0,06,001,400300,400300,68.7,13.8,8.7,5.3,9.2,10.5,4.9,95.1,46.5,40.1,8.9,24.7,4.8,1.6,0.0,81.9,3.7,0.7,0.0,0.4,1.0,0.0
1717.0,408.0,1037.0,37.0,209.0,29228.0,761.0,1717.0,851.0,206.0,823.0,846.0,251.0,1939.0,2.88,1712.0,1427.0,453.0,835.0,118.0,21.0,0.0,1587.0,1360.0,195.0,0.0,0.0,0.0,0.0,0.0,514.0,53.0,31.0,29.0,248.0,06,001,401800,401800,23.8,60.4,2.2,12.2,24.2,44.3,29.7,70.3,70.2,83.4,26.5,48.8,6.9,1.2,0.0,85.7,12.3,0.0,0.0,0.0,0.0,0.0
5546.0,4257.0,190.0,413.0,208.0,124470.0,167.0,5545.0,3029.0,71.0,2001.0,2538.0,148.0,1959.0,2.32,5543.0,998.0,80.0,918.0,0.0,0.0,0.0,5054.0,4480.0,120.0,65.0,0.0,0.0,13.0,0.0,372.0,78.0,25.0,12.0,95.0,06,001,404502,404502,76.8,3.4,7.4,3.8,2.3,3.0,5.8,94.2,56.5,18.0,1.4,16.6,0.0,0.0,0.0,88.6,2.4,1.3,0.0,0.0,0.3,0.0
5171.0,2631.0,679.0,967.0,471.0,88575.0,387.0,5103.0,2969.0,245.0,1110.0,2367.0,172.0,1945.0,2.31,5064.0,1358.0,407.0,696.0,213.0,42.0,0.0,4948.0,3478.0,331.0,68.0,0.0,100.0,0.0,0.0,713.0,62.0,13.0,97.0,233.0,06,001,406700,406700,50.9,13.1,18.7,9.1,8.3,7.6,7.3,92.7,56.8,26.8,8.0,13.7,4.2,0.8,0.0,70.3,6.7,1.4,0.0,2.0,0.0,0.0
5675.0,385.0,2610.0,243.0,2372.0,33650.0,1941.0,5650.0,2597.0,419.0,975.0,1950.0,215.0,1944.0,3.27,5673.0,3022.0,592.0,2085.0,315.0,21.0,0.0,5039.0,2758.0,2094.0,0.0,74.0,28.0,0.0,0.0,1012.0,66.0,59.0,134.0,477.0,06,001,408600,408600,6.8,46.0,4.3,41.8,16.1,34.4,11.0,89.0,72.7,53.3,10.4,36.8,5.6,0.4,0.0,54.7,41.6,0.0,1.5,0.6,0.0,0.0
4102.0,132.0,1724.0,260.0,1923.0,37652.0,1217.0,4050.0,1756.0,289.0,1329.0,1116.0,46.0,1950.0,3.8,4068.0,2242.0,677.0,1305.0,178.0,26.0,25.0,3778.0,1768.0,1745.0,10.0,0.0,59.0,0.0,0.0,557.0,16.0,34.0,60.0,296.0,06,001,409000,409000,3.2,42.0,6.3,46.9,16.5,30.0,4.1,95.9,72.9,55.1,16.6,32.1,4.4,0.6,0.6,46.8,46.2,0.3,0.0,1.6,0.0,0.0
2717.0,262.0,1758.0,265.0,324.0,52891.0,522.0,2715.0,1237.0,176.0,915.0,1333.0,182.0,1960.0,2.32,2675.0,704.0,148.0,469.0,65.0,0.0,17.0,2460.0,2148.0,175.0,5.0,0.0,78.0,0.0,0.0,431.0,41.0,0.0,73.0,200.0,06,001,409800,409800,9.6,64.7,9.8,11.9,14.2,19.2,13.7,86.3,72.9,26.3,5.5,17.5,2.4,0.0,0.6,87.3,7.1,0.2,0.0,3.2,0.0,0.0
2964.0,735.0,1287.0,172.0,661.0,79673.0,231.0,2964.0,1585.0,117.0,1224.0,1217.0,68.0,1957.0,2.58,2964.0,306.0,18.0,288.0,0.0,0.0,0.0,2874.0,2186.0,469.0,25.0,0.0,0.0,13.0,0.0,70.0,0.0,39.0,0.0,31.0,06,001,410000,410000,24.8,43.4,5.8,22.3,7.4,7.8,5.6,94.4,100.0,10.3,0.6,9.7,0.0,0.0,0.0,76.1,16.3,0.9,0.0,0.0,0.5,0.0
3684.0,3002.0,0.0,399.0,159.0,162333.0,177.0,3664.0,1832.0,103.0,2001.0,1548.0,88.0,1939.0,2.52,3684.0,215.0,97.0,84.0,6.0,0.0,0.0,3555.0,2936.0,59.0,48.0,0.0,0.0,55.0,0.0,141.0,19.0,0.0,0.0,37.0,06,001,421200,421200,81.5,0.0,10.8,4.3,5.6,4.8,5.7,94.3,39.7,5.8,2.6,2.3,0.2,0.0,0.0,82.6,1.7,1.4,0.0,0.0,1.5,0.0
3270.0,2212.0,433.0,292.0,145.0,57652.0,479.0,3176.0,2103.0,90.0,1105.0,1451.0,93.0,1939.0,2.26,3071.0,1766.0,464.0,979.0,145.0,60.0,98.0,3180.0,2534.0,213.0,23.0,0.0,27.0,18.0,0.0,875.0,99.0,41.0,105.0,182.0,06,001,423500,423500,67.6,13.2,8.9,4.4,4.3,15.1,6.4,93.6,48.8,57.5,15.1,31.9,4.7,2.0,3.2,79.7,6.7,0.7,0.0,0.8,0.6,0.0
2200.0,559.0,920.0,301.0,313.0,36080.0,402.0,2198.0,1033.0,92.0,1168.0,991.0,49.0,1939.0,2.33,2198.0,1348.0,87.0,1076.0,108.0,50.0,0.0,2096.0,1642.0,208.0,24.0,0.0,35.0,3.0,0.0,625.0,67.0,44.0,40.0,157.0,06,001,424002,424002,25.4,41.8,13.7,14.2,8.9,18.3,4.9,95.1,49.3,61.3,4.0,49.0,4.9,2.3,0.0,78.3,9.9,1.1,0.0,1.7,0.1,0.0
4745.0,2305.0,448.0,719.0,1009.0,53854.0,578.0,4609.0,2460.0,269.0,1269.0,1875.0,71.0,1966.0,2.5,4502.0,3584.0,588.0,2629.0,214.0,58.0,0.0,4420.0,2954.0,478.0,25.0,0.0,0.0,27.0,11.0,1408.0,139.0,136.0,152.0,302.0,06,001,430900,430900,48.6,9.4,15.2,21.3,10.9,12.5,3.8,96.2,51.8,79.6,13.1,58.4,4.8,1.3,0.0,66.8,10.8,0.6,0.0,0.0,0.6,0.2
2628.0,1134.0,21.0,264.0,1051.0,60597.0,389.0,2628.0,1326.0,110.0,1223.0,1168.0,101.0,1959.0,2.46,2628.0,1891.0,367.0,1087.0,337.0,89.0,11.0,2464.0,1339.0,560.0,0.0,0.0,0.0,0.0,18.0,719.0,107.0,18.0,10.0,139.0,06,001,431000,431000,43.2,0.8,10.0,40.0,8.3,14.8,8.6,91.4,38.1,72.0,14.0,41.4,12.8,3.4,0.4,54.3,22.7,0.0,0.0,0.0,0.0,0.7
2903.0,1314.0,234.0,657.0,638.0,84236.0,238.0,2903.0,1309.0,109.0,883.0,1456.0,148.0,1960.0,2.21,2896.0,700.0,197.0,215.0,200.0,39.0,49.0,2730.0,1814.0,311.0,0.0,0.0,120.0,8.0,0.0,258.0,16.0,19.0,20.0,73.0,06,001,432800,432800,45.3,8.1,22.6,22.0,8.3,8.2,10.2,89.8,49.6,24.2,6.8,7.4,6.9,1.3,1.7,66.4,11.4,0.0,0.0,4.4,0.3,0.0
4089.0,898.0,257.0,1503.0,1231.0,68003.0,332.0,4089.0,2190.0,169.0,1332.0,1364.0,45.0,1954.0,3.09,4074.0,1449.0,366.0,948.0,121.0,8.0,6.0,3913.0,1771.0,939.0,0.0,0.0,7.0,8.0,28.0,442.0,53.0,50.0,40.0,100.0,06,001,433102,433102,22.0,6.3,36.8,30.1,7.7,8.1,3.3,96.7,55.0,35.6,9.0,23.3,3.0,0.2,0.1,45.3,24.0,0.0,0.0,0.2,0.2,0.7
3050.0,644.0,216.0,562.0,1470.0,58144.0,266.0,3037.0,1673.0,132.0,1127.0,1023.0,39.0,1957.0,3.05,3005.0,1944.0,398.0,1160.0,265.0,33.0,88.0,2888.0,1476.0,926.0,5.0,0.0,28.0,28.0,0.0,624.0,44.0,18.0,32.0,128.0,06,001,433700,433700,21.1,7.1,18.4,48.2,7.9,8.8,3.8,96.2,35.6,64.7,13.2,38.6,8.8,1.1,2.9,51.1,32.1,0.2,0.0,1.0,1.0,0.0
2615.0,224.0,343.0,258.0,1639.0,44436.0,664.0,2600.0,1406.0,140.0,1358.0,807.0,60.0,1939.0,3.49,2607.0,1681.0,194.0,1343.0,114.0,30.0,0.0,2435.0,687.0,1520.0,0.0,11.0,183.0,0.0,0.0,511.0,32.0,31.0,87.0,161.0,06,001,407300,407300,8.6,13.1,9.9,62.7,10.0,25.5,7.4,92.6,60.9,64.5,7.4,51.5,4.4,1.2,0.0,28.2,62.4,0.0,0.5,7.5,0.0,0.0
3783.0,3138.0,39.0,282.0,172.0,128603.0,119.0,3739.0,2181.0,71.0,1699.0,1692.0,62.0,1949.0,2.29,3739.0,645.0,148.0,476.0,0.0,0.0,21.0,3572.0,3127.0,97.0,89.0,0.0,0.0,0.0,0.0,311.0,8.0,8.0,0.0,34.0,06,001,421500,421500,83.0,1.0,7.5,4.5,3.3,3.2,3.7,96.3,16.1,17.3,4.0,12.7,0.0,0.0,0.6,87.5,2.7,2.5,0.0,0.0,0.0,0.0
5926.0,354.0,198.0,869.0,4416.0,61289.0,911.0,5887.0,2695.0,194.0,1272.0,1548.0,53.0,1966.0,3.95,5901.0,3162.0,392.0,2210.0,273.0,223.0,64.0,5524.0,1588.0,3197.0,1.0,0.0,23.0,0.0,0.0,740.0,118.0,64.0,52.0,189.0,06,001,440200,440200,6.0,3.3,14.7,74.5,7.2,15.5,3.4,96.6,57.2,53.6,6.6,37.5,4.6,3.8,1.1,28.7,57.9,0.0,0.0,0.4,0.0,0.0
5748.0,714.0,307.0,2623.0,1922.0,68051.0,361.0,5744.0,2746.0,142.0,1137.0,2096.0,188.0,1977.0,2.99,5713.0,2158.0,532.0,1540.0,61.0,25.0,0.0,5425.0,1770.0,1467.0,0.0,0.0,159.0,10.0,0.0,853.0,153.0,47.0,38.0,136.0,06,001,440308,440308,12.4,5.3,45.6,33.4,5.2,6.3,9.0,91.0,43.8,37.8,9.3,27.0,1.1,0.4,0.0,32.6,27.0,0.0,0.0,2.9,0.2,0.0
6587.0,861.0,330.0,4626.0,494.0,137740.0,275.0,6587.0,3592.0,323.0,1982.0,1874.0,43.0,1985.0,3.59,6581.0,749.0,18.0,603.0,107.0,21.0,0.0,6086.0,2355.0,304.0,6.0,0.0,214.0,70.0,40.0,226.0,44.0,0.0,62.0,29.0,06,001,441501,441501,13.1,5.0,70.2,7.5,9.0,4.2,2.3,97.7,59.7,11.4,0.3,9.2,1.6,0.3,0.0,38.7,5.0,0.1,0.0,3.5,1.2,0.7
7284.0,2056.0,511.0,2762.0,1689.0,70506.0,264.0,7072.0,3632.0,373.0,1423.0,2292.0,173.0,1967.0,3.35,7092.0,3147.0,348.0,2446.0,243.0,110.0,0.0,6863.0,3003.0,1041.0,0.0,0.0,0.0,0.0,54.0,938.0,132.0,37.0,0.0,75.0,06,001,442500,442500,28.2,7.0,37.9,23.2,10.3,3.7,7.5,92.5,26.0,44.4,4.9,34.5,3.4,1.6,0.0,43.8,15.2,0.0,0.0,0.0,0.0,0.8
4417.0,2703.0,165.0,919.0,573.0,95750.0,201.0,4396.0,2613.0,155.0,1761.0,1671.0,81.0,1968.0,2.77,4411.0,865.0,121.0,583.0,49.0,84.0,0.0,4156.0,3072.0,292.0,17.0,0.0,69.0,62.0,0.0,396.0,41.0,11.0,7.0,47.0,06,001,450300,450300,61.2,3.7,20.8,13.0,5.9,4.6,4.8,95.2,26.8,19.6,2.7,13.2,1.1,1.9,0.0,73.9,7.0,0.4,0.0,1.7,1.5,0.0
4786.0,2600.0,106.0,989.0,863.0,78548.0,277.0,4786.0,2778.0,177.0,1340.0,2205.0,121.0,1989.0,2.29,4779.0,2780.0,464.0,2176.0,66.0,33.0,41.0,4471.0,2907.0,404.0,0.0,0.0,29.0,22.0,9.0,1442.0,59.0,57.0,166.0,350.0,06,001,450607,450607,54.3,2.2,20.7,18.0,6.4,5.8,5.5,94.5,43.8,58.2,9.7,45.5,1.4,0.7,0.9,65.0,9.0,0.0,0.0,0.6,0.5,0.2
2033.0,1573.0,115.0,196.0,80.0,140750.0,53.0,2033.0,1162.0,39.0,2001.0,829.0,45.0,1945.0,2.59,2033.0,203.0,82.0,41.0,31.0,0.0,49.0,1911.0,1672.0,44.0,56.0,0.0,0.0,0.0,0.0,80.0,0.0,11.0,20.0,5.0,06,001,404700,404700,77.4,5.7,9.6,3.9,3.4,2.6,5.4,94.6,45.0,10.0,4.0,2.0,1.5,0.0,2.4,87.5,2.3,2.9,0.0,0.0,0.0,0.0
4394.0,2203.0,493.0,953.0,502.0,69474.0,299.0,4394.0,2540.0,170.0,1193.0,2061.0,69.0,1939.0,2.17,4315.0,1588.0,269.0,1009.0,103.0,171.0,14.0,4136.0,2935.0,326.0,0.0,0.0,166.0,36.0,0.0,764.0,126.0,40.0,48.0,130.0,06,001,404900,404900,50.1,11.2,21.7,11.4,6.7,6.8,3.3,96.7,45.0,36.8,6.2,23.4,2.4,4.0,0.3,71.0,7.9,0.0,0.0,4.0,0.9,0.0
4565.0,1810.0,644.0,1341.0,406.0,67545.0,262.0,4565.0,3163.0,273.0,1287.0,2661.0,326.0,1939.0,1.95,4554.0,3018.0,706.0,1498.0,536.0,251.0,27.0,4384.0,2851.0,176.0,122.0,0.0,0.0,17.0,0.0,1778.0,73.0,112.0,69.0,354.0,06,001,405200,405200,39.6,14.1,29.4,8.9,8.6,5.7,12.3,87.7,34.2,66.3,15.5,32.9,11.8,5.5,0.6,65.0,4.0,2.8,0.0,0.0,0.4,0.0
4198.0,464.0,1064.0,1400.0,1104.0,41886.0,1129.0,4086.0,1639.0,185.0,938.0,1340.0,106.0,1953.0,3.34,4116.0,2316.0,195.0,1772.0,97.0,33.0,219.0,3732.0,1599.0,712.0,0.0,0.0,215.0,0.0,0.0,689.0,53.0,43.0,31.0,220.0,06,001,406300,406300,11.1,25.3,33.3,26.3,11.3,27.6,7.9,92.1,50.4,56.3,4.7,43.1,2.4,0.8,5.3,42.8,19.1,0.0,0.0,5.8,0.0,0.0
2587.0,2075.0,140.0,217.0,92.0,144732.0,89.0,2568.0,1383.0,74.0,2001.0,1413.0,118.0,1993.0,1.98,2568.0,490.0,132.0,313.0,0.0,21.0,24.0,2445.0,1899.0,103.0,111.0,0.0,21.0,0.0,0.0,252.0,11.0,0.0,0.0,83.0,06,001,400100,400100,80.2,5.4,8.4,3.6,5.4,3.5,8.4,91.6,37.3,19.1,5.1,12.2,0.0,0.8,0.9,77.7,4.2,4.5,0.0,0.9,0.0,0.0
3042.0,1013.0,1272.0,281.0,386.0,55153.0,408.0,3028.0,1816.0,142.0,1192.0,1736.0,232.0,1939.0,1.98,2985.0,1972.0,223.0,1512.0,145.0,92.0,0.0,2945.0,2554.0,238.0,7.0,0.0,0.0,9.0,0.0,1056.0,55.0,119.0,29.0,344.0,06,001,400800,400800,33.3,41.8,9.2,12.7,7.8,13.5,13.4,86.6,51.8,66.1,7.5,50.7,4.9,3.1,0.0,86.7,8.1,0.2,0.0,0.0,0.3,0.0
4997.0,1115.0,2747.0,310.0,479.0,40034.0,1282.0,4978.0,2789.0,251.0,1167.0,2657.0,369.0,1939.0,2.17,4966.0,2757.0,774.0,1675.0,255.0,42.0,11.0,4737.0,3894.0,436.0,0.0,46.0,2.0,0.0,0.0,1472.0,125.0,66.0,143.0,570.0,06,001,401000,401000,22.3,55.0,6.2,9.6,9.0,25.8,13.9,86.1,61.4,55.5,15.6,33.7,5.1,0.8,0.2,82.2,9.2,0.0,1.0,0.0,0.0,0.0
5295.0,318.0,197.0,4544.0,99.0,138365.0,180.0,5283.0,2833.0,188.0,2001.0,1864.0,101.0,1996.0,2.97,5228.0,1103.0,519.0,584.0,0.0,0.0,0.0,4685.0,1046.0,91.0,0.0,0.0,140.0,0.0,0.0,387.0,0.0,0.0,43.0,13.0,06,001,441503,441503,6.0,3.7,85.8,1.9,6.6,3.4,5.4,94.6,14.5,21.1,9.9,11.2,0.0,0.0,0.0,22.3,1.9,0.0,0.0,3.0,0.0,0.0
4038.0,2609.0,4.0,933.0,367.0,114966.0,111.0,4038.0,1890.0,162.0,1746.0,1364.0,11.0,1970.0,2.97,4019.0,1466.0,359.0,1089.0,18.0,0.0,0.0,3820.0,2824.0,198.0,0.0,0.0,0.0,0.0,0.0,464.0,11.0,21.0,42.0,61.0,06,001,450605,450605,64.6,0.1,23.1,9.1,8.6,2.7,0.8,99.2,29.1,36.5,8.9,27.1,0.4,0.0,0.0,73.9,5.2,0.0,0.0,0.0,0.0,0.0
6548.0,1472.0,838.0,2618.0,1260.0,72500.0,256.0,6548.0,3642.0,635.0,1414.0,2312.0,0.0,1979.0,2.83,6545.0,1954.0,374.0,1540.0,25.0,0.0,15.0,6314.0,2970.0,881.0,49.0,120.0,562.0,248.0,0.0,500.0,115.0,56.0,0.0,143.0,06,001,433400,433400,22.5,12.8,40.0,19.2,17.4,3.9,0.0,100.0,62.8,29.9,5.7,23.5,0.4,0.0,0.2,47.0,14.0,0.8,1.9,8.9,3.9,0.0
7250.0,2505.0,597.0,2596.0,1179.0,93889.0,662.0,7182.0,3962.0,294.0,1327.0,2679.0,251.0,1971.0,2.97,7219.0,2398.0,896.0,1315.0,81.0,106.0,0.0,6644.0,4033.0,548.0,1.0,0.0,1.0,0.0,30.0,905.0,36.0,31.0,53.0,236.0,06,001,441200,441200,34.6,8.2,35.8,16.3,7.4,9.2,9.4,90.6,39.3,33.2,12.4,18.2,1.1,1.5,0.0,60.7,8.2,0.0,0.0,0.0,0.0,0.5
5093.0,1431.0,143.0,654.0,2724.0,75625.0,268.0,5093.0,2817.0,172.0,1445.0,1533.0,129.0,1970.0,3.62,5086.0,1709.0,435.0,1194.0,80.0,0.0,0.0,4696.0,1592.0,2024.0,0.0,0.0,176.0,0.0,8.0,559.0,45.0,48.0,102.0,44.0,06,001,444400,444400,28.1,2.8,12.8,53.5,6.1,5.3,8.4,91.6,42.8,33.6,8.6,23.5,1.6,0.0,0.0,33.9,43.1,0.0,0.0,3.7,0.0,0.2
3976.0,683.0,604.0,98.0,2218.0,41330.0,703.0,3846.0,1779.0,336.0,1221.0,1260.0,33.0,1977.0,3.15,3863.0,3299.0,436.0,2403.0,293.0,133.0,22.0,3529.0,1774.0,1479.0,0.0,0.0,7.0,0.0,2.0,1025.0,125.0,47.0,113.0,344.0,06,001,436200,436200,17.2,15.2,2.5,55.8,18.9,18.3,2.6,97.4,61.4,85.4,11.3,62.2,7.6,3.4,0.6,50.3,41.9,0.0,0.0,0.2,0.0,0.1
2295.0,151.0,280.0,280.0,1254.0,50329.0,354.0,2295.0,1247.0,191.0,1191.0,706.0,36.0,1970.0,3.43,2295.0,1311.0,261.0,905.0,136.0,4.0,5.0,2143.0,575.0,1054.0,0.0,0.0,18.0,0.0,0.0,460.0,59.0,21.0,60.0,96.0,06,001,437900,437900,6.6,12.2,12.2,54.6,15.3,15.4,5.1,94.9,51.3,57.1,11.4,39.4,5.9,0.2,0.2,26.8,49.2,0.0,0.0,0.8,0.0,0.0
7320.0,2212.0,726.0,2609.0,1478.0,76117.0,636.0,7241.0,3909.0,416.0,1399.0,2798.0,309.0,1980.0,2.89,7187.0,2849.0,598.0,1953.0,248.0,43.0,0.0,6859.0,3178.0,1154.0,0.0,0.0,351.0,12.0,0.0,1004.0,85.0,34.0,94.0,307.0,06,001,441700,441700,30.2,9.9,35.6,20.2,10.6,8.8,11.0,89.0,51.8,39.6,8.3,27.2,3.5,0.6,0.0,46.3,16.8,0.0,0.0,5.1,0.2,0.0
2584.0,122.0,1043.0,22.0,981.0,56250.0,556.0,2584.0,1162.0,121.0,1207.0,695.0,73.0,1949.0,4.15,2584.0,948.0,113.0,822.0,13.0,0.0,0.0,2313.0,1449.0,645.0,0.0,0.0,5.0,0.0,0.0,227.0,14.0,36.0,20.0,72.0,06,001,409100,409100,4.7,40.4,0.9,38.0,10.4,21.5,10.5,89.5,62.6,36.7,4.4,31.8,0.5,0.0,0.0,62.6,27.9,0.0,0.0,0.2,0.0,0.0
4661.0,91.0,997.0,390.0,3171.0,44148.0,1282.0,4634.0,2188.0,441.0,1098.0,1258.0,212.0,1950.0,4.45,4658.0,2655.0,720.0,1663.0,256.0,16.0,0.0,4129.0,1123.0,2633.0,0.0,106.0,90.0,0.0,0.0,608.0,19.0,81.0,22.0,173.0,06,001,409400,409400,2.0,21.4,8.4,68.0,20.2,27.7,16.9,83.1,48.5,57.0,15.5,35.7,5.5,0.3,0.0,27.2,63.8,0.0,2.6,2.2,0.0,0.0
4219.0,164.0,1497.0,188.0,2071.0,35230.0,1274.0,4193.0,2104.0,633.0,1168.0,1096.0,59.0,1952.0,4.06,4210.0,2961.0,378.0,2167.0,307.0,109.0,0.0,3935.0,1774.0,1915.0,0.0,0.0,76.0,0.0,0.0,681.0,0.0,41.0,67.0,325.0,06,001,410300,410300,3.9,35.5,4.5,49.1,30.1,30.4,5.4,94.6,63.6,70.3,9.0,51.5,7.3,2.6,0.0,45.1,48.7,0.0,0.0,1.9,0.0,0.0
4540.0,1897.0,116.0,1695.0,431.0,75536.0,345.0,4512.0,2743.0,226.0,1421.0,2090.0,133.0,1969.0,2.31,4526.0,2231.0,457.0,1423.0,351.0,0.0,0.0,4439.0,2717.0,103.0,13.0,0.0,0.0,115.0,52.0,926.0,95.0,57.0,90.0,234.0,06,001,420300,420300,41.8,2.6,37.3,9.5,8.2,7.6,6.4,93.6,51.4,49.3,10.1,31.4,7.8,0.0,0.0,61.2,2.3,0.3,0.0,0.0,2.6,1.2
2601.0,1074.0,285.0,128.0,968.0,67321.0,343.0,2594.0,1598.0,129.0,1220.0,1183.0,129.0,1939.0,2.44,2570.0,1536.0,370.0,824.0,233.0,15.0,39.0,2443.0,1586.0,689.0,0.0,0.0,8.0,0.0,0.0,717.0,50.0,80.0,67.0,176.0,06,001,423200,423200,41.3,11.0,4.9,37.2,8.1,13.2,10.9,89.1,52.0,59.8,14.4,32.1,9.1,0.6,1.5,64.9,28.2,0.0,0.0,0.3,0.0,0.0
3876.0,1384.0,1473.0,495.0,350.0,59250.0,309.0,3847.0,2128.0,164.0,932.0,1700.0,96.0,1941.0,2.41,3873.0,1387.0,359.0,822.0,96.0,18.0,72.0,3676.0,2870.0,304.0,63.0,0.0,90.0,15.0,0.0,718.0,40.0,21.0,22.0,232.0,06,001,423300,423300,35.7,38.0,12.8,9.0,7.7,8.0,5.6,94.4,43.9,35.8,9.3,21.2,2.5,0.5,1.9,78.1,8.3,1.7,0.0,2.4,0.4,0.0
2602.0,1946.0,32.0,301.0,210.0,67622.0,342.0,2568.0,1453.0,71.0,1203.0,1318.0,66.0,1939.0,2.04,2550.0,1408.0,431.0,649.0,184.0,81.0,53.0,2481.0,2064.0,50.0,0.0,0.0,14.0,62.0,31.0,768.0,36.0,36.0,34.0,281.0,06,001,423601,423601,74.8,1.2,11.6,8.1,4.9,13.3,5.0,95.0,50.4,55.2,16.9,25.5,7.2,3.2,2.1,83.2,2.0,0.0,0.0,0.6,2.5,1.2
4799.0,2112.0,654.0,1408.0,261.0,62132.0,773.0,4792.0,2809.0,215.0,1288.0,2452.0,204.0,1948.0,2.13,4785.0,3077.0,627.0,2236.0,32.0,131.0,8.0,4678.0,3194.0,147.0,70.0,0.0,48.0,0.0,0.0,1493.0,162.0,74.0,103.0,417.0,06,001,427700,427700,44.0,13.6,29.3,5.4,7.7,16.1,8.3,91.7,50.6,64.3,13.1,46.7,0.7,2.7,0.2,68.3,3.1,1.5,0.0,1.0,0.0,0.0
3552.0,787.0,325.0,531.0,1802.0,62880.0,602.0,3348.0,1853.0,432.0,1169.0,913.0,34.0,1963.0,3.8,3340.0,1592.0,332.0,895.0,357.0,8.0,0.0,3295.0,1039.0,1464.0,2.0,0.0,99.0,11.0,0.0,397.0,42.0,13.0,32.0,95.0,06,001,437600,437600,22.2,9.1,14.9,50.7,23.3,18.0,3.7,96.3,45.8,47.7,9.9,26.8,10.7,0.2,0.0,31.5,44.4,0.1,0.0,3.0,0.3,0.0
7068.0,1198.0,1246.0,2436.0,1907.0,64700.0,624.0,7064.0,3586.0,533.0,1103.0,2253.0,175.0,1975.0,3.38,7024.0,2244.0,120.0,2124.0,0.0,0.0,0.0,6284.0,3176.0,1143.0,32.0,0.0,94.0,15.0,27.0,602.0,0.0,0.0,108.0,154.0,06,001,440301,440301,16.9,17.6,34.5,27.0,14.9,8.8,7.8,92.2,43.5,31.9,1.7,30.2,0.0,0.0,0.0,50.5,18.2,0.5,0.0,1.5,0.2,0.4
4234.0,822.0,2360.0,286.0,521.0,70262.0,299.0,4228.0,2520.0,348.0,1381.0,1884.0,145.0,1939.0,2.42,4210.0,902.0,215.0,532.0,135.0,20.0,0.0,4050.0,3352.0,393.0,0.0,36.0,8.0,0.0,10.0,425.0,39.0,28.0,8.0,86.0,06,001,407700,407700,19.4,55.7,6.8,12.3,13.8,7.1,7.7,92.3,37.9,21.4,5.1,12.6,3.2,0.5,0.0,82.8,9.7,0.0,0.9,0.2,0.0,0.2
3472.0,1035.0,105.0,1630.0,585.0,41339.0,878.0,3472.0,1228.0,36.0,1676.0,1239.0,79.0,-666666666.0,2.99,3472.0,3443.0,1495.0,1948.0,0.0,0.0,0.0,2782.0,785.0,216.0,160.0,0.0,46.0,42.0,0.0,1153.0,64.0,97.0,170.0,489.0,06,001,420400,420400,29.8,3.0,46.9,16.8,2.9,25.3,6.4,93.6,71.1,99.2,43.1,56.1,0.0,0.0,0.0,28.2,7.8,5.8,0.0,1.7,1.5,0.0
6364.0,2743.0,452.0,1979.0,1057.0,85487.0,384.0,6364.0,3566.0,247.0,1534.0,2657.0,120.0,1954.0,2.51,6356.0,2637.0,601.0,1671.0,176.0,153.0,13.0,6054.0,3884.0,322.0,97.0,0.0,366.0,13.0,0.0,1206.0,90.0,167.0,13.0,240.0,06,001,428200,428200,43.1,7.1,31.1,16.6,6.9,6.0,4.5,95.5,42.3,41.5,9.5,26.3,2.8,2.4,0.2,64.2,5.3,1.6,0.0,6.0,0.2,0.0
4308.0,1859.0,60.0,1192.0,903.0,95188.0,286.0,4246.0,2220.0,168.0,1378.0,1646.0,145.0,1971.0,2.83,4246.0,599.0,78.0,455.0,18.0,48.0,0.0,4109.0,2459.0,581.0,18.0,0.0,37.0,7.0,0.0,346.0,37.0,0.0,50.0,123.0,06,001,441100,441100,43.2,1.4,27.7,21.0,7.6,6.7,8.8,91.2,60.7,14.1,1.8,10.7,0.4,1.1,0.0,59.8,14.1,0.4,0.0,0.9,0.2,0.0
7466.0,2049.0,355.0,2669.0,1930.0,83021.0,256.0,7447.0,3743.0,250.0,1374.0,2368.0,126.0,1971.0,3.3,7406.0,3340.0,853.0,2402.0,85.0,0.0,0.0,6882.0,3140.0,1323.0,0.0,0.0,202.0,72.0,0.0,939.0,70.0,14.0,76.0,170.0,06,001,441602,441602,27.4,4.8,35.7,25.9,6.7,3.4,5.3,94.7,35.1,45.1,11.5,32.4,1.1,0.0,0.0,45.6,19.2,0.0,0.0,2.9,1.0,0.0
4662.0,3142.0,131.0,509.0,821.0,83929.0,239.0,4662.0,2375.0,93.0,1050.0,1762.0,22.0,1977.0,2.68,4657.0,1344.0,274.0,836.0,234.0,0.0,0.0,4353.0,3409.0,527.0,21.0,0.0,3.0,31.0,0.0,593.0,118.0,41.0,46.0,57.0,06,001,451501,451501,67.4,2.8,10.9,17.6,3.9,5.1,1.2,98.8,44.2,28.9,5.9,18.0,5.0,0.0,0.0,78.3,12.1,0.5,0.0,0.1,0.7,0.0
4323.0,1299.0,1316.0,832.0,426.0,56875.0,460.0,4242.0,2993.0,239.0,1197.0,2896.0,358.0,1963.0,1.66,4206.0,3320.0,444.0,2287.0,414.0,135.0,16.0,4064.0,2765.0,256.0,28.0,0.0,0.0,18.0,0.0,2079.0,259.0,131.0,84.0,280.0,06,001,403600,403600,30.0,30.4,19.2,9.9,8.0,10.8,12.4,87.6,36.3,78.9,10.6,54.4,9.8,3.2,0.4,68.0,6.3,0.7,0.0,0.0,0.4,0.0
3359.0,2202.0,227.0,493.0,256.0,114191.0,134.0,3347.0,2119.0,94.0,1519.0,1638.0,147.0,1939.0,2.24,3342.0,818.0,81.0,481.0,145.0,103.0,0.0,3179.0,2735.0,70.0,53.0,0.0,0.0,0.0,0.0,493.0,77.0,17.0,42.0,82.0,06,001,405000,405000,65.6,6.8,14.7,7.6,4.4,4.0,9.0,91.0,44.2,24.5,2.4,14.4,4.3,3.1,0.0,86.0,2.2,1.7,0.0,0.0,0.0,0.0
4222.0,2732.0,487.0,224.0,476.0,92366.0,407.0,4219.0,2964.0,110.0,1485.0,1920.0,45.0,1939.0,2.23,4184.0,2386.0,237.0,2078.0,25.0,38.0,8.0,3962.0,3608.0,140.0,28.0,0.0,28.0,0.0,0.0,1068.0,37.0,79.0,111.0,208.0,06,001,400400,400400,64.7,11.5,5.3,11.3,3.7,9.6,2.3,97.7,40.7,57.0,5.7,49.7,0.6,0.9,0.2,91.1,3.5,0.7,0.0,0.7,0.0,0.0
4108.0,1092.0,283.0,2222.0,303.0,53272.0,915.0,4066.0,2657.0,121.0,1365.0,2455.0,338.0,1991.0,1.94,4104.0,3311.0,964.0,1940.0,380.0,27.0,0.0,3985.0,1713.0,172.0,34.0,0.0,14.0,13.0,0.0,1645.0,172.0,174.0,130.0,406.0,06,001,403300,403300,26.6,6.9,54.1,7.4,4.6,22.5,13.8,86.2,53.6,80.7,23.5,47.3,9.3,0.7,0.0,43.0,4.3,0.9,0.0,0.4,0.3,0.0
3460.0,714.0,1237.0,676.0,721.0,32735.0,971.0,3176.0,1908.0,190.0,921.0,1896.0,220.0,1960.0,1.82,3056.0,2697.0,494.0,1967.0,134.0,69.0,33.0,3310.0,2059.0,583.0,40.0,0.0,9.0,38.0,36.0,1445.0,161.0,123.0,96.0,373.0,06,001,401300,401300,20.6,35.8,19.5,20.8,10.0,30.6,11.6,88.4,52.1,88.3,16.2,64.4,4.4,2.3,1.1,62.2,17.6,1.2,0.0,0.3,1.1,1.1
5780.0,116.0,2268.0,563.0,2488.0,21527.0,2281.0,5763.0,2384.0,481.0,820.0,1988.0,172.0,1958.0,3.18,5769.0,3946.0,912.0,2924.0,70.0,25.0,7.0,5182.0,2303.0,2301.0,0.0,206.0,70.0,0.0,0.0,1378.0,163.0,80.0,108.0,617.0,06,001,408800,408800,2.0,39.2,9.7,43.0,20.2,39.6,8.7,91.3,70.2,68.4,15.8,50.7,1.2,0.4,0.1,44.4,44.4,0.0,4.0,1.4,0.0,0.0
2265.0,172.0,42.0,1929.0,36.0,18000.0,579.0,2265.0,735.0,105.0,509.0,1595.0,369.0,1974.0,1.83,2238.0,1857.0,192.0,960.0,437.0,230.0,0.0,2209.0,585.0,36.0,33.0,0.0,65.0,0.0,0.0,982.0,87.0,25.0,30.0,198.0,06,001,403000,403000,7.6,1.9,85.2,1.6,14.3,25.6,23.1,76.9,34.6,83.0,8.6,42.9,19.5,10.3,0.0,26.5,1.6,1.5,0.0,2.9,0.0,0.0
