{"type": "FeatureCollection", "_attribution": "City of Oakland Open Data", "_source": "oakland_311_housing (OAK 311 / housing-relevant categories)", "_generated": "2026-05-08T23:05:16+00:00", "features": [{"type": "Feature", "geometry": {"type": "Point", "coordinates": [-122.12875806595562, 37.76956950849832]}, "properties": {"case_id": "1407736", "category": "ENVIRON_ENF", "complaint_type": "Illegal Dumping (Enforcement Potential)", "status": "CLOSED", "date_opened": "2024-05-09T16:50:11.000", "date_closed": "2024-05-16T09:03:10.000", "address": "KELLER AVE & SKYLINE BLVD", "zipcode": "94619", "councildistrict": "CCD6", "source": "SeeClickFix", "tract_id": "408100", "tract_geoid": "06001408100"}}, {"type": "Feature", "geometry": {"type": "Point", "coordinates": [-122.22244920202738, 37.78595296853283]}, "properties": {"case_id": "1408066", "category": "ENVIRON_ENF", "complaint_type": "Illegal Dumping (Enforcement Potential)", "status": "CLOSED", "date_opened": "2024-05-10T18:44:42.000", "date_closed": "2024-06-10T09:06:04.000", "address": "2930 E 23RD ST", "zipcode": "94601", "councildistrict": "CCD5", "source": "SeeClickFix", "tract_id": "406300", "tract_geoid": "06001406300"}}, {"type": "Feature", "geometry": {"type": "Point", "coordinates": [-122.23850769461488, 37.79015743272342]}, "properties": {"case_id": "1408804", "category": "ENVIRON_ENF", "complaint_type": "Illegal Dumping (Enforcement Potential)", "status": "CANCEL", "date_opened": "2024-05-13T16:50:12.000", "date_closed": null, "address": "1841 E 19TH ST", "zipcode": "94606", "councildistrict": "CCD2", "source": "Email", "tract_id": "405902", "tract_geoid": "06001405902"}}, {"type": "Feature", "geometry": {"type": "Point", "coordinates": [-122.26433255223787, 37.829701356151645]}, "properties": {"case_id": "1408942", "category": "ENVIRON_ENF", "complaint_type": "Illegal Dumping (Enforcement Potential)", "status": "CANCEL", "date_opened": "2024-05-14T08:35:41.000", "date_closed": null, "address": "4069 TELEGRAPH AV", "zipcode": "94609", "councildistrict": "CCD1", "source": "Phone", "tract_id": "401100", "tract_geoid": "06001401100"}}, {"type": "Feature", "geometry": {"type": "Point", "coordinates": [-122.26433256103059, 37.82970138313761]}, "properties": {"case_id": "1408963", "category": "ENVIRON_ENF", "complaint_type": "Illegal Dumping (Enforcement Potential)", "status": "CLOSED", "date_opened": "2024-05-14T09:17:54.000", "date_closed": "2024-05-16T15:18:19.000", "address": "4069 TELEGRAPH AV", "zipcode": "94609", "councildistrict": "CCD1", "source": "Phone", "tract_id": "401100", "tract_geoid": "06001401100"}}, {"type": "Feature", "geometry": {"type": "Point", "coordinates": [-122.22369301635165, 37.78619230404059]}, "properties": {"case_id": "1409133", "category": "ENVIRON_ENF", "complaint_type": "Illegal Dumping (Enforcement Potential)", "status": "CLOSED", "date_opened": "2024-05-14T14:49:31.000", "date_closed": "2024-08-22T11:32:08.000", "address": "2930 E 23RD ST", "zipcode": "94601", "councildistrict": "CCD5", "source": "Phone", "tract_id": "406300", "tract_geoid": "06001406300"}}, {"type": "Feature", "geometry": {"type": "Point", "coordinates": [-122.23710571968302, 37.797128638169575]}, "properties": {"case_id": "1409173", "category": "ENVIRON_ENF", "complaint_type": "Illegal Dumping (Enforcement Potential)", "status": "CLOSED", "date_opened": "2024-05-14T16:35:37.000", "date_closed": "2024-08-22T11:28:52.000", "address": "2501 13TH AV", "zipcode": "94606", "councildistrict": "CCD2", "source": "SeeClickFix", "tract_id": "405600", "tract_geoid": "06001405600"}}, {"type": "Feature", "geometry": {"type": "Point", "coordinates": [-122.21193875859268, 37.78825554405236]}, "properties": {"case_id": "1409314", "category": "ENVIRON_ENF", "complaint_type": "Illegal Dumping (Enforcement Potential)", "status": "CLOSED", "date_opened": "2024-05-15T09:26:19.000", "date_closed": "2024-05-23T10:00:15.000", "address": "3445 DEERING ST", "zipcode": "94601", "councildistrict": "CCD5", "source": "Email", "tract_id": "406500", "tract_geoid": "06001406500"}}, {"type": "Feature", "geometry": {"type": "Point", "coordinates": [-122.29620307172384, 37.815328572053104]}, "properties": {"case_id": "1409470", "category": "ENVIRON_ENF", "complaint_type": "Illegal Dumping (Enforcement Potential)", "status": "CANCEL", "date_opened": "2024-05-15T15:45:05.000", "date_closed": null, "address": "17TH ST & WOOD ST", "zipcode": "94607", "councildistrict": "CCD3", "source": "Phone", "tract_id": "401700", "tract_geoid": "06001401700"}}, {"type": "Feature", "geometry": {"type": "Point", "coordinates": [-122.29840897473582, 37.811435624006016]}, "properties": {"case_id": "1409616", "category": "ENVIRON_ENF", "complaint_type": "Illegal Dumping (Enforcement Potential)", "status": "CANCEL", "date_opened": "2024-05-16T07:56:00.000", "date_closed": null, "address": "1735 12TH ST", "zipcode": "94607", "councildistrict": "CCD3", "source": "SeeClickFix", "tract_id": "401800", "tract_geoid": "06001401800"}}, {"type": "Feature", "geometry": {"type": "Point", "coordinates": [-122.12303720346469, 37.760741837382234]}, "properties": {"case_id": "1409617", "category": "ENVIRON_ENF", "complaint_type": "Illegal Dumping (Enforcement Potential)", "status": "CLOSED", "date_opened": "2024-05-16T07:58:21.000", "date_closed": "2024-06-12T11:26:32.000", "address": "SKYLINE BLVD & GRASS VALLEY", "zipcode": "94605", "councildistrict": null, "source": "SeeClickFix", "tract_id": null, "tract_geoid": null}}, {"type": "Feature", "geometry": {"type": "Point", "coordinates": [-122.17265318127154, 37.7657541535387]}, "properties": {"case_id": "1409881", "category": "ENVIRON_ENF", "complaint_type": "Illegal Dumping (Enforcement Potential)", "status": "CLOSED", "date_opened": "2024-05-16T17:35:28.000", "date_closed": "2024-05-22T10:53:50.000", "address": "2650 76TH AVE", "zipcode": "94605", "councildistrict": "CCD6", "source": "SeeClickFix", "tract_id": "408400", "tract_geoid": "06001408400"}}, {"type": "Feature", "geometry": {"type": "Point", "coordinates": [-122.19482918004366, 37.72916333874914]}, "properties": {"case_id": "1409957", "category": "ENVIRON_ENF", "complaint_type": "Illegal Dumping (Enforcement Potential)", "status": "CANCEL", "date_opened": "2024-05-17T08:24:52.000", "date_closed": null, "address": "172 98TH AV", "zipcode": "94603", "councildistrict": "CCD7", "source": "Phone or Email", "tract_id": "409000", "tract_geoid": "06001409000"}}, {"type": "Feature", "geometry": {"type": "Point", "coordinates": [-122.28960510358755, 37.82479963483015]}, "properties": {"case_id": "1410018", "category": "ENVIRON_ENF", "complaint_type": "Illegal Dumping (Enforcement Potential)", "status": "CLOSED", "date_opened": "2024-05-17T10:29:05.000", "date_closed": "2024-09-19T16:28:01.000", "address": "6124 DOVER ST", "zipcode": "94608", "councildistrict": "CCD3", "source": "Phone", "tract_id": "401700", "tract_geoid": "06001401700"}}, {"type": "Feature", "geometry": {"type": "Point", "coordinates": [-122.18386129477783, 37.74518486628008]}, "properties": {"case_id": "1410181", "category": "ENVIRON_ENF", "complaint_type": "Illegal Dumping (Enforcement Potential)", "status": "EVALUATED - NO FURTHER ACTION", "date_opened": "2024-05-17T16:05:28.000", "date_closed": null, "address": "9015 G ST", "zipcode": "94621", "councildistrict": "CCD7", "source": "SeeClickFix", "tract_id": "409400", "tract_geoid": "06001409400"}}, {"type": "Feature", "geometry": {"type": "Point", "coordinates": [-122.25896852344985, 37.82065104101238]}, "properties": {"case_id": "1410235", "category": "ENVIRON_ENF", "complaint_type": "Illegal Dumping (Enforcement Potential)", "status": "EVALUATED - NO FURTHER ACTION", "date_opened": "2024-05-17T20:20:56.000", "date_closed": null, "address": "3355 RICHMOND BLVD", "zipcode": "94611", "councildistrict": "CCD3", "source": "SeeClickFix", "tract_id": "403501", "tract_geoid": "06001403501"}}, {"type": "Feature", "geometry": {"type": "Point", "coordinates": [-122.21161430819636, 37.76473899238229]}, "properties": {"case_id": "1410451", "category": "ENVIRON_ENF", "complaint_type": "Illegal Dumping (Enforcement Potential)", "status": "CLOSED", "date_opened": "2024-05-19T15:49:16.000", "date_closed": "2024-05-22T08:31:54.000", "address": "805 52ND AV", "zipcode": "94601", "councildistrict": "CCD5", "source": "SeeClickFix", "tract_id": "407300", "tract_geoid": "06001407300"}}, {"type": "Feature", "geometry": {"type": "Point", "coordinates": [-122.2729780192821, 37.81366709878425]}, "properties": {"case_id": "1410534", "category": "ENVIRON_ENF", "complaint_type": "Illegal Dumping (Enforcement Potential)", "status": "CLOSED", "date_opened": "2024-05-20T09:13:40.000", "date_closed": "2024-05-21T15:31:50.000", "address": "669 23RD ST", "zipcode": "94612", "councildistrict": "CCD3", "source": "Phone", "tract_id": "401400", "tract_geoid": "06001401400"}}, {"type": "Feature", "geometry": {"type": "Point", "coordinates": [-122.26744759700208, 37.833732380316796]}, "properties": {"case_id": "1411363", "category": "ENVIRON_ENF", "complaint_type": "Illegal Dumping (Enforcement Potential)", "status": "CLOSED", "date_opened": "2024-05-22T13:58:05.000", "date_closed": "2024-05-30T08:39:54.000", "address": "4519 MARTIN LUTHER KING JR WY", "zipcode": "94609", "councildistrict": "CCD1", "source": "Phone", "tract_id": "401000", "tract_geoid": "06001401000"}}, {"type": "Feature", "geometry": {"type": "Point", "coordinates": [-122.28092447944663, 37.827295291000354]}, "properties": {"case_id": "1411535", "category": "ENVIRON_ENF", "complaint_type": "Illegal Dumping (Enforcement Potential)", "status": "CLOSED", "date_opened": "2024-05-23T06:58:17.000", "date_closed": "2024-08-20T11:32:23.000", "address": "MAGNOLIA ST & 36TH ST", "zipcode": "94608", "councildistrict": "CCD3", "source": "SeeClickFix", "tract_id": "401500", "tract_geoid": "06001401500"}}, {"type": "Feature", "geometry": {"type": "Point", "coordinates": [-122.19382731036458, 37.73292656776635]}, "properties": {"case_id": "1411633", "category": "ENVIRON_ENF", "complaint_type": "Illegal Dumping (Enforcement Potential)", "status": "CLOSED", "date_opened": "2024-05-23T10:52:29.000", "date_closed": "2024-05-30T08:42:54.000", "address": "225 TUNIS RD", "zipcode": "94603", "councildistrict": "CCD7", "source": "Phone", "tract_id": "409000", "tract_geoid": "06001409000"}}, {"type": "Feature", "geometry": {"type": "Point", "coordinates": [-122.24278875768543, 37.78683825879047]}, "properties": {"case_id": "1411691", "category": "HE_CLEAN", "complaint_type": "Homeless Encampment - Closure Needed", "status": "EVALUATED - NO FURTHER ACTION", "date_opened": "2024-05-23T13:09:33.000", "date_closed": null, "address": "SOLANO WAY & 18TH AV", "zipcode": "94606", "councildistrict": "CCD2", "source": "SeeClickFix", "tract_id": "406000", "tract_geoid": "06001406000"}}, {"type": "Feature", "geometry": {"type": "Point", "coordinates": [-122.2364092301109, 37.78460095583712]}, "properties": {"case_id": "1411826", "category": "ENVIRON_ENF", "complaint_type": "Illegal Dumping (Enforcement Potential)", "status": "CANCEL", "date_opened": "2024-05-23T20:01:17.000", "date_closed": null, "address": "2247 E 15TH ST", "zipcode": "94606", "councildistrict": "CCD2", "source": "SeeClickFix", "tract_id": "405901", "tract_geoid": "06001405901"}}, {"type": "Feature", "geometry": {"type": "Point", "coordinates": [-122.1289317333715, 37.77008069744208]}, "properties": {"case_id": "1412168", "category": "ENVIRON_ENF", "complaint_type": "Illegal Dumping (Enforcement Potential)", "status": "CLOSED", "date_opened": "2024-05-24T21:10:09.000", "date_closed": "2024-06-12T11:08:44.000", "address": "14600 SKYLINE BLVD", "zipcode": "94619", "councildistrict": null, "source": "SeeClickFix", "tract_id": "408100", "tract_geoid": "06001408100"}}, {"type": "Feature", "geometry": {"type": "Point", "coordinates": [-122.29682559261138, 37.8125067305916]}, "properties": {"case_id": "1412274", "category": "ENVIRON_ENF", "complaint_type": "Illegal Dumping (Enforcement Potential)", "status": "CLOSED", "date_opened": "2024-05-25T15:12:48.000", "date_closed": "2026-04-10T10:16:34.000", "address": "1367 WILLOW ST", "zipcode": "94607", "councildistrict": "CCD3", "source": "SeeClickFix", "tract_id": "401800", "tract_geoid": "06001401800"}}, {"type": "Feature", "geometry": {"type": "Point", "coordinates": [-122.2717320708374, 37.825562523927324]}, "properties": {"case_id": "1412743", "category": "ENVIRON_ENF", "complaint_type": "Illegal Dumping (Enforcement Potential)", "status": "CLOSED", "date_opened": "2024-05-28T10:31:40.000", "date_closed": "2026-04-10T10:16:16.000", "address": "714 36TH ST", "zipcode": "94609", "councildistrict": "CCD3", "source": "Phone", "tract_id": "401000", "tract_geoid": "06001401000"}}, {"type": "Feature", "geometry": {"type": "Point", "coordinates": [-122.20430658595549, 37.77368677322189]}, "properties": {"case_id": "1413092", "category": "ENVIRON_ENF", "complaint_type": "Illegal Dumping (Enforcement Potential)", "status": "CANCEL", "date_opened": "2024-05-29T09:00:33.000", "date_closed": null, "address": "2100 51ST AV", "zipcode": "94601", "councildistrict": "CCD5", "source": "Phone", "tract_id": "407600", "tract_geoid": "06001407600"}}, {"type": "Feature", "geometry": {"type": "Point", "coordinates": [-122.22500719340347, 37.799547949029865]}, "properties": {"case_id": "1413110", "category": "ENVIRON_ENF", "complaint_type": "Illegal Dumping (Enforcement Potential)", "status": "CLOSED", "date_opened": "2024-05-29T09:33:29.000", "date_closed": "2024-06-10T09:01:48.000", "address": "3232 RANDOLPH AVE", "zipcode": "94602", "councildistrict": "CCD5", "source": "SeeClickFix", "tract_id": "405700", "tract_geoid": "06001405700"}}, {"type": "Feature", "geometry": {"type": "Point", "coordinates": [-122.26290339702086, 37.83500824286842]}, "properties": {"case_id": "1413283", "category": "ENVIRON_ENF", "complaint_type": "Illegal Dumping (Enforcement Potential)", "status": "CLOSED", "date_opened": "2024-05-29T14:18:39.000", "date_closed": "2024-06-03T12:31:07.000", "address": "4799 TELEGRAPH AV", "zipcode": "94609", "councildistrict": "CCD1", "source": "Phone", "tract_id": "401100", "tract_geoid": "06001401100"}}, {"type": "Feature", "geometry": {"type": "Point", "coordinates": [-122.263181155389, 37.83507078453957]}, "properties": {"case_id": "1413608", "category": "ENVIRON_ENF", "complaint_type": "Illegal Dumping (Enforcement Potential)", "status": "CANCEL", "date_opened": "2024-05-30T11:56:44.000", "date_closed": null, "address": "511 48TH ST", "zipcode": "94609", "councildistrict": "CCD1", "source": "Email", "tract_id": "401100", "tract_geoid": "06001401100"}}, {"type": "Feature", "geometry": {"type": "Point", "coordinates": [-122.27845514648455, 37.82441295121569]}, "properties": {"case_id": "1413900", "category": "ENVIRON_ENF", "complaint_type": "Illegal Dumping (Enforcement Potential)", "status": "CANCEL", "date_opened": "2024-05-31T09:45:02.000", "date_closed": null, "address": "3331 LINDEN ST", "zipcode": "94608", "councildistrict": "CCD3", "source": "Phone", "tract_id": "401500", "tract_geoid": "06001401500"}}, {"type": "Feature", "geometry": {"type": "Point", "coordinates": [-122.18325913897266, 37.802615078293044]}, "properties": {"case_id": "1413998", "category": "ENVIRON_ENF", "complaint_type": "Illegal Dumping (Enforcement Potential)", "status": "CLOSED", "date_opened": "2024-05-31T13:00:13.000", "date_closed": "2024-08-22T11:25:34.000", "address": "3627 KLAMATH ST", "zipcode": "94602", "councildistrict": "CCD4", "source": "Phone", "tract_id": "408000", "tract_geoid": "06001408000"}}, {"type": "Feature", "geometry": {"type": "Point", "coordinates": [-122.27781806128496, 37.82306375551869]}, "properties": {"case_id": "1414021", "category": "ENVIRON_ENF", "complaint_type": "Illegal Dumping (Enforcement Potential)", "status": "CANCEL", "date_opened": "2024-05-31T13:42:08.000", "date_closed": null, "address": "3201 FILBERT ST", "zipcode": "94608", "councildistrict": "CCD3", "source": "Phone", "tract_id": "401500", "tract_geoid": "06001401500"}}, {"type": "Feature", "geometry": {"type": "Point", "coordinates": [-122.19164376742792, 37.79103753478059]}, "properties": {"case_id": "1414139", "category": "ENVIRON_ENF", "complaint_type": "Illegal Dumping (Enforcement Potential)", "status": "CLOSED", "date_opened": "2024-05-31T18:08:35.000", "date_closed": "2024-08-22T11:24:32.000", "address": "4116 BAYO ST", "zipcode": "94619", "councildistrict": "CCD4", "source": "Email", "tract_id": "406900", "tract_geoid": "06001406900"}}, {"type": "Feature", "geometry": {"type": "Point", "coordinates": [-122.17774646330902, 37.74817514142031]}, "properties": {"case_id": "1414419", "category": "ENVIRON_ENF", "complaint_type": "Illegal Dumping (Enforcement Potential)", "status": "EVALUATED - NO FURTHER ACTION", "date_opened": "2024-06-02T14:35:16.000", "date_closed": null, "address": "1200 90TH AVE", "zipcode": "94603", "councildistrict": "CCD7", "source": "SeeClickFix", "tract_id": "409400", "tract_geoid": "06001409400"}}, {"type": "Feature", "geometry": {"type": "Point", "coordinates": [-122.24616420162049, 37.804398999488875]}, "properties": {"case_id": "1414505", "category": "ENVIRON_ENF", "complaint_type": "Illegal Dumping (Enforcement Potential)", "status": "CLOSED", "date_opened": "2024-06-03T06:50:52.000", "date_closed": "2024-06-18T08:27:20.000", "address": "516 HADDON RD", "zipcode": "94606", "councildistrict": "CCD2", "source": "SeeClickFix", "tract_id": "405200", "tract_geoid": "06001405200"}}, {"type": "Feature", "geometry": {"type": "Point", "coordinates": [-122.17014118846735, 37.73996017500385]}, "properties": {"case_id": "1415161", "category": "HE_CLEAN", "complaint_type": "Homeless Encampment - Closure Needed", "status": "WOCREATE", "date_opened": "2024-06-03T15:56:46.000", "date_closed": null, "address": "10233 GRAFFIAN ST", "zipcode": "94603", "councildistrict": "CCD7", "source": "Phone", "tract_id": "409300", "tract_geoid": "06001409300"}}, {"type": "Feature", "geometry": {"type": "Point", "coordinates": [-122.20914983423154, 37.76673684759933]}, "properties": {"case_id": "1415583", "category": "HE_CLEAN", "complaint_type": "Homeless Encampment - Closure Needed", "status": "OPEN", "date_opened": "2024-06-04T18:00:24.000", "date_closed": null, "address": "1201 52ND AVE", "zipcode": "94601", "councildistrict": "CCD5", "source": "SeeClickFix", "tract_id": "407300", "tract_geoid": "06001407300"}}, {"type": "Feature", "geometry": {"type": "Point", "coordinates": [-122.22544611479863, 37.79305222563119]}, "properties": {"case_id": "1415760", "category": "ENVIRON_ENF", "complaint_type": "Illegal Dumping (Enforcement Potential)", "status": "CLOSED", "date_opened": "2024-06-05T10:49:59.000", "date_closed": "2024-06-18T08:36:36.000", "address": "E 27TH ST & GRANDE VISTA AV", "zipcode": "94601", "councildistrict": "CCD5", "source": "Phone", "tract_id": "406400", "tract_geoid": "06001406400"}}, {"type": "Feature", "geometry": {"type": "Point", "coordinates": [-122.22397076851782, 37.77389971077674]}, "properties": {"case_id": "1415781", "category": "ENVIRON_ENF", "complaint_type": "Illegal Dumping (Enforcement Potential)", "status": "CLOSED", "date_opened": "2024-06-05T11:36:01.000", "date_closed": "2024-06-18T09:04:18.000", "address": "3532 SAN LEANDRO ST", "zipcode": "94601", "councildistrict": "CCD5", "source": "Phone", "tract_id": "406100", "tract_geoid": "06001406100"}}, {"type": "Feature", "geometry": {"type": "Point", "coordinates": [-122.24321300045702, 37.78841659375619]}, "properties": {"case_id": "1415915", "category": "ENVIRON_ENF", "complaint_type": "Illegal Dumping (Enforcement Potential)", "status": "CLOSED", "date_opened": "2024-06-05T15:44:19.000", "date_closed": "2024-08-22T11:33:16.000", "address": "MARIN WAY & 16TH AV", "zipcode": "94606", "councildistrict": "CCD2", "source": "SeeClickFix", "tract_id": "405902", "tract_geoid": "06001405902"}}, {"type": "Feature", "geometry": {"type": "Point", "coordinates": [-122.25468062090768, 37.79783844689876]}, "properties": {"case_id": "1416011", "category": "ENVIRON_ENF", "complaint_type": "Illegal Dumping - debris, appliances, etc.", "status": "CLOSED", "date_opened": "2024-06-05T23:08:41.000", "date_closed": "2024-06-27T12:10:49.000", "address": "E 15TH ST & 3RD AVE", "zipcode": "94606", "councildistrict": "CCD2", "source": "SeeClickFix", "tract_id": "405302", "tract_geoid": "06001405302"}}, {"type": "Feature", "geometry": {"type": "Point", "coordinates": [-122.19422952440803, 37.83481843991558]}, "properties": {"case_id": "1416054", "category": "ENVIRON_ENF", "complaint_type": "Illegal Dumping (Enforcement Potential)", "status": "CLOSED", "date_opened": "2024-06-06T08:26:53.000", "date_closed": "2024-06-11T11:03:33.000", "address": "7222 SAYRE DR", "zipcode": "94611", "councildistrict": "CCD4", "source": "Email", "tract_id": "404502", "tract_geoid": "06001404502"}}, {"type": "Feature", "geometry": {"type": "Point", "coordinates": [-122.27701370977945, 37.84395117127792]}, "properties": {"case_id": "1416701", "category": "ENVIRON_ENF", "complaint_type": "Illegal Dumping (Enforcement Potential)", "status": "CANCEL", "date_opened": "2024-06-07T13:34:52.000", "date_closed": null, "address": "3331 LINDEN ST", "zipcode": "94608", "councildistrict": "CCD1", "source": "Phone", "tract_id": "400700", "tract_geoid": "06001400700"}}, {"type": "Feature", "geometry": {"type": "Point", "coordinates": [-122.18507240042841, 37.785063308487125]}, "properties": {"case_id": "1416982", "category": "ENVIRON_ENF", "complaint_type": "Illegal Dumping (Enforcement Potential)", "status": "CLOSED", "date_opened": "2024-06-08T19:20:52.000", "date_closed": "2024-06-11T10:26:42.000", "address": "4790 TOMPKINS AVE", "zipcode": "94619", "councildistrict": "CCD4", "source": "SeeClickFix", "tract_id": "407900", "tract_geoid": "06001407900"}}, {"type": "Feature", "geometry": {"type": "Point", "coordinates": [-122.29678989549247, 37.812003176916086]}, "properties": {"case_id": "1417119", "category": "ENVIRON_ENF", "complaint_type": "Illegal Dumping (Enforcement Potential)", "status": "CLOSED", "date_opened": "2024-06-09T19:41:46.000", "date_closed": "2024-12-18T14:35:03.000", "address": "1694 13TH ST", "zipcode": "94607", "councildistrict": "CCD3", "source": "SeeClickFix", "tract_id": "401800", "tract_geoid": "06001401800"}}, {"type": "Feature", "geometry": {"type": "Point", "coordinates": [-122.19622083885396, 37.73443117081083]}, "properties": {"case_id": "1417602", "category": "HE_CLEAN", "complaint_type": "Homeless Encampment - Closure Needed", "status": "OPEN", "date_opened": "2024-06-10T21:40:16.000", "date_closed": null, "address": "45 HEGENBERGER LOOP", "zipcode": "94621", "councildistrict": "CCD7", "source": "SeeClickFix", "tract_id": "409000", "tract_geoid": "06001409000"}}, {"type": "Feature", "geometry": {"type": "Point", "coordinates": [-122.24960722512178, 37.82907796439484]}, "properties": {"case_id": "1418145", "category": "ENVIRON_ENF", "complaint_type": "Illegal Dumping (Enforcement Potential)", "status": "CLOSED", "date_opened": "2024-06-12T11:30:30.000", "date_closed": "2024-06-25T08:44:13.000", "address": "159 JOHN ST", "zipcode": "94611", "councildistrict": "CCD1", "source": "SeeClickFix", "tract_id": "404101", "tract_geoid": "06001404101"}}, {"type": "Feature", "geometry": {"type": "Point", "coordinates": [-122.19937167134024, 37.76886736674369]}, "properties": {"case_id": "1418185", "category": "ENVIRON_ENF", "complaint_type": "Illegal Dumping (Enforcement Potential)", "status": "CLOSED", "date_opened": "2024-06-12T13:12:44.000", "date_closed": "2024-07-01T11:17:04.000", "address": "5605 SCOVILLE ST", "zipcode": "94621", "councildistrict": "CCD6", "source": "Phone", "tract_id": "407500", "tract_geoid": "06001407500"}}, {"type": "Feature", "geometry": {"type": "Point", "coordinates": [-122.13964833763337, 37.73742772781739]}, "properties": {"case_id": "1419267", "category": "ENVIRON_ENF", "complaint_type": "Illegal Dumping (Enforcement Potential)", "status": "EVALUATED - NO FURTHER ACTION", "date_opened": "2024-06-15T22:14:04.000", "date_closed": null, "address": "111 MARLOW DR", "zipcode": "94605", "councildistrict": "CCD7", "source": "SeeClickFix", "tract_id": "410000", "tract_geoid": "06001410000"}}, {"type": "Feature", "geometry": {"type": "Point", "coordinates": [-122.1701898274349, 37.74599929427889]}, "properties": {"case_id": "1419512", "category": "ENVIRON_ENF", "complaint_type": "Illegal Dumping (Enforcement Potential)", "status": "CLOSED", "date_opened": "2024-06-17T09:19:49.000", "date_closed": "2024-07-03T07:57:10.000", "address": "9642 HOLLY ST", "zipcode": "94603", "councildistrict": "CCD7", "source": "Phone", "tract_id": "410300", "tract_geoid": "06001410300"}}, {"type": "Feature", "geometry": {"type": "Point", "coordinates": [-122.15892170426675, 37.76156525639046]}, "properties": {"case_id": "1419738", "category": "ENVIRON_ENF", "complaint_type": "Illegal Dumping (Enforcement Potential)", "status": "CLOSED", "date_opened": "2024-06-17T15:07:00.000", "date_closed": "2024-06-20T15:48:30.000", "address": "9110 FONTAINE ST", "zipcode": "94605", "councildistrict": "CCD6", "source": "Phone", "tract_id": "409800", "tract_geoid": "06001409800"}}, {"type": "Feature", "geometry": {"type": "Point", "coordinates": [-122.1868775626421, 37.73157846287846]}, "properties": {"case_id": "1419744", "category": "ENVIRON_ENF", "complaint_type": "Illegal Dumping (Enforcement Potential)", "status": "CANCEL", "date_opened": "2024-06-17T15:18:23.000", "date_closed": null, "address": "9838 BERNHARDT DR", "zipcode": "94603", "councildistrict": "CCD7", "source": "Phone", "tract_id": "409100", "tract_geoid": "06001409100"}}, {"type": "Feature", "geometry": {"type": "Point", "coordinates": [-122.18522801559048, 37.734086851442115]}, "properties": {"case_id": "1419861", "category": "ENVIRON_ENF", "complaint_type": "Illegal Dumping (Enforcement Potential)", "status": "CLOSED", "date_opened": "2024-06-17T20:52:39.000", "date_closed": "2026-05-05T08:28:46.000", "address": "425 98TH AVE", "zipcode": "94603", "councildistrict": "CCD7", "source": "SeeClickFix", "tract_id": "409000", "tract_geoid": "06001409000"}}, {"type": "Feature", "geometry": {"type": "Point", "coordinates": [-122.23632540449837, 37.78474405450333]}, "properties": {"case_id": "1420763", "category": "ENVIRON_ENF", "complaint_type": "Illegal Dumping (Enforcement Potential)", "status": "CLOSED", "date_opened": "2024-06-20T11:39:27.000", "date_closed": "2024-07-02T09:26:49.000", "address": "2253 E 15TH ST", "zipcode": "94606", "councildistrict": "CCD2", "source": "SeeClickFix", "tract_id": "405901", "tract_geoid": "06001405901"}}, {"type": "Feature", "geometry": {"type": "Point", "coordinates": [-122.26813765008319, 37.7973434521437]}, "properties": {"case_id": "1420838", "category": "ENVIRON_ENF", "complaint_type": "Illegal Dumping (Enforcement Potential)", "status": "GONE ON ARRIVAL", "date_opened": "2024-06-20T13:50:04.000", "date_closed": null, "address": "722 JACKSON ST", "zipcode": "94607", "councildistrict": "CCD2", "source": "Phone", "tract_id": "403301", "tract_geoid": "06001403301"}}, {"type": "Feature", "geometry": {"type": "Point", "coordinates": [-122.27083160471688, 37.79905868527675]}, "properties": {"case_id": "1421154", "category": "ENVIRON_ENF", "complaint_type": "Illegal Dumping (Enforcement Potential)", "status": "CLOSED", "date_opened": "2024-06-21T12:10:13.000", "date_closed": "2024-09-26T14:58:13.000", "address": "333 8TH ST", "zipcode": "94607", "councildistrict": "CCD2", "source": "SeeClickFix", "tract_id": "403000", "tract_geoid": "06001403000"}}, {"type": "Feature", "geometry": {"type": "Point", "coordinates": [-122.17731305969063, 37.758729093488896]}, "properties": {"case_id": "1421156", "category": "ENVIRON_ENF", "complaint_type": "Illegal Dumping (Enforcement Potential)", "status": "CLOSED", "date_opened": "2024-06-21T12:13:01.000", "date_closed": "2024-06-24T15:28:16.000", "address": "1672 80TH AV", "zipcode": "94621", "councildistrict": "CCD6", "source": "Phone", "tract_id": "408500", "tract_geoid": "06001408500"}}, {"type": "Feature", "geometry": {"type": "Point", "coordinates": [-122.19995280027148, 37.78831076356726]}, "properties": {"case_id": "1421201", "category": "ENVIRON_ENF", "complaint_type": "Illegal Dumping (Enforcement Potential)", "status": "CLOSED", "date_opened": "2024-06-21T13:41:04.000", "date_closed": "2024-06-24T15:37:23.000", "address": "4016 FULLINGTON ST", "zipcode": "94619", "councildistrict": "CCD4", "source": "SeeClickFix", "tract_id": "407000", "tract_geoid": "06001407000"}}, {"type": "Feature", "geometry": {"type": "Point", "coordinates": [-122.16004024590605, 37.75094518183047]}, "properties": {"case_id": "1421568", "category": "ENVIRON_ENF", "complaint_type": "Illegal Dumping (Enforcement Potential)", "status": "CANCEL", "date_opened": "2024-06-23T14:43:15.000", "date_closed": null, "address": "9601 MACARTHUR BLVD", "zipcode": "94603", "councildistrict": "CCD7", "source": "SeeClickFix", "tract_id": "410200", "tract_geoid": "06001410200"}}, {"type": "Feature", "geometry": {"type": "Point", "coordinates": [-122.26946860544479, 37.80487805740534]}, "properties": {"case_id": "1421802", "category": "ENVIRON_ENF", "complaint_type": "Illegal Dumping (Enforcement Potential)", "status": "CLOSED", "date_opened": "2024-06-24T11:30:35.000", "date_closed": "2026-04-10T10:39:48.000", "address": "412 15TH ST", "zipcode": "94612", "councildistrict": "CCD3", "source": "Phone", "tract_id": "402900", "tract_geoid": "06001402900"}}, {"type": "Feature", "geometry": {"type": "Point", "coordinates": [-122.25242502755519, 37.81985528281368]}, "properties": {"case_id": "1421880", "category": "ENVIRON_ENF", "complaint_type": "Illegal Dumping (Enforcement Potential)", "status": "GONE ON ARRIVAL", "date_opened": "2024-06-24T13:40:45.000", "date_closed": null, "address": "OAKLAND AV & MOSS AV", "zipcode": "94610", "councildistrict": "CCD1", "source": "Email", "tract_id": "403900", "tract_geoid": "06001403900"}}, {"type": "Feature", "geometry": {"type": "Point", "coordinates": [-122.21227020677522, 37.765198812579825]}, "properties": {"case_id": "1422011", "category": "ENVIRON_ENF", "complaint_type": "Illegal Dumping (Enforcement Potential)", "status": "CLOSED", "date_opened": "2024-06-24T18:41:17.000", "date_closed": "2024-06-25T12:46:05.000", "address": "E 8TH ST & 51ST AV", "zipcode": "94601", "councildistrict": "CCD5", "source": "Phone", "tract_id": "407300", "tract_geoid": "06001407300"}}, {"type": "Feature", "geometry": {"type": "Point", "coordinates": [-122.22239964392699, 37.768140277893195]}, "properties": {"case_id": "1422262", "category": "ENVIRON_ENF", "complaint_type": "Illegal Dumping (Enforcement Potential)", "status": "CLOSED", "date_opened": "2024-06-25T11:29:02.000", "date_closed": "2025-09-02T08:32:32.000", "address": "4010 ALAMEDA AV", "zipcode": "94601", "councildistrict": "CCD5", "source": "Phone", "tract_id": "406100", "tract_geoid": "06001406100"}}, {"type": "Feature", "geometry": {"type": "Point", "coordinates": [-122.2867938757584, 37.81944667937766]}, "properties": {"case_id": "1422736", "category": "ENVIRON_ENF", "complaint_type": "Illegal Dumping (Enforcement Potential)", "status": "CLOSED", "date_opened": "2024-06-26T14:02:54.000", "date_closed": "2024-06-28T06:49:07.000", "address": "1301 26TH ST", "zipcode": "94607", "councildistrict": "CCD3", "source": "SeeClickFix", "tract_id": "401600", "tract_geoid": "06001401600"}}, {"type": "Feature", "geometry": {"type": "Point", "coordinates": [-122.18899183635423, 37.771524363948394]}, "properties": {"case_id": "1422829", "category": "ENVIRON_ENF", "complaint_type": "Illegal Dumping (Enforcement Potential)", "status": "CLOSED", "date_opened": "2024-06-26T18:04:22.000", "date_closed": "2024-06-27T12:29:49.000", "address": "FOOTHILL BLVD &  60TH AVE", "zipcode": "94605", "councildistrict": "CCD6", "source": "SeeClickFix", "tract_id": "408700", "tract_geoid": "06001408700"}}, {"type": "Feature", "geometry": {"type": "Point", "coordinates": [-122.26391659881341, 37.83375341565882]}, "properties": {"case_id": "1423089", "category": "ENVIRON_ENF", "complaint_type": "Illegal Dumping (Enforcement Potential)", "status": "CLOSED", "date_opened": "2024-06-27T13:40:27.000", "date_closed": "2024-07-08T08:14:54.000", "address": "530 46TH ST", "zipcode": "94609", "councildistrict": "CCD1", "source": "Phone", "tract_id": "401100", "tract_geoid": "06001401100"}}, {"type": "Feature", "geometry": {"type": "Point", "coordinates": [-122.2720717271369, 37.816568797217386]}, "properties": {"case_id": "1423299", "category": "ENVIRON_ENF", "complaint_type": "Illegal Dumping (Enforcement Potential)", "status": "CLOSED", "date_opened": "2024-06-28T09:16:27.000", "date_closed": "2024-07-01T13:37:01.000", "address": "654 26TH ST", "zipcode": "94612", "councildistrict": "CCD3", "source": "SeeClickFix", "tract_id": "401400", "tract_geoid": "06001401400"}}, {"type": "Feature", "geometry": {"type": "Point", "coordinates": [-122.24948825767495, 37.79038680943864]}, "properties": {"case_id": "1423496", "category": "ENVIRON_ENF", "complaint_type": "Illegal Dumping (Enforcement Potential)", "status": "CLOSED", "date_opened": "2024-06-28T16:04:41.000", "date_closed": "2024-07-01T11:28:55.000", "address": "1138 E 12TH ST", "zipcode": "94606", "councildistrict": "CCD2", "source": "Phone", "tract_id": "406000", "tract_geoid": "06001406000"}}, {"type": "Feature", "geometry": {"type": "Point", "coordinates": [-122.18059817433807, 37.76100998096269]}, "properties": {"case_id": "1423529", "category": "ENVIRON_ENF", "complaint_type": "Illegal Dumping (Enforcement Potential)", "status": "CLOSED", "date_opened": "2024-06-28T17:25:22.000", "date_closed": "2024-07-02T09:07:30.000", "address": "7607  WELD ST", "zipcode": "94621", "councildistrict": "CCD6", "source": "SeeClickFix", "tract_id": "408500", "tract_geoid": "06001408500"}}, {"type": "Feature", "geometry": {"type": "Point", "coordinates": [-122.17212056586892, 37.76229373301119]}, "properties": {"case_id": "1423592", "category": "ENVIRON_ENF", "complaint_type": "Illegal Dumping (Enforcement Potential)", "status": "CLOSED", "date_opened": "2024-06-29T08:58:46.000", "date_closed": "2024-07-01T14:16:20.000", "address": "2507 RITCHIE ST", "zipcode": "94605", "councildistrict": "CCD6", "source": "SeeClickFix", "tract_id": "408400", "tract_geoid": "06001408400"}}, {"type": "Feature", "geometry": {"type": "Point", "coordinates": [-122.21366719582281, 37.774090975367635]}, "properties": {"case_id": "1424118", "category": "ENVIRON_ENF", "complaint_type": "Illegal Dumping (Enforcement Potential)", "status": "CLOSED", "date_opened": "2024-07-01T13:26:25.000", "date_closed": "2024-08-22T11:33:55.000", "address": "4239 E 17TH ST", "zipcode": "94601", "councildistrict": "CCD5", "source": "SeeClickFix", "tract_id": "407200", "tract_geoid": "06001407200"}}, {"type": "Feature", "geometry": {"type": "Point", "coordinates": [-122.19980693145294, 37.8220830523141]}, "properties": {"case_id": "1424443", "category": "ENVIRON_ENF", "complaint_type": "Illegal Dumping (Enforcement Potential)", "status": "CLOSED", "date_opened": "2024-07-02T09:35:21.000", "date_closed": "2024-07-08T08:13:46.000", "address": "5722 KESWICK DR", "zipcode": "94611", "councildistrict": "CCD4", "source": "SeeClickFix", "tract_id": "404600", "tract_geoid": "06001404600"}}, {"type": "Feature", "geometry": {"type": "Point", "coordinates": [-122.1864642838328, 37.73556015498885]}, "properties": {"case_id": "1424600", "category": "ENVIRON_ENF", "complaint_type": "Illegal Dumping (Enforcement Potential)", "status": "CLOSED", "date_opened": "2024-07-02T16:04:59.000", "date_closed": "2025-01-30T08:36:41.000", "address": "405 ASHTON AV", "zipcode": "94603", "councildistrict": "CCD7", "source": "Email", "tract_id": "409000", "tract_geoid": "06001409000"}}, {"type": "Feature", "geometry": {"type": "Point", "coordinates": [-122.27562317929086, 37.826693965257014]}, "properties": {"case_id": "1424656", "category": "ENVIRON_ENF", "complaint_type": "Illegal Dumping (Enforcement Potential)", "status": "CLOSED", "date_opened": "2024-07-02T18:17:16.000", "date_closed": "2024-07-10T09:49:32.000", "address": "926 36TH ST", "zipcode": "94608", "councildistrict": "CCD3", "source": "SeeClickFix", "tract_id": "401000", "tract_geoid": "06001401000"}}, {"type": "Feature", "geometry": {"type": "Point", "coordinates": [-122.21552219918168, 37.80288197599044]}, "properties": {"case_id": "1425013", "category": "ENVIRON_ENF", "complaint_type": "Illegal Dumping - debris, appliances, etc.", "status": "CLOSED", "date_opened": "2024-07-03T19:01:00.000", "date_closed": "2024-08-22T11:34:43.000", "address": "3701 FRUITVALE AVE", "zipcode": "94602", "councildistrict": "CCD4", "source": "SeeClickFix", "tract_id": "404800", "tract_geoid": "06001404800"}}, {"type": "Feature", "geometry": {"type": "Point", "coordinates": [-122.16864195778426, 37.77568500868943]}, "properties": {"case_id": "1425216", "category": "ENVIRON_ENF", "complaint_type": "Illegal Dumping (Enforcement Potential)", "status": "CLOSED", "date_opened": "2024-07-05T09:45:42.000", "date_closed": "2024-07-09T07:19:42.000", "address": "3950 ALTAMONT AV", "zipcode": "94605", "councildistrict": "CCD6", "source": "Phone", "tract_id": "408300", "tract_geoid": "06001408300"}}, {"type": "Feature", "geometry": {"type": "Point", "coordinates": [-122.21691041295557, 37.79274326198409]}, "properties": {"case_id": "1425292", "category": "ENVIRON_ENF", "complaint_type": "Illegal Dumping (Enforcement Potential)", "status": "CLOSED", "date_opened": "2024-07-05T12:06:32.000", "date_closed": "2024-07-12T14:46:00.000", "address": "2907 BROOKDALE AV", "zipcode": "94602", "councildistrict": "CCD5", "source": "Phone", "tract_id": "406500", "tract_geoid": "06001406500"}}, {"type": "Feature", "geometry": {"type": "Point", "coordinates": [-122.21884072057465, 37.78259012316098]}, "properties": {"case_id": "1425311", "category": "ENVIRON_ENF", "complaint_type": "Illegal Dumping (Enforcement Potential)", "status": "CLOSED", "date_opened": "2024-07-05T13:16:07.000", "date_closed": "2024-07-12T14:35:39.000", "address": "FOOTHILL BLVD & 35TH AV", "zipcode": "94601", "councildistrict": "CCD5", "source": "SeeClickFix", "tract_id": "406500", "tract_geoid": "06001406500"}}, {"type": "Feature", "geometry": {"type": "Point", "coordinates": [-122.27631854366379, 37.827376818557646]}, "properties": {"case_id": "1425321", "category": "ENVIRON_ENF", "complaint_type": "Illegal Dumping (Enforcement Potential)", "status": "CLOSED", "date_opened": "2024-07-05T13:38:30.000", "date_closed": "2024-07-10T09:53:45.000", "address": "954 37TH ST", "zipcode": "94608", "councildistrict": "CCD3", "source": "Phone", "tract_id": "401000", "tract_geoid": "06001401000"}}, {"type": "Feature", "geometry": {"type": "Point", "coordinates": [-122.15499084329134, 37.745113559373266]}, "properties": {"case_id": "1425348", "category": "ENVIRON_ENF", "complaint_type": "Illegal Dumping (Enforcement Potential)", "status": "CLOSED", "date_opened": "2024-07-05T14:47:57.000", "date_closed": "2025-01-30T08:37:30.000", "address": "10205 MACARTHUR BLVD", "zipcode": "94603", "councildistrict": "CCD7", "source": "Phone", "tract_id": "410100", "tract_geoid": "06001410100"}}, {"type": "Feature", "geometry": {"type": "Point", "coordinates": [-122.25200775918668, 37.790517615372444]}, "properties": {"case_id": "1426029", "category": "ENVIRON_ENF", "complaint_type": "Illegal Dumping (Enforcement Potential)", "status": "CLOSED", "date_opened": "2024-07-08T12:27:00.000", "date_closed": "2024-08-22T11:35:26.000", "address": "1023 10TH AVE", "zipcode": "94606", "councildistrict": "CCD2", "source": "SeeClickFix", "tract_id": "406000", "tract_geoid": "06001406000"}}, {"type": "Feature", "geometry": {"type": "Point", "coordinates": [-122.1588171075576, 37.74980444371611]}, "properties": {"case_id": "1426372", "category": "ENVIRON_ENF", "complaint_type": "Illegal Dumping (Enforcement Potential)", "status": "CLOSED", "date_opened": "2024-07-09T09:23:01.000", "date_closed": "2024-07-19T14:34:39.000", "address": "9801 MACARTHUR BLVD", "zipcode": "94603", "councildistrict": "CCD7", "source": "Phone", "tract_id": "410100", "tract_geoid": "06001410100"}}, {"type": "Feature", "geometry": {"type": "Point", "coordinates": [-122.2392799299557, 37.788010272861015]}, "properties": {"case_id": "1426544", "category": "ENVIRON_ENF", "complaint_type": "Illegal Dumping (Enforcement Potential)", "status": "CLOSED", "date_opened": "2024-07-09T13:22:58.000", "date_closed": "2024-07-15T14:54:39.000", "address": "1917 FOOTHILL BLVD", "zipcode": "94606", "councildistrict": "CCD2", "source": "Phone", "tract_id": "405901", "tract_geoid": "06001405901"}}, {"type": "Feature", "geometry": {"type": "Point", "coordinates": [-122.12182266580686, 37.75848948580107]}, "properties": {"case_id": "1426966", "category": "ENVIRON_ENF", "complaint_type": "Illegal Dumping (Enforcement Potential)", "status": "CLOSED", "date_opened": "2024-07-10T15:24:46.000", "date_closed": "2024-07-19T14:50:35.000", "address": "15705 SKYLINE BLVD", "zipcode": "94605", "councildistrict": null, "source": "SeeClickFix", "tract_id": null, "tract_geoid": null}}, {"type": "Feature", "geometry": {"type": "Point", "coordinates": [-122.1868270719521, 37.74926520165601]}, "properties": {"case_id": "1426993", "category": "ENVIRON_ENF", "complaint_type": "Illegal Dumping (Enforcement Potential)", "status": "CLOSED", "date_opened": "2024-07-10T16:21:19.000", "date_closed": "2025-01-30T08:38:00.000", "address": "8410 AMELIA ST", "zipcode": "94621", "councildistrict": "CCD7", "source": "Phone", "tract_id": "409500", "tract_geoid": "06001409500"}}, {"type": "Feature", "geometry": {"type": "Point", "coordinates": [-122.21267163294407, 37.76932991172537]}, "properties": {"case_id": "1427014", "category": "ENVIRON_ENF", "complaint_type": "Illegal Dumping (Enforcement Potential)", "status": "CLOSED", "date_opened": "2024-07-10T17:10:05.000", "date_closed": "2024-08-22T07:37:24.000", "address": "4701 E 12TH ST", "zipcode": "94601", "councildistrict": "CCD5", "source": "Email", "tract_id": "407300", "tract_geoid": "06001407300"}}, {"type": "Feature", "geometry": {"type": "Point", "coordinates": [-122.23419436488489, 37.777681761791655]}, "properties": {"case_id": "1427251", "category": "ENVIRON_ENF", "complaint_type": "Illegal Dumping (Enforcement Potential)", "status": "CLOSED", "date_opened": "2024-07-11T11:58:24.000", "date_closed": "2024-08-22T11:35:49.000", "address": "2749 E 10TH ST", "zipcode": "94601", "councildistrict": "CCD5", "source": "Phone", "tract_id": "406100", "tract_geoid": "06001406100"}}, {"type": "Feature", "geometry": {"type": "Point", "coordinates": [-122.19686576679872, 37.734075072461685]}, "properties": {"case_id": "1427349", "category": "HE_CLEAN", "complaint_type": "Homeless Encampment - Deep Cleaning Needed", "status": "OPEN", "date_opened": "2024-07-11T14:37:18.000", "date_closed": null, "address": "80 HEGENBERGER LOOP", "zipcode": "94621", "councildistrict": "CCD7", "source": "Email", "tract_id": "409000", "tract_geoid": "06001409000"}}, {"type": "Feature", "geometry": {"type": "Point", "coordinates": [-122.15865824372543, 37.79469822927341]}, "properties": {"case_id": "1427619", "category": "ENVIRON_ENF", "complaint_type": "Illegal Dumping (Enforcement Potential)", "status": "CLOSED", "date_opened": "2024-07-12T12:01:26.000", "date_closed": "2024-08-13T13:50:54.000", "address": "2325 17TH AVE", "zipcode": "94619", "councildistrict": "CCD6", "source": "Phone", "tract_id": "408100", "tract_geoid": "06001408100"}}, {"type": "Feature", "geometry": {"type": "Point", "coordinates": [-122.27562317929086, 37.826693965257014]}, "properties": {"case_id": "1427866", "category": "ENVIRON_ENF", "complaint_type": "Illegal Dumping (Enforcement Potential)", "status": "CLOSED", "date_opened": "2024-07-13T11:21:51.000", "date_closed": "2024-07-16T09:12:04.000", "address": "926 36TH ST", "zipcode": "94608", "councildistrict": "CCD3", "source": "SeeClickFix", "tract_id": "401000", "tract_geoid": "06001401000"}}, {"type": "Feature", "geometry": {"type": "Point", "coordinates": [-122.26812548864596, 37.80951474144058]}, "properties": {"case_id": "1427870", "category": "ENVIRON_ENF", "complaint_type": "Illegal Dumping (Enforcement Potential)", "status": "CLOSED", "date_opened": "2024-07-13T11:41:19.000", "date_closed": "2024-07-16T08:51:12.000", "address": "2023 BROADWAY", "zipcode": "94612", "councildistrict": "CCD3", "source": "SeeClickFix", "tract_id": "402801", "tract_geoid": "06001402801"}}, {"type": "Feature", "geometry": {"type": "Point", "coordinates": [-122.29891534150778, 37.81176171815592]}, "properties": {"case_id": "1427928", "category": "ENVIRON_ENF", "complaint_type": "Illegal Dumping (Enforcement Potential)", "status": "CLOSED", "date_opened": "2024-07-13T15:56:55.000", "date_closed": "2024-07-22T07:32:45.000", "address": "1117 WOOD ST", "zipcode": "94607", "councildistrict": "CCD3", "source": "SeeClickFix", "tract_id": "401800", "tract_geoid": "06001401800"}}, {"type": "Feature", "geometry": {"type": "Point", "coordinates": [-122.17475021296984, 37.739229978626675]}, "properties": {"case_id": "1427984", "category": "ENVIRON_ENF", "complaint_type": "Illegal Dumping (Enforcement Potential)", "status": "CLOSED", "date_opened": "2024-07-14T07:39:34.000", "date_closed": "2025-01-30T08:38:44.000", "address": "1011 101ST AVE", "zipcode": "94603", "councildistrict": "CCD7", "source": "SeeClickFix", "tract_id": "409300", "tract_geoid": "06001409300"}}, {"type": "Feature", "geometry": {"type": "Point", "coordinates": [-122.17298903451376, 37.7620477406981]}, "properties": {"case_id": "1428165", "category": "ENVIRON_ENF", "complaint_type": "Illegal Dumping (Enforcement Potential)", "status": "CLOSED", "date_opened": "2024-07-14T22:56:54.000", "date_closed": "2024-07-19T14:42:37.000", "address": "7867 BANCROFT AVE", "zipcode": "94605", "councildistrict": "CCD6", "source": "SeeClickFix", "tract_id": "408500", "tract_geoid": "06001408500"}}, {"type": "Feature", "geometry": {"type": "Point", "coordinates": [-122.20784629815635, 37.76564136429593]}, "properties": {"case_id": "1428484", "category": "ENVIRON_ENF", "complaint_type": "Illegal Dumping (Enforcement Potential)", "status": "CLOSED", "date_opened": "2024-07-15T16:41:56.000", "date_closed": "2024-08-09T08:09:30.000", "address": "54TH AV & E 12TH ST", "zipcode": "94601", "councildistrict": "CCD5", "source": "Phone", "tract_id": "407300", "tract_geoid": "06001407300"}}, {"type": "Feature", "geometry": {"type": "Point", "coordinates": [-122.22934543625587, 37.78772558863755]}, "properties": {"case_id": "1428645", "category": "ENVIRON_ENF", "complaint_type": "Illegal Dumping (Enforcement Potential)", "status": "CLOSED", "date_opened": "2024-07-16T08:48:37.000", "date_closed": "2024-08-22T14:57:40.000", "address": "2136 24TH AV", "zipcode": "94601", "councildistrict": "CCD5", "source": "Phone", "tract_id": "406201", "tract_geoid": "06001406201"}}, {"type": "Feature", "geometry": {"type": "Point", "coordinates": [-122.2127651738741, 37.836628007087484]}, "properties": {"case_id": "1428681", "category": "ENVIRON_ENF", "complaint_type": "Illegal Dumping (Enforcement Potential)", "status": "CLOSED", "date_opened": "2024-07-16T09:32:45.000", "date_closed": "2024-07-17T15:11:50.000", "address": "71 MERRIEWOOD CIR", "zipcode": "94611", "councildistrict": "CCD4", "source": "SeeClickFix", "tract_id": "404400", "tract_geoid": "06001404400"}}, {"type": "Feature", "geometry": {"type": "Point", "coordinates": [-122.16003550942642, 37.750977825380645]}, "properties": {"case_id": "1428896", "category": "ENVIRON_ENF", "complaint_type": "Illegal Dumping (Enforcement Potential)", "status": "CLOSED", "date_opened": "2024-07-16T15:30:10.000", "date_closed": "2025-01-30T09:44:22.000", "address": "9601 MACARTHUR BLVD", "zipcode": "94603", "councildistrict": "CCD7", "source": "SeeClickFix", "tract_id": "410200", "tract_geoid": "06001410200"}}, {"type": "Feature", "geometry": {"type": "Point", "coordinates": [-122.16298561001622, 37.75169532556077]}, "properties": {"case_id": "1428977", "category": "ENVIRON_ENF", "complaint_type": "Illegal Dumping (Enforcement Potential)", "status": "CLOSED", "date_opened": "2024-07-16T18:43:26.000", "date_closed": "2025-09-11T09:36:40.000", "address": "2300 94TH AV", "zipcode": "94603", "councildistrict": "CCD7", "source": "Phone", "tract_id": "410200", "tract_geoid": "06001410200"}}, {"type": "Feature", "geometry": {"type": "Point", "coordinates": [-122.21348159290407, 37.789791278780505]}, "properties": {"case_id": "1428981", "category": "ENVIRON_ENF", "complaint_type": "Illegal Dumping (Enforcement Potential)", "status": "CLOSED", "date_opened": "2024-07-16T19:00:58.000", "date_closed": "2024-07-23T11:20:02.000", "address": "26 DEERING CT", "zipcode": "94601", "councildistrict": "CCD5", "source": "Email", "tract_id": "406500", "tract_geoid": "06001406500"}}, {"type": "Feature", "geometry": {"type": "Point", "coordinates": [-122.26578534408117, 37.82422851186536]}, "properties": {"case_id": "1429092", "category": "ENVIRON_ENF", "complaint_type": "Illegal Dumping (Enforcement Potential)", "status": "CLOSED", "date_opened": "2024-07-17T09:09:07.000", "date_closed": "2024-07-26T14:04:50.000", "address": "3532 TELEGRAPH AV", "zipcode": "94609", "councildistrict": "CCD3", "source": "Phone", "tract_id": "401100", "tract_geoid": "06001401100"}}, {"type": "Feature", "geometry": {"type": "Point", "coordinates": [-122.1994738782855, 37.76517821100236]}, "properties": {"case_id": "1429137", "category": "ENVIRON_ENF", "complaint_type": "Illegal Dumping (Enforcement Potential)", "status": "CLOSED", "date_opened": "2024-07-17T10:16:27.000", "date_closed": "2024-07-23T10:59:41.000", "address": "1409 SEMINARY AV", "zipcode": "94621", "councildistrict": "CCD6", "source": "Phone", "tract_id": "407500", "tract_geoid": "06001407500"}}, {"type": "Feature", "geometry": {"type": "Point", "coordinates": [-122.18290183701482, 37.734351572532894]}, "properties": {"case_id": "1429446", "category": "ENVIRON_ENF", "complaint_type": "Illegal Dumping (Enforcement Potential)", "status": "CLOSED", "date_opened": "2024-07-18T09:04:46.000", "date_closed": "2025-01-30T09:43:53.000", "address": "447 HUNTER AV", "zipcode": "94603", "councildistrict": "CCD7", "source": "Phone", "tract_id": "409100", "tract_geoid": "06001409100"}}, {"type": "Feature", "geometry": {"type": "Point", "coordinates": [-122.2678799501611, 37.797682921892616]}, "properties": {"case_id": "1430279", "category": "ENVIRON_ENF", "complaint_type": "Illegal Dumping (Enforcement Potential)", "status": "CLOSED", "date_opened": "2024-07-19T19:03:25.000", "date_closed": "2024-07-23T11:18:23.000", "address": "722 JACKSON ST", "zipcode": "94607", "councildistrict": "CCD2", "source": "SeeClickFix", "tract_id": "403301", "tract_geoid": "06001403301"}}, {"type": "Feature", "geometry": {"type": "Point", "coordinates": [-122.28728921134982, 37.82358997081534]}, "properties": {"case_id": "1430312", "category": "ENVIRON_ENF", "complaint_type": "Illegal Dumping (Enforcement Potential)", "status": "CLOSED", "date_opened": "2024-07-20T08:06:59.000", "date_closed": "2024-07-23T11:15:16.000", "address": "1562 32ND ST", "zipcode": "94608", "councildistrict": "CCD3", "source": "SeeClickFix", "tract_id": "401700", "tract_geoid": "06001401700"}}, {"type": "Feature", "geometry": {"type": "Point", "coordinates": [-122.1809256576579, 37.77763321609044]}, "properties": {"case_id": "1430578", "category": "ENVIRON_ENF", "complaint_type": "Illegal Dumping (Enforcement Potential)", "status": "CLOSED", "date_opened": "2024-07-21T16:39:28.000", "date_closed": "2024-07-23T10:44:23.000", "address": "5938 LAIRD AVE", "zipcode": "94605", "councildistrict": "CCD6", "source": "SeeClickFix", "tract_id": "408200", "tract_geoid": "06001408200"}}, {"type": "Feature", "geometry": {"type": "Point", "coordinates": [-122.18926616418297, 37.76393597106042]}, "properties": {"case_id": "1430616", "category": "ENVIRON_ENF", "complaint_type": "Illegal Dumping (Enforcement Potential)", "status": "CLOSED", "date_opened": "2024-07-21T19:48:11.000", "date_closed": "2024-07-25T14:15:06.000", "address": "1645 67TH AV", "zipcode": "94621", "councildistrict": "CCD6", "source": "SeeClickFix", "tract_id": "408600", "tract_geoid": "06001408600"}}, {"type": "Feature", "geometry": {"type": "Point", "coordinates": [-122.17046317520435, 37.755243963262494]}, "properties": {"case_id": "1430811", "category": "ENVIRON_ENF", "complaint_type": "Illegal Dumping (Enforcement Potential)", "status": "CANCEL", "date_opened": "2024-07-22T11:12:00.000", "date_closed": null, "address": "1945 AUSEON AVE", "zipcode": "94621", "councildistrict": "CCD7", "source": "SeeClickFix", "tract_id": "409600", "tract_geoid": "06001409600"}}, {"type": "Feature", "geometry": {"type": "Point", "coordinates": [-122.15201682106948, 37.76634501596159]}, "properties": {"case_id": "1431041", "category": "ENVIRON_ENF", "complaint_type": "Illegal Dumping (Enforcement Potential)", "status": "CLOSED", "date_opened": "2024-07-22T17:58:40.000", "date_closed": "2025-03-03T09:57:44.000", "address": "MOUNTAIN BLVD & FONTAINE OVERCROSSING", "zipcode": "94605", "councildistrict": "CCD7", "source": "SeeClickFix", "tract_id": "409900", "tract_geoid": "06001409900"}}, {"type": "Feature", "geometry": {"type": "Point", "coordinates": [-122.21436219190265, 37.79359173888063]}, "properties": {"case_id": "1431614", "category": "ENVIRON_ENF", "complaint_type": "Illegal Dumping (Enforcement Potential)", "status": "CLOSED", "date_opened": "2024-07-24T07:51:43.000", "date_closed": "2024-08-22T15:02:26.000", "address": "3134 CUTHBERT AVE", "zipcode": "94602", "councildistrict": "CCD5", "source": "SeeClickFix", "tract_id": "406602", "tract_geoid": "06001406602"}}, {"type": "Feature", "geometry": {"type": "Point", "coordinates": [-122.17147489239882, 37.749572583632016]}, "properties": {"case_id": "1431617", "category": "ENVIRON_ENF", "complaint_type": "Illegal Dumping (Enforcement Potential)", "status": "CLOSED", "date_opened": "2024-07-24T08:11:03.000", "date_closed": "2024-07-25T14:11:24.000", "address": "9219 WALNUT ST", "zipcode": "94603", "councildistrict": "CCD7", "source": "Email", "tract_id": "409600", "tract_geoid": "06001409600"}}, {"type": "Feature", "geometry": {"type": "Point", "coordinates": [-122.16763535598778, 37.76024582504224]}, "properties": {"case_id": "1432203", "category": "ENVIRON_ENF", "complaint_type": "Illegal Dumping (Enforcement Potential)", "status": "CLOSED", "date_opened": "2024-07-25T13:45:51.000", "date_closed": "2024-07-29T12:08:33.000", "address": "2350 83RD AV", "zipcode": "94605", "councildistrict": "CCD7", "source": "Phone", "tract_id": "409700", "tract_geoid": "06001409700"}}, {"type": "Feature", "geometry": {"type": "Point", "coordinates": [-122.2747427256433, 37.796996166454804]}, "properties": {"case_id": "1432278", "category": "ENVIRON_ENF", "complaint_type": "Illegal Dumping (Enforcement Potential)", "status": "CLOSED", "date_opened": "2024-07-25T17:11:01.000", "date_closed": "2024-09-20T15:35:41.000", "address": "415 4TH ST", "zipcode": "94607", "councildistrict": "CCD2", "source": "SeeClickFix", "tract_id": "983200", "tract_geoid": "06001983200"}}, {"type": "Feature", "geometry": {"type": "Point", "coordinates": [-122.21225268880433, 37.76522389814758]}, "properties": {"case_id": "1432404", "category": "ENVIRON_ENF", "complaint_type": "Illegal Dumping (Enforcement Potential)", "status": "CLOSED", "date_opened": "2024-07-26T08:59:23.000", "date_closed": "2024-07-30T07:56:23.000", "address": "801 51ST AV", "zipcode": "94601", "councildistrict": "CCD5", "source": "Phone", "tract_id": "407300", "tract_geoid": "06001407300"}}, {"type": "Feature", "geometry": {"type": "Point", "coordinates": [-122.27257947351183, 37.82399024027372]}, "properties": {"case_id": "1432477", "category": "ENVIRON_ENF", "complaint_type": "Illegal Dumping (Enforcement Potential)", "status": "CLOSED", "date_opened": "2024-07-26T10:58:48.000", "date_closed": "2024-07-29T14:09:09.000", "address": "34TH ST & WEST ST", "zipcode": "94608", "councildistrict": "CCD3", "source": "Phone", "tract_id": "401400", "tract_geoid": "06001401400"}}, {"type": "Feature", "geometry": {"type": "Point", "coordinates": [-122.2530491732786, 37.813613940201584]}, "properties": {"case_id": "1432865", "category": "ENVIRON_ENF", "complaint_type": "Illegal Dumping (Enforcement Potential)", "status": "WOCREATE", "date_opened": "2024-07-28T01:27:02.000", "date_closed": null, "address": "305 EUCLID AVE", "zipcode": "94610", "councildistrict": "CCD1", "source": "SeeClickFix", "tract_id": "403600", "tract_geoid": "06001403600"}}, {"type": "Feature", "geometry": {"type": "Point", "coordinates": [-122.18722583637862, 37.75580403557134]}, "properties": {"case_id": "1433395", "category": "ENVIRON_ENF", "complaint_type": "Illegal Dumping (Enforcement Potential)", "status": "CLOSED", "date_opened": "2024-07-29T18:56:43.000", "date_closed": "2025-02-04T14:36:35.000", "address": "1180 77TH AVE", "zipcode": "94621", "councildistrict": "CCD7", "source": "SeeClickFix", "tract_id": "408900", "tract_geoid": "06001408900"}}, {"type": "Feature", "geometry": {"type": "Point", "coordinates": [-122.21068778937492, 37.78328198265724]}, "properties": {"case_id": "1434119", "category": "ENVIRON_ENF", "complaint_type": "Sewers - Bad Odor", "status": "CLOSED", "date_opened": "2024-07-31T15:14:55.000", "date_closed": "2024-12-16T12:26:21.000", "address": "2300 38TH AV", "zipcode": "94601", "councildistrict": "CCD5", "source": "Phone", "tract_id": "407101", "tract_geoid": "06001407101"}}, {"type": "Feature", "geometry": {"type": "Point", "coordinates": [-122.29078217288946, 37.81826299753053]}, "properties": {"case_id": "1434199", "category": "ENVIRON_ENF", "complaint_type": "Illegal Dumping (Enforcement Potential)", "status": "CLOSED", "date_opened": "2024-07-31T18:11:58.000", "date_closed": "2024-08-08T07:21:09.000", "address": "CAMPBELL ST & 24TH ST", "zipcode": "94607", "councildistrict": "CCD3", "source": "SeeClickFix", "tract_id": "401700", "tract_geoid": "06001401700"}}, {"type": "Feature", "geometry": {"type": "Point", "coordinates": [-122.25304921039879, 37.813613960513266]}, "properties": {"case_id": "1434267", "category": "ENVIRON_ENF", "complaint_type": "Illegal Dumping (Enforcement Potential)", "status": "CANCEL", "date_opened": "2024-08-01T06:30:15.000", "date_closed": null, "address": "305 EUCLID AVE", "zipcode": "94610", "councildistrict": "CCD1", "source": "SeeClickFix", "tract_id": "403600", "tract_geoid": "06001403600"}}, {"type": "Feature", "geometry": {"type": "Point", "coordinates": [-122.17251681525609, 37.74254373382857]}, "properties": {"case_id": "1434641", "category": "ENVIRON_ENF", "complaint_type": "Illegal Dumping (Enforcement Potential)", "status": "CLOSED", "date_opened": "2024-08-01T18:02:54.000", "date_closed": "2025-02-04T14:36:20.000", "address": "9853 A ST", "zipcode": "94603", "councildistrict": "CCD7", "source": "Phone", "tract_id": "409300", "tract_geoid": "06001409300"}}, {"type": "Feature", "geometry": {"type": "Point", "coordinates": [-122.20809271323073, 37.79649790128612]}, "properties": {"case_id": "1435350", "category": "ENVIRON_ENF", "complaint_type": "Illegal Dumping (Enforcement Potential)", "status": "CLOSED", "date_opened": "2024-08-03T23:06:35.000", "date_closed": "2024-08-09T15:00:06.000", "address": "3422 CURRAN WY", "zipcode": "94602", "councildistrict": "CCD4", "source": "SeeClickFix", "tract_id": "406601", "tract_geoid": "06001406601"}}, {"type": "Feature", "geometry": {"type": "Point", "coordinates": [-122.24290210953704, 37.78822306234832]}, "properties": {"case_id": "1435504", "category": "ENVIRON_ENF", "complaint_type": "Illegal Dumping (Enforcement Potential)", "status": "CLOSED", "date_opened": "2024-08-04T18:12:23.000", "date_closed": "2024-08-20T07:52:55.000", "address": "MARIN WAY AND 17TH AVE", "zipcode": "94606", "councildistrict": "CCD2", "source": "SeeClickFix", "tract_id": "405902", "tract_geoid": "06001405902"}}, {"type": "Feature", "geometry": {"type": "Point", "coordinates": [-122.19116338199024, 37.770221879832036]}, "properties": {"case_id": "1435524", "category": "ENVIRON_ENF", "complaint_type": "Illegal Dumping (Enforcement Potential)", "status": "CLOSED", "date_opened": "2024-08-04T19:48:25.000", "date_closed": "2024-08-06T12:51:17.000", "address": "2475 60TH AVE", "zipcode": "94605", "councildistrict": "CCD6", "source": "SeeClickFix", "tract_id": "408700", "tract_geoid": "06001408700"}}, {"type": "Feature", "geometry": {"type": "Point", "coordinates": [-122.25760259529534, 37.82206221516323]}, "properties": {"case_id": "1435641", "category": "ENVIRON_ENF", "complaint_type": "Illegal Dumping (Enforcement Potential)", "status": "CLOSED", "date_opened": "2024-08-05T09:00:50.000", "date_closed": "2024-08-07T14:01:18.000", "address": "15 WESTALL AVE", "zipcode": "94611", "councildistrict": "CCD1", "source": "SeeClickFix", "tract_id": "403501", "tract_geoid": "06001403501"}}, {"type": "Feature", "geometry": {"type": "Point", "coordinates": [-122.21723824428273, 37.797652908865]}, "properties": {"case_id": "1436024", "category": "ENVIRON_ENF", "complaint_type": "Illegal Dumping (Enforcement Potential)", "status": "CLOSED", "date_opened": "2024-08-05T15:44:14.000", "date_closed": "2024-08-13T07:44:25.000", "address": "3248 PRENTISS ST", "zipcode": "94602", "councildistrict": "CCD5", "source": "Phone", "tract_id": "406400", "tract_geoid": "06001406400"}}, {"type": "Feature", "geometry": {"type": "Point", "coordinates": [-122.24024895377576, 37.80588334383538]}, "properties": {"case_id": "1436073", "category": "ENVIRON_ENF", "complaint_type": "Illegal Dumping (Enforcement Potential)", "status": "CLOSED", "date_opened": "2024-08-05T16:38:19.000", "date_closed": "2024-08-13T07:39:47.000", "address": "698 SPRUCE ST", "zipcode": "94610", "councildistrict": "CCD2", "source": "Phone", "tract_id": "405200", "tract_geoid": "06001405200"}}, {"type": "Feature", "geometry": {"type": "Point", "coordinates": [-122.15263267668129, 37.75114987777376]}, "properties": {"case_id": "1436075", "category": "ENVIRON_ENF", "complaint_type": "Illegal Dumping (Enforcement Potential)", "status": "CLOSED", "date_opened": "2024-08-05T16:47:08.000", "date_closed": "2025-01-30T09:43:27.000", "address": "9831 STANLEY AVE", "zipcode": "94605", "councildistrict": "CCD7", "source": "SeeClickFix", "tract_id": "410100", "tract_geoid": "06001410100"}}, {"type": "Feature", "geometry": {"type": "Point", "coordinates": [-122.24342502145204, 37.78901322457584]}, "properties": {"case_id": "1436112", "category": "ENVIRON_ENF", "complaint_type": "Illegal Dumping (Enforcement Potential)", "status": "CLOSED", "date_opened": "2024-08-05T18:46:24.000", "date_closed": "2024-08-13T14:59:06.000", "address": "1601 E 15TH ST", "zipcode": "94606", "councildistrict": "CCD2", "source": "SeeClickFix", "tract_id": "405902", "tract_geoid": "06001405902"}}, {"type": "Feature", "geometry": {"type": "Point", "coordinates": [-122.23219617754191, 37.80272326326252]}, "properties": {"case_id": "1436231", "category": "ENVIRON_ENF", "complaint_type": "Illegal Dumping (Enforcement Potential)", "status": "CLOSED", "date_opened": "2024-08-06T09:10:42.000", "date_closed": "2025-02-04T14:35:32.000", "address": "1247 MACARTHUR BLVD", "zipcode": "94610", "councildistrict": "CCD2", "source": "Phone", "tract_id": "405600", "tract_geoid": "06001405600"}}, {"type": "Feature", "geometry": {"type": "Point", "coordinates": [-122.29202773194415, 37.809896378855115]}, "properties": {"case_id": "1436414", "category": "ENVIRON_ENF", "complaint_type": "Illegal Dumping (Enforcement Potential)", "status": "CLOSED", "date_opened": "2024-08-06T12:45:00.000", "date_closed": "2024-08-07T14:29:44.000", "address": "13TH ST & MANDELA PKWY", "zipcode": "94607", "councildistrict": "CCD3", "source": "Phone", "tract_id": null, "tract_geoid": null}}, {"type": "Feature", "geometry": {"type": "Point", "coordinates": [-122.25426792091167, 37.80056491659075]}, "properties": {"case_id": "1436474", "category": "ENVIRON_ENF", "complaint_type": "Illegal Dumping (Enforcement Potential)", "status": "CLOSED", "date_opened": "2024-08-06T14:04:49.000", "date_closed": "2024-08-13T07:35:06.000", "address": "E 18TH ST & LAKESHORE AVE", "zipcode": "94606", "councildistrict": "CCD2", "source": "SeeClickFix", "tract_id": "405301", "tract_geoid": "06001405301"}}, {"type": "Feature", "geometry": {"type": "Point", "coordinates": [-122.27707327839815, 37.81389542343093]}, "properties": {"case_id": "1436555", "category": "ENVIRON_ENF", "complaint_type": "Illegal Dumping (Enforcement Potential)", "status": "CLOSED", "date_opened": "2024-08-06T15:58:17.000", "date_closed": "2024-08-08T13:08:03.000", "address": "850 W GRAND AV", "zipcode": "94607", "councildistrict": "CCD3", "source": "Phone", "tract_id": "402700", "tract_geoid": "06001402700"}}, {"type": "Feature", "geometry": {"type": "Point", "coordinates": [-122.17000819100215, 37.754973974630055]}, "properties": {"case_id": "1436562", "category": "ENVIRON_ENF", "complaint_type": "Illegal Dumping (Enforcement Potential)", "status": "CLOSED", "date_opened": "2024-08-06T16:10:07.000", "date_closed": "2024-08-12T07:49:22.000", "address": "1950 AUSEON AVE", "zipcode": "94621", "councildistrict": "CCD7", "source": "SeeClickFix", "tract_id": "409600", "tract_geoid": "06001409600"}}, {"type": "Feature", "geometry": {"type": "Point", "coordinates": [-122.2514241384699, 37.79209757150164]}, "properties": {"case_id": "1436585", "category": "ENVIRON_ENF", "complaint_type": "Illegal Dumping (Enforcement Potential)", "status": "CLOSED", "date_opened": "2024-08-06T16:44:32.000", "date_closed": "2024-08-13T13:43:12.000", "address": "904 E 12TH ST", "zipcode": "94606", "councildistrict": "CCD2", "source": "Phone", "tract_id": "406000", "tract_geoid": "06001406000"}}, {"type": "Feature", "geometry": {"type": "Point", "coordinates": [-122.17659385723255, 37.766023827996364]}, "properties": {"case_id": "1436598", "category": "ENVIRON_ENF", "complaint_type": "Illegal Dumping (Enforcement Potential)", "status": "CLOSED", "date_opened": "2024-08-06T17:28:31.000", "date_closed": "2024-08-09T14:57:42.000", "address": "73RD AVE & BANCROFT AVE", "zipcode": "94605", "councildistrict": "CCD6", "source": "SeeClickFix", "tract_id": "408400", "tract_geoid": "06001408400"}}, {"type": "Feature", "geometry": {"type": "Point", "coordinates": [-122.25672388613833, 37.79386926283172]}, "properties": {"case_id": "1436680", "category": "ENVIRON_ENF", "complaint_type": "Illegal Dumping (Enforcement Potential)", "status": "CLOSED", "date_opened": "2024-08-07T07:28:14.000", "date_closed": "2024-08-20T08:06:09.000", "address": "1005 5TH AVE", "zipcode": "94606", "councildistrict": "CCD2", "source": "SeeClickFix", "tract_id": "406000", "tract_geoid": "06001406000"}}, {"type": "Feature", "geometry": {"type": "Point", "coordinates": [-122.18163903162812, 37.76361265948799]}, "properties": {"case_id": "1436692", "category": "ENVIRON_ENF", "complaint_type": "Illegal Dumping (Enforcement Potential)", "status": "CLOSED", "date_opened": "2024-08-07T08:17:43.000", "date_closed": "2025-02-04T14:35:16.000", "address": "7207 LOCKWOOD ST", "zipcode": "94621", "councildistrict": "CCD6", "source": "Phone", "tract_id": "408600", "tract_geoid": "06001408600"}}, {"type": "Feature", "geometry": {"type": "Point", "coordinates": [-122.28740088919449, 37.82522790708704]}, "properties": {"case_id": "1436868", "category": "ENVIRON_ENF", "complaint_type": "Illegal Dumping (Enforcement Potential)", "status": "CLOSED", "date_opened": "2024-08-07T12:50:26.000", "date_closed": "2024-08-08T12:57:32.000", "address": "34TH ST & HANNAH ST", "zipcode": "94608", "councildistrict": "CCD3", "source": "Phone", "tract_id": "401700", "tract_geoid": "06001401700"}}, {"type": "Feature", "geometry": {"type": "Point", "coordinates": [-122.20751800936124, 37.78575527035883]}, "properties": {"case_id": "1437143", "category": "ENVIRON_ENF", "complaint_type": "Illegal Dumping (Enforcement Potential)", "status": "CLOSED", "date_opened": "2024-08-08T07:31:49.000", "date_closed": "2024-08-19T14:50:05.000", "address": "3768 BROOKDALE AVE", "zipcode": "94619", "councildistrict": "CCD4", "source": "SeeClickFix", "tract_id": "407000", "tract_geoid": "06001407000"}}, {"type": "Feature", "geometry": {"type": "Point", "coordinates": [-122.28642128223045, 37.80883501555863]}, "properties": {"case_id": "1437204", "category": "ENVIRON_ENF", "complaint_type": "Illegal Dumping (Enforcement Potential)", "status": "CLOSED", "date_opened": "2024-08-08T09:28:39.000", "date_closed": "2024-08-14T08:02:12.000", "address": "1301 ADELINE ST", "zipcode": "94607", "councildistrict": "CCD3", "source": "Email", "tract_id": "402500", "tract_geoid": "06001402500"}}, {"type": "Feature", "geometry": {"type": "Point", "coordinates": [-122.27770648569552, 37.814326525643345]}, "properties": {"case_id": "1437238", "category": "ENVIRON_ENF", "complaint_type": "Illegal Dumping (Enforcement Potential)", "status": "CLOSED", "date_opened": "2024-08-08T10:16:22.000", "date_closed": "2024-08-08T13:17:43.000", "address": "886 ISABELLA ST", "zipcode": "94607", "councildistrict": "CCD3", "source": "Phone", "tract_id": "401600", "tract_geoid": "06001401600"}}, {"type": "Feature", "geometry": {"type": "Point", "coordinates": [-122.18732318815793, 37.73503052530482]}, "properties": {"case_id": "1437309", "category": "ENVIRON_ENF", "complaint_type": "Illegal Dumping (Enforcement Potential)", "status": "CLOSED", "date_opened": "2024-08-08T12:10:00.000", "date_closed": "2025-02-04T14:34:58.000", "address": "448 ROSSMOOR AV", "zipcode": "94603", "councildistrict": "CCD7", "source": "Phone", "tract_id": "409000", "tract_geoid": "06001409000"}}, {"type": "Feature", "geometry": {"type": "Point", "coordinates": [-122.24360221576691, 37.81606720143568]}, "properties": {"case_id": "1437453", "category": "ENVIRON_ENF", "complaint_type": "Illegal Dumping (Enforcement Potential)", "status": "CLOSED", "date_opened": "2024-08-08T17:01:57.000", "date_closed": "2025-02-04T14:34:42.000", "address": "488 WELDON AV", "zipcode": "94610", "councildistrict": "CCD2", "source": "SeeClickFix", "tract_id": "403800", "tract_geoid": "06001403800"}}, {"type": "Feature", "geometry": {"type": "Point", "coordinates": [-122.273068404418, 37.82761620204115]}, "properties": {"case_id": "1437933", "category": "ENVIRON_ENF", "complaint_type": "Illegal Dumping (Enforcement Potential)", "status": "CLOSED", "date_opened": "2024-08-10T10:19:23.000", "date_closed": "2024-08-14T08:43:06.000", "address": "845 W MACARTHUR BLVD", "zipcode": "94608", "councildistrict": "CCD3", "source": "SeeClickFix", "tract_id": "401000", "tract_geoid": "06001401000"}}, {"type": "Feature", "geometry": {"type": "Point", "coordinates": [-122.22883343482286, 37.8524784496477]}, "properties": {"case_id": "1438874", "category": "ENVIRON_ENF", "complaint_type": "Illegal Dumping (Enforcement Potential)", "status": "CLOSED", "date_opened": "2024-08-13T14:36:19.000", "date_closed": "2024-08-14T15:43:57.000", "address": "8 HAWKS HILL CT", "zipcode": "94618", "councildistrict": "CCD4", "source": "Phone", "tract_id": "400100", "tract_geoid": "06001400100"}}, {"type": "Feature", "geometry": {"type": "Point", "coordinates": [-122.27846769461956, 37.8046086783062]}, "properties": {"case_id": "1438895", "category": "ENVIRON_ENF", "complaint_type": "Illegal Dumping (Enforcement Potential)", "status": "CLOSED", "date_opened": "2024-08-13T15:14:36.000", "date_closed": "2024-08-15T14:15:31.000", "address": "CASTRO ST & 11TH ST", "zipcode": "94607", "councildistrict": "CCD3", "source": "Email", "tract_id": "402600", "tract_geoid": "06001402600"}}, {"type": "Feature", "geometry": {"type": "Point", "coordinates": [-122.27594361927088, 37.80864813989121]}, "properties": {"case_id": "1438923", "category": "ENVIRON_ENF", "complaint_type": "Illegal Dumping (Enforcement Potential)", "status": "CLOSED", "date_opened": "2024-08-13T16:13:59.000", "date_closed": "2024-08-15T14:24:38.000", "address": "17TH ST & CASTRO ST", "zipcode": "94612", "councildistrict": "CCD3", "source": "Email", "tract_id": "402700", "tract_geoid": "06001402700"}}, {"type": "Feature", "geometry": {"type": "Point", "coordinates": [-122.17328031274701, 37.73458954943245]}, "properties": {"case_id": "1439075", "category": "ENVIRON_ENF", "complaint_type": "Illegal Dumping (Enforcement Potential)", "status": "CLOSED", "date_opened": "2024-08-14T08:45:03.000", "date_closed": "2025-01-30T09:43:01.000", "address": "905 107TH AV", "zipcode": "94603", "councildistrict": "CCD7", "source": "Phone", "tract_id": "409300", "tract_geoid": "06001409300"}}, {"type": "Feature", "geometry": {"type": "Point", "coordinates": [-122.1681525924636, 37.76210225185526]}, "properties": {"case_id": "1439155", "category": "ENVIRON_ENF", "complaint_type": "Illegal Dumping (Enforcement Potential)", "status": "CLOSED", "date_opened": "2024-08-14T10:50:46.000", "date_closed": "2024-08-22T08:36:02.000", "address": "8101 HILLSIDE ST", "zipcode": "94605", "councildistrict": "CCD6", "source": "Phone", "tract_id": "408400", "tract_geoid": "06001408400"}}, {"type": "Feature", "geometry": {"type": "Point", "coordinates": [-122.17660571641633, 37.73454227717169]}, "properties": {"case_id": "1439297", "category": "ENVIRON_ENF", "complaint_type": "Illegal Dumping (Enforcement Potential)", "status": "CLOSED", "date_opened": "2024-08-14T14:37:44.000", "date_closed": "2025-01-17T11:17:19.000", "address": "105TH AV & PEARMAIN ST", "zipcode": "94603", "councildistrict": "CCD7", "source": "Phone", "tract_id": "409300", "tract_geoid": "06001409300"}}, {"type": "Feature", "geometry": {"type": "Point", "coordinates": [-122.17669281772925, 37.73486785176087]}, "properties": {"case_id": "1439311", "category": "ENVIRON_ENF", "complaint_type": "Illegal Dumping (Enforcement Potential)", "status": "CLOSED", "date_opened": "2024-08-14T14:55:36.000", "date_closed": "2024-08-22T07:18:16.000", "address": "801 105TH AVE", "zipcode": "94603", "councildistrict": "CCD7", "source": "SeeClickFix", "tract_id": "409300", "tract_geoid": "06001409300"}}, {"type": "Feature", "geometry": {"type": "Point", "coordinates": [-122.22254601674082, 37.77672436460901]}, "properties": {"case_id": "1439582", "category": "ENVIRON_ENF", "complaint_type": "Illegal Dumping (Enforcement Potential)", "status": "CLOSED", "date_opened": "2024-08-15T11:26:10.000", "date_closed": "2024-08-19T15:07:52.000", "address": "1428 35TH AV", "zipcode": "94601", "councildistrict": "CCD5", "source": "Phone", "tract_id": "407200", "tract_geoid": "06001407200"}}, {"type": "Feature", "geometry": {"type": "Point", "coordinates": [-122.18143619483159, 37.73225040108946]}, "properties": {"case_id": "1439662", "category": "ENVIRON_ENF", "complaint_type": "Illegal Dumping (Enforcement Potential)", "status": "CLOSED", "date_opened": "2024-08-15T13:28:34.000", "date_closed": "2024-11-04T10:01:04.000", "address": "500 DOUGLAS AV", "zipcode": "94603", "councildistrict": "CCD7", "source": "Phone", "tract_id": "409100", "tract_geoid": "06001409100"}}, {"type": "Feature", "geometry": {"type": "Point", "coordinates": [-122.2326922464182, 37.78933785794431]}, "properties": {"case_id": "1439764", "category": "ENVIRON_ENF", "complaint_type": "Illegal Dumping (Enforcement Potential)", "status": "CLOSED", "date_opened": "2024-08-15T16:10:14.000", "date_closed": "2024-08-19T07:36:55.000", "address": "2228 E 21ST ST", "zipcode": "94606", "councildistrict": "CCD2", "source": "Phone", "tract_id": "405901", "tract_geoid": "06001405901"}}, {"type": "Feature", "geometry": {"type": "Point", "coordinates": [-122.30122619493068, 37.80769797778703]}, "properties": {"case_id": "1440404", "category": "ENVIRON_ENF", "complaint_type": "Illegal Dumping (Enforcement Potential)", "status": "CLOSED", "date_opened": "2024-08-17T20:45:55.000", "date_closed": "2024-08-22T07:42:16.000", "address": "1723 8TH ST", "zipcode": "94607", "councildistrict": "CCD3", "source": "SeeClickFix", "tract_id": "401800", "tract_geoid": "06001401800"}}, {"type": "Feature", "geometry": {"type": "Point", "coordinates": [-122.18864152562314, 37.77853591030475]}, "properties": {"case_id": "1440499", "category": "ENVIRON_ENF", "complaint_type": "Illegal Dumping (Enforcement Potential)", "status": "CLOSED", "date_opened": "2024-08-18T12:34:36.000", "date_closed": "2024-08-20T11:20:09.000", "address": "3226 MILLSVIEW AVE", "zipcode": "94619", "councildistrict": "CCD6", "source": "SeeClickFix", "tract_id": "407800", "tract_geoid": "06001407800"}}, {"type": "Feature", "geometry": {"type": "Point", "coordinates": [-122.2721730951042, 37.797894675530614]}, "properties": {"case_id": "1440535", "category": "HE_CLEAN", "complaint_type": "Homeless Encampment - Closure Needed", "status": "OPEN", "date_opened": "2024-08-18T16:04:25.000", "date_closed": null, "address": "6th St & Webster Street", "zipcode": "94607", "councildistrict": "CCD2", "source": "Phone", "tract_id": "403000", "tract_geoid": "06001403000"}}, {"type": "Feature", "geometry": {"type": "Point", "coordinates": [-122.29949969557502, 37.811508336558994]}, "properties": {"case_id": "1440631", "category": "ENVIRON_ENF", "complaint_type": "Illegal Dumping (Enforcement Potential)", "status": "CLOSED", "date_opened": "2024-08-19T08:23:56.000", "date_closed": "2024-08-21T13:50:52.000", "address": "1117 WOOD ST", "zipcode": "94607", "councildistrict": "CCD3", "source": "SeeClickFix", "tract_id": "401700", "tract_geoid": "06001401700"}}, {"type": "Feature", "geometry": {"type": "Point", "coordinates": [-122.16113281388269, 37.74545805640479]}, "properties": {"case_id": "1440793", "category": "ENVIRON_ENF", "complaint_type": "Illegal Dumping (Enforcement Potential)", "status": "CLOSED", "date_opened": "2024-08-19T11:54:14.000", "date_closed": "2025-01-30T09:42:37.000", "address": "9940 SUNNYSIDE ST", "zipcode": "94603", "councildistrict": "CCD7", "source": "Phone", "tract_id": "410300", "tract_geoid": "06001410300"}}, {"type": "Feature", "geometry": {"type": "Point", "coordinates": [-122.1888942996639, 37.77053864833527]}, "properties": {"case_id": "1440804", "category": "ENVIRON_ENF", "complaint_type": "Illegal Dumping (Enforcement Potential)", "status": "CLOSED", "date_opened": "2024-08-19T12:22:19.000", "date_closed": "2024-08-21T19:11:15.000", "address": "BANCROFT AV & 61ST AV", "zipcode": "94605", "councildistrict": "CCD6", "source": "Phone", "tract_id": "408700", "tract_geoid": "06001408700"}}, {"type": "Feature", "geometry": {"type": "Point", "coordinates": [-122.24760628055544, 37.7962324845213]}, "properties": {"case_id": "1441745", "category": "ENVIRON_ENF", "complaint_type": "Illegal Dumping (Enforcement Potential)", "status": "CLOSED", "date_opened": "2024-08-21T15:29:40.000", "date_closed": "2024-08-22T15:03:29.000", "address": "1805 8TH AV", "zipcode": "94606", "councildistrict": "CCD2", "source": "Phone", "tract_id": "405401", "tract_geoid": "06001405401"}}, {"type": "Feature", "geometry": {"type": "Point", "coordinates": [-122.27739410880754, 37.81241917570902]}, "properties": {"case_id": "1442233", "category": "ENVIRON_ENF", "complaint_type": "Illegal Dumping (Enforcement Potential)", "status": "CLOSED", "date_opened": "2024-08-22T18:21:00.000", "date_closed": "2024-08-27T07:43:03.000", "address": "823 21ST ST", "zipcode": "94607", "councildistrict": "CCD3", "source": "SeeClickFix", "tract_id": "402700", "tract_geoid": "06001402700"}}, {"type": "Feature", "geometry": {"type": "Point", "coordinates": [-122.29192794959586, 37.80892524430496]}, "properties": {"case_id": "1443478", "category": "ENVIRON_ENF", "complaint_type": "Illegal Dumping (Enforcement Potential)", "status": "CLOSED", "date_opened": "2024-08-26T21:02:20.000", "date_closed": "2024-09-03T08:30:25.000", "address": "1385 12TH ST", "zipcode": "94607", "councildistrict": "CCD3", "source": "SeeClickFix", "tract_id": null, "tract_geoid": null}}, {"type": "Feature", "geometry": {"type": "Point", "coordinates": [-122.1558645347718, 37.77228838115506]}, "properties": {"case_id": "1443711", "category": "ENVIRON_ENF", "complaint_type": "Illegal Dumping (Enforcement Potential)", "status": "CLOSED", "date_opened": "2024-08-27T12:50:11.000", "date_closed": "2024-08-29T08:12:25.000", "address": "MOUNTAIN BLVD & KELLER AV", "zipcode": "94605", "councildistrict": "CCD7", "source": "Phone", "tract_id": "408100", "tract_geoid": "06001408100"}}, {"type": "Feature", "geometry": {"type": "Point", "coordinates": [-122.27492999551, 37.815630443981654]}, "properties": {"case_id": "1443749", "category": "ENVIRON_ENF", "complaint_type": "Illegal Dumping (Enforcement Potential)", "status": "CLOSED", "date_opened": "2024-08-27T14:10:35.000", "date_closed": "2024-08-29T09:54:00.000", "address": "2517 SAN PABLO AV", "zipcode": "94612", "councildistrict": "CCD3", "source": "Phone", "tract_id": "401400", "tract_geoid": "06001401400"}}, {"type": "Feature", "geometry": {"type": "Point", "coordinates": [-122.20751195633947, 37.794842886239785]}, "properties": {"case_id": "1444459", "category": "ENVIRON_ENF", "complaint_type": "Illegal Dumping (Enforcement Potential)", "status": "CLOSED", "date_opened": "2024-08-29T14:24:17.000", "date_closed": "2024-09-10T07:56:12.000", "address": "MAPLE AVE & ARKANSAS ST", "zipcode": "94602", "councildistrict": "CCD5", "source": "SeeClickFix", "tract_id": "406601", "tract_geoid": "06001406601"}}, {"type": "Feature", "geometry": {"type": "Point", "coordinates": [-122.26647523538738, 37.81333396651361]}, "properties": {"case_id": "1444644", "category": "ENVIRON_ENF", "complaint_type": "Illegal Dumping (Enforcement Potential)", "status": "CLOSED", "date_opened": "2024-08-30T09:20:00.000", "date_closed": "2024-09-20T07:14:59.000", "address": "421 24TH ST", "zipcode": "94612", "councildistrict": "CCD3", "source": "SeeClickFix", "tract_id": "401300", "tract_geoid": "06001401300"}}, {"type": "Feature", "geometry": {"type": "Point", "coordinates": [-122.20351285427577, 37.78150253110409]}, "properties": {"case_id": "1445212", "category": "ENVIRON_ENF", "complaint_type": "Illegal Dumping (Enforcement Potential)", "status": "CLOSED", "date_opened": "2024-09-01T16:47:32.000", "date_closed": "2024-09-25T09:47:52.000", "address": "4401 BROOKDALE AVE", "zipcode": "94601", "councildistrict": "CCD5", "source": "SeeClickFix", "tract_id": "407600", "tract_geoid": "06001407600"}}, {"type": "Feature", "geometry": {"type": "Point", "coordinates": [-122.25381749405605, 37.810982722136266]}, "properties": {"case_id": "1445608", "category": "ENVIRON_ENF", "complaint_type": "Illegal Dumping (Enforcement Potential)", "status": "CLOSED", "date_opened": "2024-09-03T12:02:27.000", "date_closed": "2024-09-23T07:10:32.000", "address": "370 STATEN AV", "zipcode": "94610", "councildistrict": "CCD1", "source": "Phone", "tract_id": "403600", "tract_geoid": "06001403600"}}, {"type": "Feature", "geometry": {"type": "Point", "coordinates": [-122.25572380673964, 37.7940639637973]}, "properties": {"case_id": "1445843", "category": "ENVIRON_ENF", "complaint_type": "Illegal Dumping (Enforcement Potential)", "status": "CLOSED", "date_opened": "2024-09-04T01:31:58.000", "date_closed": "2025-01-30T09:42:16.000", "address": "503 E 11TH ST", "zipcode": "94606", "councildistrict": "CCD2", "source": "SeeClickFix", "tract_id": "406000", "tract_geoid": "06001406000"}}, {"type": "Feature", "geometry": {"type": "Point", "coordinates": [-122.15792389861544, 37.76078481810389]}, "properties": {"case_id": "1446355", "category": "ENVIRON_ENF", "complaint_type": "Illegal Dumping (Enforcement Potential)", "status": "CLOSED", "date_opened": "2024-09-05T09:00:55.000", "date_closed": "2025-01-30T09:42:01.000", "address": "8560 GOLF LINKS RD", "zipcode": "94605", "councildistrict": "CCD6", "source": "SeeClickFix", "tract_id": "409800", "tract_geoid": "06001409800"}}, {"type": "Feature", "geometry": {"type": "Point", "coordinates": [-122.18190331538467, 37.74466014498011]}, "properties": {"case_id": "1446516", "category": "ENVIRON_ENF", "complaint_type": "Illegal Dumping (Enforcement Potential)", "status": "CLOSED", "date_opened": "2024-09-05T12:27:10.000", "date_closed": "2025-01-30T09:41:49.000", "address": "92ND AV & G ST", "zipcode": "94621", "councildistrict": "CCD7", "source": "Phone", "tract_id": "409400", "tract_geoid": "06001409400"}}, {"type": "Feature", "geometry": {"type": "Point", "coordinates": [-122.20898097822376, 37.8048301171363]}, "properties": {"case_id": "1446561", "category": "ENVIRON_ENF", "complaint_type": "Illegal Dumping (Enforcement Potential)", "status": "CLOSED", "date_opened": "2024-09-05T13:36:11.000", "date_closed": "2024-09-06T13:15:46.000", "address": "4039 LINCOLN AV", "zipcode": "94602", "councildistrict": "CCD4", "source": "Email", "tract_id": "404800", "tract_geoid": "06001404800"}}, {"type": "Feature", "geometry": {"type": "Point", "coordinates": [-122.24870281906229, 37.79835305225022]}, "properties": {"case_id": "1446565", "category": "ENVIRON_ENF", "complaint_type": "Illegal Dumping (Enforcement Potential)", "status": "CLOSED", "date_opened": "2024-09-05T13:41:32.000", "date_closed": "2024-09-20T14:42:38.000", "address": "1849 6TH AVE", "zipcode": "94606", "councildistrict": "CCD2", "source": "SeeClickFix", "tract_id": "405401", "tract_geoid": "06001405401"}}, {"type": "Feature", "geometry": {"type": "Point", "coordinates": [-122.25546689903462, 37.84433083356314]}, "properties": {"case_id": "1446639", "category": "ENVIRON_ENF", "complaint_type": "Illegal Dumping (Enforcement Potential)", "status": "CLOSED", "date_opened": "2024-09-05T16:12:45.000", "date_closed": "2024-09-13T08:35:18.000", "address": "10031 MACARTHUR BLVD", "zipcode": "94618", "councildistrict": "CCD1", "source": "Phone", "tract_id": "400200", "tract_geoid": "06001400200"}}, {"type": "Feature", "geometry": {"type": "Point", "coordinates": [-122.28473761617349, 37.80703260548607]}, "properties": {"case_id": "1446924", "category": "ENVIRON_ENF", "complaint_type": "Illegal Dumping (Enforcement Potential)", "status": "CLOSED", "date_opened": "2024-09-06T13:25:41.000", "date_closed": "2024-09-12T09:26:56.000", "address": "1121 LINDEN ST", "zipcode": "94607", "councildistrict": "CCD3", "source": "Phone", "tract_id": "402500", "tract_geoid": "06001402500"}}, {"type": "Feature", "geometry": {"type": "Point", "coordinates": [-122.27679248206427, 37.81675982763943]}, "properties": {"case_id": "1446974", "category": "ENVIRON_ENF", "complaint_type": "Illegal Dumping (Enforcement Potential)", "status": "CLOSED", "date_opened": "2024-09-06T15:40:28.000", "date_closed": "2024-09-12T09:29:43.000", "address": "863 MILTON ST", "zipcode": "94607", "councildistrict": "CCD3", "source": "SeeClickFix", "tract_id": "401600", "tract_geoid": "06001401600"}}, {"type": "Feature", "geometry": {"type": "Point", "coordinates": [-122.19437418335218, 37.77225903956996]}, "properties": {"case_id": "1447063", "category": "HE_CLEAN", "complaint_type": "Homeless Encampment - Closure Needed", "status": "OPEN", "date_opened": "2024-09-06T22:12:56.000", "date_closed": null, "address": "5609 FOOTHILL BLVD", "zipcode": "94605", "councildistrict": "CCD6", "source": "SeeClickFix", "tract_id": "407500", "tract_geoid": "06001407500"}}, {"type": "Feature", "geometry": {"type": "Point", "coordinates": [-122.18238118841596, 37.742783963351854]}, "properties": {"case_id": "1447399", "category": "ENVIRON_ENF", "complaint_type": "Illegal Dumping (Enforcement Potential)", "status": "CLOSED", "date_opened": "2024-09-08T23:35:03.000", "date_closed": "2025-01-30T09:41:09.000", "address": "850 92ND AVE", "zipcode": "94603", "councildistrict": "CCD7", "source": "SeeClickFix", "tract_id": "409400", "tract_geoid": "06001409400"}}, {"type": "Feature", "geometry": {"type": "Point", "coordinates": [-122.18464043547901, 37.760875887347495]}, "properties": {"case_id": "1447674", "category": "ENVIRON_ENF", "complaint_type": "Illegal Dumping (Enforcement Potential)", "status": "CLOSED", "date_opened": "2024-09-10T08:40:08.000", "date_closed": "2025-01-30T09:40:49.000", "address": "73RD AV & ORRAL ST", "zipcode": "94621", "councildistrict": "CCD6", "source": "Phone", "tract_id": "408500", "tract_geoid": "06001408500"}}, {"type": "Feature", "geometry": {"type": "Point", "coordinates": [-122.25722921468419, 37.83929459899401]}, "properties": {"case_id": "1447769", "category": "ENVIRON_ENF", "complaint_type": "Illegal Dumping (Enforcement Potential)", "status": "CLOSED", "date_opened": "2024-09-10T10:40:10.000", "date_closed": "2024-09-23T07:11:15.000", "address": "5263 LOCKSLEY AV", "zipcode": "94618", "councildistrict": "CCD1", "source": "Phone", "tract_id": "400300", "tract_geoid": "06001400300"}}, {"type": "Feature", "geometry": {"type": "Point", "coordinates": [-122.29151027418452, 37.81161965872133]}, "properties": {"case_id": "1447884", "category": "ENVIRON_ENF", "complaint_type": "Illegal Dumping (Enforcement Potential)", "status": "CLOSED", "date_opened": "2024-09-10T13:18:14.000", "date_closed": "2024-09-12T10:27:45.000", "address": "15TH ST & MANDELA PKWY", "zipcode": "94607", "councildistrict": "CCD3", "source": "SeeClickFix", "tract_id": "402200", "tract_geoid": "06001402200"}}, {"type": "Feature", "geometry": {"type": "Point", "coordinates": [-122.29150062999739, 37.8116375222168]}, "properties": {"case_id": "1447894", "category": "ENVIRON_ENF", "complaint_type": "Illegal Dumping (Enforcement Potential)", "status": "CLOSED", "date_opened": "2024-09-10T13:37:16.000", "date_closed": "2024-09-12T10:35:09.000", "address": "15TH ST & MANDELA PKWY", "zipcode": "94607", "councildistrict": "CCD3", "source": "SeeClickFix", "tract_id": "402200", "tract_geoid": "06001402200"}}, {"type": "Feature", "geometry": {"type": "Point", "coordinates": [-122.27461973295978, 37.82890076750259]}, "properties": {"case_id": "1448443", "category": "ENVIRON_ENF", "complaint_type": "Illegal Dumping (Enforcement Potential)", "status": "CLOSED", "date_opened": "2024-09-11T19:50:32.000", "date_closed": "2024-09-16T13:50:13.000", "address": "903 APGAR ST", "zipcode": "94608", "councildistrict": "CCD1", "source": "SeeClickFix", "tract_id": "401000", "tract_geoid": "06001401000"}}, {"type": "Feature", "geometry": {"type": "Point", "coordinates": [-122.19725170630312, 37.771481981754505]}, "properties": {"case_id": "1448463", "category": "ENVIRON_ENF", "complaint_type": "Illegal Dumping (Enforcement Potential)", "status": "CLOSED", "date_opened": "2024-09-12T06:32:40.000", "date_closed": "2024-09-18T09:48:23.000", "address": "5521 HARVEY AVE", "zipcode": "94621", "councildistrict": "CCD6", "source": "SeeClickFix", "tract_id": "407500", "tract_geoid": "06001407500"}}, {"type": "Feature", "geometry": {"type": "Point", "coordinates": [-122.19620347610925, 37.76351958537594]}, "properties": {"case_id": "1448777", "category": "ENVIRON_ENF", "complaint_type": "Illegal Dumping (Enforcement Potential)", "status": "CLOSED", "date_opened": "2024-09-12T18:42:21.000", "date_closed": "2024-09-16T11:50:35.000", "address": "6331 INTERNATIONAL BLVD", "zipcode": "94621", "councildistrict": "CCD6", "source": "Phone", "tract_id": "408800", "tract_geoid": "06001408800"}}, {"type": "Feature", "geometry": {"type": "Point", "coordinates": [-122.19180399573274, 37.76890356769635]}, "properties": {"case_id": "1448798", "category": "ENVIRON_ENF", "complaint_type": "Illegal Dumping (Enforcement Potential)", "status": "CLOSED", "date_opened": "2024-09-12T20:40:21.000", "date_closed": "2024-09-16T12:09:31.000", "address": "6108 HILTON ST", "zipcode": "94605", "councildistrict": "CCD6", "source": "SeeClickFix", "tract_id": "408700", "tract_geoid": "06001408700"}}, {"type": "Feature", "geometry": {"type": "Point", "coordinates": [-122.17772004680299, 37.74926459192266]}, "properties": {"case_id": "1448992", "category": "ENVIRON_ENF", "complaint_type": "Illegal Dumping (Enforcement Potential)", "status": "CLOSED", "date_opened": "2024-09-13T12:11:44.000", "date_closed": "2025-01-30T09:40:24.000", "address": "1247 89TH AV", "zipcode": "94621", "councildistrict": "CCD7", "source": "Phone", "tract_id": "409500", "tract_geoid": "06001409500"}}, {"type": "Feature", "geometry": {"type": "Point", "coordinates": [-122.17574990624028, 37.75124534482567]}, "properties": {"case_id": "1449141", "category": "ENVIRON_ENF", "complaint_type": "Illegal Dumping (Enforcement Potential)", "status": "CLOSED", "date_opened": "2024-09-13T18:42:05.000", "date_closed": "2025-01-30T09:40:08.000", "address": "8731 INTERNATIONAL BLVD", "zipcode": "94621", "councildistrict": "CCD7", "source": "SeeClickFix", "tract_id": "409500", "tract_geoid": "06001409500"}}, {"type": "Feature", "geometry": {"type": "Point", "coordinates": [-122.16527320302819, 37.77587195844288]}, "properties": {"case_id": "1449147", "category": "ENVIRON_ENF", "complaint_type": "Illegal Dumping (Enforcement Potential)", "status": "CLOSED", "date_opened": "2024-09-13T19:03:08.000", "date_closed": "2025-01-30T09:39:55.000", "address": "4045 EDWARDS AVE", "zipcode": "94605", "councildistrict": "CCD6", "source": "SeeClickFix", "tract_id": "408300", "tract_geoid": "06001408300"}}, {"type": "Feature", "geometry": {"type": "Point", "coordinates": [-122.25576404903835, 37.79429758529454]}, "properties": {"case_id": "1450055", "category": "ENVIRON_ENF", "complaint_type": "Illegal Dumping (Enforcement Potential)", "status": "CLOSED", "date_opened": "2024-09-16T23:21:02.000", "date_closed": "2024-09-17T19:08:57.000", "address": "1044 5TH AVE", "zipcode": "94606", "councildistrict": "CCD2", "source": "SeeClickFix", "tract_id": "406000", "tract_geoid": "06001406000"}}, {"type": "Feature", "geometry": {"type": "Point", "coordinates": [-122.29656518788983, 37.8147141728618]}, "properties": {"case_id": "1450584", "category": "ENVIRON_ENF", "complaint_type": "Illegal Dumping (Enforcement Potential)", "status": "CLOSED", "date_opened": "2024-09-18T09:08:19.000", "date_closed": "2024-09-23T07:12:29.000", "address": "WOOD ST & 16TH ST", "zipcode": "94607", "councildistrict": "CCD3", "source": "SeeClickFix", "tract_id": "401700", "tract_geoid": "06001401700"}}, {"type": "Feature", "geometry": {"type": "Point", "coordinates": [-122.29710642173288, 37.80882236337498]}, "properties": {"case_id": "1450661", "category": "ENVIRON_ENF", "complaint_type": "Illegal Dumping (Enforcement Potential)", "status": "CLOSED", "date_opened": "2024-09-18T11:12:19.000", "date_closed": "2024-09-23T07:13:37.000", "address": "1630 10TH ST", "zipcode": "94607", "councildistrict": "CCD3", "source": "Email", "tract_id": "401800", "tract_geoid": "06001401800"}}, {"type": "Feature", "geometry": {"type": "Point", "coordinates": [-122.28947929199335, 37.81284478060991]}, "properties": {"case_id": "1450755", "category": "ENVIRON_ENF", "complaint_type": "Illegal Dumping (Enforcement Potential)", "status": "CLOSED", "date_opened": "2024-09-18T14:37:35.000", "date_closed": "2024-09-20T07:22:11.000", "address": "1701 KIRKHAM ST", "zipcode": "94607", "councildistrict": "CCD3", "source": "SeeClickFix", "tract_id": null, "tract_geoid": null}}, {"type": "Feature", "geometry": {"type": "Point", "coordinates": [-122.25500383731163, 37.79228502325511]}, "properties": {"case_id": "1450799", "category": "ENVIRON_ENF", "complaint_type": "Illegal Dumping (Enforcement Potential)", "status": "CLOSED", "date_opened": "2024-09-18T16:16:31.000", "date_closed": "2024-09-20T14:57:09.000", "address": "E 10TH ST & 7TH AV", "zipcode": "94606", "councildistrict": "CCD2", "source": "Phone", "tract_id": "406000", "tract_geoid": "06001406000"}}, {"type": "Feature", "geometry": {"type": "Point", "coordinates": [-122.24649962458136, 37.79661805055619]}, "properties": {"case_id": "1451054", "category": "ENVIRON_ENF", "complaint_type": "Illegal Dumping (Enforcement Potential)", "status": "CLOSED", "date_opened": "2024-09-19T11:07:43.000", "date_closed": "2024-09-20T15:25:07.000", "address": "829 E 19TH ST", "zipcode": "94606", "councildistrict": "CCD2", "source": "Email", "tract_id": "405401", "tract_geoid": "06001405401"}}, {"type": "Feature", "geometry": {"type": "Point", "coordinates": [-122.28473761617349, 37.80703260548607]}, "properties": {"case_id": "1451193", "category": "ENVIRON_ENF", "complaint_type": "Illegal Dumping (Enforcement Potential)", "status": "CLOSED", "date_opened": "2024-09-19T15:31:00.000", "date_closed": "2024-09-23T07:22:25.000", "address": "1121 LINDEN ST", "zipcode": "94607", "councildistrict": "CCD3", "source": "Phone", "tract_id": "402500", "tract_geoid": "06001402500"}}, {"type": "Feature", "geometry": {"type": "Point", "coordinates": [-122.19508558668817, 37.7526109409623]}, "properties": {"case_id": "1451207", "category": "ENVIRON_ENF", "complaint_type": "Illegal Dumping (Enforcement Potential)", "status": "CLOSED", "date_opened": "2024-09-19T16:07:52.000", "date_closed": "2025-01-30T09:05:05.000", "address": "SNELL DR & 75TH AVE", "zipcode": "94621", "councildistrict": "CCD7", "source": "SeeClickFix", "tract_id": "408900", "tract_geoid": "06001408900"}}, {"type": "Feature", "geometry": {"type": "Point", "coordinates": [-122.17792722511685, 37.776785973016814]}, "properties": {"case_id": "1451317", "category": "ENVIRON_ENF", "complaint_type": "Illegal Dumping (Enforcement Potential)", "status": "CLOSED", "date_opened": "2024-09-20T09:23:11.000", "date_closed": "2024-09-25T09:40:36.000", "address": "6219 OUTLOOK AVE", "zipcode": "94605", "councildistrict": "CCD6", "source": "SeeClickFix", "tract_id": "408200", "tract_geoid": "06001408200"}}, {"type": "Feature", "geometry": {"type": "Point", "coordinates": [-122.24649962458136, 37.79661805055619]}, "properties": {"case_id": "1451340", "category": "ENVIRON_ENF", "complaint_type": "Illegal Dumping (Enforcement Potential)", "status": "CLOSED", "date_opened": "2024-09-20T09:59:29.000", "date_closed": "2024-09-23T07:44:20.000", "address": "829 E 19TH ST", "zipcode": "94606", "councildistrict": "CCD2", "source": "Phone", "tract_id": "405401", "tract_geoid": "06001405401"}}, {"type": "Feature", "geometry": {"type": "Point", "coordinates": [-122.17463953144755, 37.77042887973133]}, "properties": {"case_id": "1451599", "category": "ENVIRON_ENF", "complaint_type": "Illegal Dumping (Enforcement Potential)", "status": "CLOSED", "date_opened": "2024-09-21T08:59:49.000", "date_closed": "2025-01-30T09:04:47.000", "address": "7000 MACARTHUR BLVD", "zipcode": "94605", "councildistrict": "CCD6", "source": "SeeClickFix", "tract_id": "408200", "tract_geoid": "06001408200"}}, {"type": "Feature", "geometry": {"type": "Point", "coordinates": [-122.16313615571117, 37.753065997689646]}, "properties": {"case_id": "1451639", "category": "ENVIRON_ENF", "complaint_type": "Illegal Dumping (Enforcement Potential)", "status": "CLOSED", "date_opened": "2024-09-21T11:35:35.000", "date_closed": "2025-01-30T09:04:24.000", "address": "9227 HILLSIDE ST", "zipcode": "94603", "councildistrict": "CCD7", "source": "SeeClickFix", "tract_id": "409700", "tract_geoid": "06001409700"}}, {"type": "Feature", "geometry": {"type": "Point", "coordinates": [-122.27983337145601, 37.820446599615316]}, "properties": {"case_id": "1452205", "category": "ENVIRON_ENF", "complaint_type": "Illegal Dumping (Enforcement Potential)", "status": "CANCEL", "date_opened": "2024-09-23T15:01:23.000", "date_closed": null, "address": "2814 LINDEN ST", "zipcode": "94608", "councildistrict": "CCD3", "source": "SeeClickFix", "tract_id": "401500", "tract_geoid": "06001401500"}}, {"type": "Feature", "geometry": {"type": "Point", "coordinates": [-122.21568994326377, 37.77482749977895]}, "properties": {"case_id": "1452212", "category": "ENVIRON_ENF", "complaint_type": "Illegal Dumping (Enforcement Potential)", "status": "CLOSED", "date_opened": "2024-09-23T15:21:32.000", "date_closed": "2024-10-03T14:18:13.000", "address": "1613 41ST AVE", "zipcode": "94601", "councildistrict": "CCD5", "source": "SeeClickFix", "tract_id": "407200", "tract_geoid": "06001407200"}}, {"type": "Feature", "geometry": {"type": "Point", "coordinates": [-122.1779202065499, 37.77707577567579]}, "properties": {"case_id": "1452537", "category": "ENVIRON_ENF", "complaint_type": "Illegal Dumping (Enforcement Potential)", "status": "CLOSED", "date_opened": "2024-09-24T11:50:18.000", "date_closed": "2025-01-30T09:03:42.000", "address": "6219  OUTLOOK AV", "zipcode": "94605", "councildistrict": "CCD6", "source": "Phone", "tract_id": "408200", "tract_geoid": "06001408200"}}, {"type": "Feature", "geometry": {"type": "Point", "coordinates": [-122.22369301635165, 37.78619230404059]}, "properties": {"case_id": "1452652", "category": "ENVIRON_ENF", "complaint_type": "Illegal Dumping (Enforcement Potential)", "status": "CLOSED", "date_opened": "2024-09-24T16:15:56.000", "date_closed": "2024-09-26T08:24:21.000", "address": "2930 E 23RD ST", "zipcode": "94601", "councildistrict": "CCD5", "source": "Phone", "tract_id": "406300", "tract_geoid": "06001406300"}}, {"type": "Feature", "geometry": {"type": "Point", "coordinates": [-122.17265219447759, 37.78452679490395]}, "properties": {"case_id": "1452803", "category": "ENVIRON_ENF", "complaint_type": "Illegal Dumping (Enforcement Potential)", "status": "CLOSED", "date_opened": "2024-09-25T09:34:41.000", "date_closed": "2025-01-30T09:03:25.000", "address": "4240 MOUNTAIN VIEW AV", "zipcode": "94619", "councildistrict": "CCD6", "source": "Phone", "tract_id": "408100", "tract_geoid": "06001408100"}}, {"type": "Feature", "geometry": {"type": "Point", "coordinates": [-122.18125917165477, 37.7543807083748]}, "properties": {"case_id": "1452931", "category": "ENVIRON_ENF", "complaint_type": "Illegal Dumping (Enforcement Potential)", "status": "CLOSED", "date_opened": "2024-09-25T12:50:49.000", "date_closed": "2025-01-30T09:03:05.000", "address": "1265 82ND AV", "zipcode": "94621", "councildistrict": "CCD7", "source": "SeeClickFix", "tract_id": "408900", "tract_geoid": "06001408900"}}, {"type": "Feature", "geometry": {"type": "Point", "coordinates": [-122.26129655860694, 37.83583957846938]}, "properties": {"case_id": "1453146", "category": "ENVIRON_ENF", "complaint_type": "Illegal Dumping (Enforcement Potential)", "status": "CLOSED", "date_opened": "2024-09-26T08:32:28.000", "date_closed": "2024-09-27T14:59:24.000", "address": "4901 CLARKE ST", "zipcode": "94609", "councildistrict": "CCD1", "source": "SeeClickFix", "tract_id": "401100", "tract_geoid": "06001401100"}}, {"type": "Feature", "geometry": {"type": "Point", "coordinates": [-122.18012698752943, 37.77099109988101]}, "properties": {"case_id": "1453234", "category": "ENVIRON_ENF", "complaint_type": "Illegal Dumping (Enforcement Potential)", "status": "CLOSED", "date_opened": "2024-09-26T11:11:11.000", "date_closed": "2025-01-30T09:02:50.000", "address": "6666 BRANN ST", "zipcode": "94605", "councildistrict": "CCD6", "source": "SeeClickFix", "tract_id": "408600", "tract_geoid": "06001408600"}}, {"type": "Feature", "geometry": {"type": "Point", "coordinates": [-122.18473718095481, 37.76115695698365]}, "properties": {"case_id": "1453500", "category": "ENVIRON_ENF", "complaint_type": "Illegal Dumping (Enforcement Potential)", "status": "CLOSED", "date_opened": "2024-09-26T22:02:40.000", "date_closed": "2025-01-30T09:02:24.000", "address": "7218 ORRAL ST", "zipcode": "94621", "councildistrict": "CCD6", "source": "SeeClickFix", "tract_id": "408600", "tract_geoid": "06001408600"}}, {"type": "Feature", "geometry": {"type": "Point", "coordinates": [-122.2796722302859, 37.84106095689459]}, "properties": {"case_id": "1453880", "category": "ENVIRON_ENF", "complaint_type": "Illegal Dumping (Enforcement Potential)", "status": "CLOSED", "date_opened": "2024-09-28T10:29:47.000", "date_closed": "2024-09-30T13:55:05.000", "address": "1032 57TH ST", "zipcode": "94608", "councildistrict": "CCD1", "source": "SeeClickFix", "tract_id": "400900", "tract_geoid": "06001400900"}}, {"type": "Feature", "geometry": {"type": "Point", "coordinates": [-122.24364711305637, 37.84979535944468]}, "properties": {"case_id": "1453939", "category": "ENVIRON_ENF", "complaint_type": "Illegal Dumping (Enforcement Potential)", "status": "CLOSED", "date_opened": "2024-09-28T16:11:57.000", "date_closed": "2024-10-02T19:15:03.000", "address": "5833 PATTON ST", "zipcode": "94618", "councildistrict": "CCD1", "source": "SeeClickFix", "tract_id": "404300", "tract_geoid": "06001404300"}}, {"type": "Feature", "geometry": {"type": "Point", "coordinates": [-122.23701730892914, 37.78533365581387]}, "properties": {"case_id": "1453983", "category": "ENVIRON_ENF", "complaint_type": "Illegal Dumping (Enforcement Potential)", "status": "CLOSED", "date_opened": "2024-09-29T06:33:35.000", "date_closed": "2024-09-30T13:46:01.000", "address": "2201 E 15TH ST", "zipcode": "94606", "councildistrict": "CCD2", "source": "SeeClickFix", "tract_id": "405901", "tract_geoid": "06001405901"}}, {"type": "Feature", "geometry": {"type": "Point", "coordinates": [-122.1664530350808, 37.80414198126163]}, "properties": {"case_id": "1454081", "category": "ENVIRON_ENF", "complaint_type": "Illegal Dumping (Enforcement Potential)", "status": "CLOSED", "date_opened": "2024-09-29T16:22:06.000", "date_closed": "2024-10-07T14:50:13.000", "address": "12230 BLYTHEN WAY", "zipcode": "94619", "councildistrict": "CCD6", "source": "SeeClickFix", "tract_id": "408100", "tract_geoid": "06001408100"}}, {"type": "Feature", "geometry": {"type": "Point", "coordinates": [-122.23704134826207, 37.78520576743544]}, "properties": {"case_id": "1454098", "category": "ENVIRON_ENF", "complaint_type": "Illegal Dumping (Enforcement Potential)", "status": "CLOSED", "date_opened": "2024-09-29T18:27:33.000", "date_closed": "2024-09-30T13:46:39.000", "address": "2201 E 15TH ST", "zipcode": "94606", "councildistrict": "CCD2", "source": "SeeClickFix", "tract_id": "405901", "tract_geoid": "06001405901"}}, {"type": "Feature", "geometry": {"type": "Point", "coordinates": [-122.17795492985192, 37.77710700676596]}, "properties": {"case_id": "1454247", "category": "ENVIRON_ENF", "complaint_type": "Illegal Dumping (Enforcement Potential)", "status": "CLOSED", "date_opened": "2024-09-30T09:44:52.000", "date_closed": "2024-10-07T15:22:54.000", "address": "6219 OUTLOOK AV", "zipcode": "94605", "councildistrict": "CCD6", "source": "Phone", "tract_id": "408200", "tract_geoid": "06001408200"}}, {"type": "Feature", "geometry": {"type": "Point", "coordinates": [-122.25583113935423, 37.79301846700132]}, "properties": {"case_id": "1454374", "category": "ENVIRON_ENF", "complaint_type": "Illegal Dumping (Enforcement Potential)", "status": "CLOSED", "date_opened": "2024-09-30T12:58:45.000", "date_closed": "2024-10-08T09:23:21.000", "address": "E 10TH ST & 6TH AV", "zipcode": "94606", "councildistrict": "CCD2", "source": "Phone", "tract_id": "406000", "tract_geoid": "06001406000"}}, {"type": "Feature", "geometry": {"type": "Point", "coordinates": [-122.26119909972599, 37.8219038115252]}, "properties": {"case_id": "1454378", "category": "ENVIRON_ENF", "complaint_type": "Illegal Dumping (Enforcement Potential)", "status": "CLOSED", "date_opened": "2024-09-30T13:05:59.000", "date_closed": "2024-10-08T08:18:51.000", "address": "327 34TH ST", "zipcode": "94609", "councildistrict": "CCD3", "source": "Phone", "tract_id": "401300", "tract_geoid": "06001401300"}}, {"type": "Feature", "geometry": {"type": "Point", "coordinates": [-122.27247132801712, 37.82857985339976]}, "properties": {"case_id": "1454383", "category": "ENVIRON_ENF", "complaint_type": "Illegal Dumping (Enforcement Potential)", "status": "CLOSED", "date_opened": "2024-09-30T13:17:50.000", "date_closed": "2025-01-30T08:44:37.000", "address": "829 APGAR ST", "zipcode": "94608", "councildistrict": "CCD1", "source": "SeeClickFix", "tract_id": "401000", "tract_geoid": "06001401000"}}, {"type": "Feature", "geometry": {"type": "Point", "coordinates": [-122.15626726811423, 37.75001821581243]}, "properties": {"case_id": "1454645", "category": "ENVIRON_ENF", "complaint_type": "Illegal Dumping (Enforcement Potential)", "status": "CLOSED", "date_opened": "2024-10-01T10:17:09.000", "date_closed": "2024-10-08T15:16:58.000", "address": "9820 LAWLOR ST", "zipcode": "94605", "councildistrict": "CCD7", "source": "Phone", "tract_id": "410100", "tract_geoid": "06001410100"}}, {"type": "Feature", "geometry": {"type": "Point", "coordinates": [-122.24993117055351, 37.82267145737851]}, "properties": {"case_id": "1454776", "category": "ENVIRON_ENF", "complaint_type": "Illegal Dumping (Enforcement Potential)", "status": "CLOSED", "date_opened": "2024-10-01T14:55:53.000", "date_closed": "2025-01-30T08:44:13.000", "address": "322 MONTE VISTA AV", "zipcode": "94611", "councildistrict": "CCD1", "source": "Phone", "tract_id": "404000", "tract_geoid": "06001404000"}}, {"type": "Feature", "geometry": {"type": "Point", "coordinates": [-122.18464043547901, 37.760875887347495]}, "properties": {"case_id": "1454929", "category": "ENVIRON_ENF", "complaint_type": "Illegal Dumping (Enforcement Potential)", "status": "CLOSED", "date_opened": "2024-10-02T08:41:38.000", "date_closed": "2024-10-08T07:49:17.000", "address": "73RD AV & ORRAL ST", "zipcode": "94621", "councildistrict": "CCD6", "source": "Phone", "tract_id": "408500", "tract_geoid": "06001408500"}}, {"type": "Feature", "geometry": {"type": "Point", "coordinates": [-122.26478459742106, 37.79791002580933]}, "properties": {"case_id": "1455313", "category": "ENVIRON_ENF", "complaint_type": "Illegal Dumping (Enforcement Potential)", "status": "CLOSED", "date_opened": "2024-10-03T08:55:34.000", "date_closed": "2024-10-11T10:14:37.000", "address": "918 OAK ST", "zipcode": "94607", "councildistrict": "CCD2", "source": "SeeClickFix", "tract_id": "403302", "tract_geoid": "06001403302"}}, {"type": "Feature", "geometry": {"type": "Point", "coordinates": [-122.26469024126091, 37.79780694898049]}, "properties": {"case_id": "1455870", "category": "ENVIRON_ENF", "complaint_type": "Illegal Dumping (Enforcement Potential)", "status": "CLOSED", "date_opened": "2024-10-04T14:13:55.000", "date_closed": "2024-10-11T10:18:34.000", "address": "912 OAK ST", "zipcode": "94607", "councildistrict": "CCD2", "source": "SeeClickFix", "tract_id": "403302", "tract_geoid": "06001403302"}}, {"type": "Feature", "geometry": {"type": "Point", "coordinates": [-122.16662379702974, 37.74248491695696]}, "properties": {"case_id": "1455931", "category": "ENVIRON_ENF", "complaint_type": "Illegal Dumping (Enforcement Potential)", "status": "CLOSED", "date_opened": "2024-10-04T16:20:48.000", "date_closed": "2024-10-08T07:47:07.000", "address": "10129 WALNUT ST", "zipcode": "94603", "councildistrict": "CCD7", "source": "Phone", "tract_id": "410400", "tract_geoid": "06001410400"}}, {"type": "Feature", "geometry": {"type": "Point", "coordinates": [-122.17220151839877, 37.76216419994091]}, "properties": {"case_id": "1455933", "category": "ENVIRON_ENF", "complaint_type": "Illegal Dumping (Enforcement Potential)", "status": "CLOSED", "date_opened": "2024-10-04T16:23:02.000", "date_closed": "2024-10-08T14:22:35.000", "address": "2507 RITCHIE ST", "zipcode": "94605", "councildistrict": "CCD6", "source": "SeeClickFix", "tract_id": "408400", "tract_geoid": "06001408400"}}, {"type": "Feature", "geometry": {"type": "Point", "coordinates": [-122.21674394560587, 37.78192254664517]}, "properties": {"case_id": "1456008", "category": "ENVIRON_ENF", "complaint_type": "Illegal Dumping (Enforcement Potential)", "status": "CLOSED", "date_opened": "2024-10-04T20:31:02.000", "date_closed": "2024-10-08T09:12:36.000", "address": "2000 36TH AVE", "zipcode": "94601", "councildistrict": "CCD5", "source": "SeeClickFix", "tract_id": "407101", "tract_geoid": "06001407101"}}, {"type": "Feature", "geometry": {"type": "Point", "coordinates": [-122.26888518348295, 37.81882261479243]}, "properties": {"case_id": "1456018", "category": "ENVIRON_ENF", "complaint_type": "Illegal Dumping (Enforcement Potential)", "status": "CLOSED", "date_opened": "2024-10-04T22:28:03.000", "date_closed": "2024-10-07T15:38:53.000", "address": "568 29TH ST", "zipcode": "94609", "councildistrict": "CCD3", "source": "SeeClickFix", "tract_id": "401300", "tract_geoid": "06001401300"}}, {"type": "Feature", "geometry": {"type": "Point", "coordinates": [-122.19951455709628, 37.7651277976202]}, "properties": {"case_id": "1457315", "category": "ENVIRON_ENF", "complaint_type": "Illegal Dumping (Enforcement Potential)", "status": "CLOSED", "date_opened": "2024-10-09T11:39:36.000", "date_closed": "2024-10-11T09:33:34.000", "address": "1400 SEMINARY AV", "zipcode": "94621", "councildistrict": "CCD6", "source": "Phone", "tract_id": "408800", "tract_geoid": "06001408800"}}, {"type": "Feature", "geometry": {"type": "Point", "coordinates": [-122.15222700829848, 37.75052820166098]}, "properties": {"case_id": "1457386", "category": "ENVIRON_ENF", "complaint_type": "Illegal Dumping (Enforcement Potential)", "status": "CLOSED", "date_opened": "2024-10-09T14:20:29.000", "date_closed": "2024-10-11T14:55:49.000", "address": "9851 STANLEY AVE", "zipcode": "94605", "councildistrict": "CCD7", "source": "SeeClickFix", "tract_id": "410100", "tract_geoid": "06001410100"}}, {"type": "Feature", "geometry": {"type": "Point", "coordinates": [-122.17712539843694, 37.74222920797215]}, "properties": {"case_id": "1457689", "category": "ENVIRON_ENF", "complaint_type": "Illegal Dumping (Enforcement Potential)", "status": "CLOSED", "date_opened": "2024-10-10T12:41:08.000", "date_closed": "2024-10-11T15:10:38.000", "address": "9715 E ST", "zipcode": "94603", "councildistrict": "CCD7", "source": "Phone", "tract_id": "409400", "tract_geoid": "06001409400"}}, {"type": "Feature", "geometry": {"type": "Point", "coordinates": [-122.2232718428979, 37.790863895696916]}, "properties": {"case_id": "1457749", "category": "ENVIRON_ENF", "complaint_type": "Illegal Dumping (Enforcement Potential)", "status": "CLOSED", "date_opened": "2024-10-10T14:48:39.000", "date_closed": "2024-10-16T15:28:53.000", "address": "2615 26TH AV", "zipcode": "94601", "councildistrict": "CCD5", "source": "Email", "tract_id": "406300", "tract_geoid": "06001406300"}}, {"type": "Feature", "geometry": {"type": "Point", "coordinates": [-122.21080301790417, 37.78909389550783]}, "properties": {"case_id": "1458237", "category": "ENVIRON_ENF", "complaint_type": "Illegal Dumping (Enforcement Potential)", "status": "CLOSED", "date_opened": "2024-10-12T13:33:43.000", "date_closed": "2024-10-15T15:05:36.000", "address": "BROOKDALE AV & BARTLETT ST", "zipcode": "94601", "councildistrict": "CCD5", "source": "SeeClickFix", "tract_id": "406500", "tract_geoid": "06001406500"}}, {"type": "Feature", "geometry": {"type": "Point", "coordinates": [-122.2276423933442, 37.79229038122621]}, "properties": {"case_id": "1458499", "category": "ENVIRON_ENF", "complaint_type": "Illegal Dumping (Enforcement Potential)", "status": "CLOSED", "date_opened": "2024-10-14T07:46:36.000", "date_closed": "2024-10-15T15:17:30.000", "address": "2517 23RD AV", "zipcode": "94606", "councildistrict": "CCD2", "source": "SeeClickFix", "tract_id": "405800", "tract_geoid": "06001405800"}}, {"type": "Feature", "geometry": {"type": "Point", "coordinates": [-122.26515004677962, 37.81239299973811]}, "properties": {"case_id": "1458624", "category": "ENVIRON_ENF", "complaint_type": "Illegal Dumping (Enforcement Potential)", "status": "CLOSED", "date_opened": "2024-10-14T10:30:31.000", "date_closed": "2025-01-30T08:43:49.000", "address": "2330 WEBSTER ST", "zipcode": "94612", "councildistrict": "CCD3", "source": "Phone", "tract_id": "403501", "tract_geoid": "06001403501"}}, {"type": "Feature", "geometry": {"type": "Point", "coordinates": [-122.29014624678969, 37.812350972071926]}, "properties": {"case_id": "1458776", "category": "ENVIRON_ENF", "complaint_type": "Illegal Dumping (Enforcement Potential)", "status": "CLOSED", "date_opened": "2024-10-14T15:18:46.000", "date_closed": "2025-01-30T08:43:36.000", "address": "1617 KIRKHAM ST", "zipcode": "94607", "councildistrict": "CCD3", "source": "SeeClickFix", "tract_id": null, "tract_geoid": null}}, {"type": "Feature", "geometry": {"type": "Point", "coordinates": [-122.20379055808203, 37.784529051253706]}, "properties": {"case_id": "1458786", "category": "ENVIRON_ENF", "complaint_type": "Illegal Dumping (Enforcement Potential)", "status": "CLOSED", "date_opened": "2024-10-14T15:38:51.000", "date_closed": "2024-10-17T15:08:36.000", "address": "2801 EASTMAN AV", "zipcode": "94619", "councildistrict": "CCD4", "source": "Phone", "tract_id": "407000", "tract_geoid": "06001407000"}}, {"type": "Feature", "geometry": {"type": "Point", "coordinates": [-122.25103831644269, 37.811776555561416]}, "properties": {"case_id": "1458858", "category": "ENVIRON_ENF", "complaint_type": "Illegal Dumping (Enforcement Potential)", "status": "CLOSED", "date_opened": "2024-10-14T20:00:34.000", "date_closed": "2025-01-30T08:43:04.000", "address": "383 MACARTHUR BLVD", "zipcode": "94610", "councildistrict": "CCD1", "source": "SeeClickFix", "tract_id": "403600", "tract_geoid": "06001403600"}}, {"type": "Feature", "geometry": {"type": "Point", "coordinates": [-122.29889316993402, 37.811726896922266]}, "properties": {"case_id": "1459011", "category": "ENVIRON_ENF", "complaint_type": "Illegal Dumping (Enforcement Potential)", "status": "CLOSED", "date_opened": "2024-10-15T09:31:00.000", "date_closed": "2024-10-22T15:18:26.000", "address": "1138 WOOD ST", "zipcode": "94607", "councildistrict": "CCD3", "source": "SeeClickFix", "tract_id": "401800", "tract_geoid": "06001401800"}}, {"type": "Feature", "geometry": {"type": "Point", "coordinates": [-122.29587207734053, 37.807694007250525]}, "properties": {"case_id": "1459040", "category": "ENVIRON_ENF", "complaint_type": "Illegal Dumping (Enforcement Potential)", "status": "CLOSED", "date_opened": "2024-10-15T10:05:12.000", "date_closed": "2025-01-30T08:42:23.000", "address": "1521 9TH ST", "zipcode": "94607", "councildistrict": "CCD3", "source": "Phone", "tract_id": "402200", "tract_geoid": "06001402200"}}, {"type": "Feature", "geometry": {"type": "Point", "coordinates": [-122.28971193811506, 37.811996465726246]}, "properties": {"case_id": "1459054", "category": "ENVIRON_ENF", "complaint_type": "Illegal Dumping (Enforcement Potential)", "status": "CLOSED", "date_opened": "2024-10-15T10:29:35.000", "date_closed": "2025-01-30T08:41:58.000", "address": "16TH ST & KIRKHAM ST", "zipcode": "94607", "councildistrict": "CCD3", "source": "Phone", "tract_id": null, "tract_geoid": null}}, {"type": "Feature", "geometry": {"type": "Point", "coordinates": [-122.17531705272233, 37.773227121299286]}, "properties": {"case_id": "1459111", "category": "ENVIRON_ENF", "complaint_type": "Illegal Dumping (Enforcement Potential)", "status": "CLOSED", "date_opened": "2024-10-15T12:04:07.000", "date_closed": "2024-10-17T15:20:56.000", "address": "6653 LAIRD AV", "zipcode": "94605", "councildistrict": "CCD6", "source": "Phone", "tract_id": "408200", "tract_geoid": "06001408200"}}, {"type": "Feature", "geometry": {"type": "Point", "coordinates": [-122.1567756862035, 37.746690485331484]}, "properties": {"case_id": "1459119", "category": "ENVIRON_ENF", "complaint_type": "Illegal Dumping (Enforcement Potential)", "status": "CLOSED", "date_opened": "2024-10-15T12:18:04.000", "date_closed": "2024-10-18T07:48:22.000", "address": "9915 MACARTHUR BLVD", "zipcode": "94603", "councildistrict": "CCD7", "source": "Phone", "tract_id": "410100", "tract_geoid": "06001410100"}}, {"type": "Feature", "geometry": {"type": "Point", "coordinates": [-122.18821635754189, 37.75974111394992]}, "properties": {"case_id": "1459205", "category": "ENVIRON_ENF", "complaint_type": "Illegal Dumping (Enforcement Potential)", "status": "CLOSED", "date_opened": "2024-10-15T15:21:52.000", "date_closed": "2024-10-17T09:51:00.000", "address": "INTERNATIONAL BLVD & 72ND AVE", "zipcode": "94621", "councildistrict": "CCD6", "source": "Phone", "tract_id": "408800", "tract_geoid": "06001408800"}}, {"type": "Feature", "geometry": {"type": "Point", "coordinates": [-122.18327219047865, 37.731900968877994]}, "properties": {"case_id": "1459382", "category": "ENVIRON_ENF", "complaint_type": "Illegal Dumping (Enforcement Potential)", "status": "CLOSED", "date_opened": "2024-10-16T09:58:48.000", "date_closed": "2024-10-22T07:51:39.000", "address": "304 HUNTER AVE", "zipcode": "94603", "councildistrict": "CCD7", "source": "SeeClickFix", "tract_id": "409100", "tract_geoid": "06001409100"}}, {"type": "Feature", "geometry": {"type": "Point", "coordinates": [-122.27608294234712, 37.82246025652033]}, "properties": {"case_id": "1459472", "category": "ENVIRON_ENF", "complaint_type": "Illegal Dumping (Enforcement Potential)", "status": "CLOSED", "date_opened": "2024-10-16T11:51:49.000", "date_closed": "2024-10-22T15:28:32.000", "address": "3203 MARKET ST", "zipcode": "94608", "councildistrict": "CCD3", "source": "SeeClickFix", "tract_id": "401400", "tract_geoid": "06001401400"}}, {"type": "Feature", "geometry": {"type": "Point", "coordinates": [-122.19447417089096, 37.7886949826588]}, "properties": {"case_id": "1459623", "category": "ENVIRON_ENF", "complaint_type": "Illegal Dumping (Enforcement Potential)", "status": "CLOSED", "date_opened": "2024-10-16T16:12:01.000", "date_closed": "2024-11-01T09:10:35.000", "address": "4228 MASTERSON ST", "zipcode": "94619", "councildistrict": "CCD4", "source": "SeeClickFix", "tract_id": "406900", "tract_geoid": "06001406900"}}, {"type": "Feature", "geometry": {"type": "Point", "coordinates": [-122.15211468920401, 37.761042372934455]}, "properties": {"case_id": "1459738", "category": "ENVIRON_ENF", "complaint_type": "Illegal Dumping (Enforcement Potential)", "status": "CLOSED", "date_opened": "2024-10-17T09:23:43.000", "date_closed": "2024-10-22T08:49:03.000", "address": "CREST AV & FONTAINE ST", "zipcode": "94605", "councildistrict": "CCD6", "source": "Email", "tract_id": "409800", "tract_geoid": "06001409800"}}, {"type": "Feature", "geometry": {"type": "Point", "coordinates": [-122.18627205923359, 37.770179551773374]}, "properties": {"case_id": "1459760", "category": "ENVIRON_ENF", "complaint_type": "Illegal Dumping (Enforcement Potential)", "status": "CLOSED", "date_opened": "2024-10-17T09:44:37.000", "date_closed": "2024-10-24T15:48:43.000", "address": "6315 BANCROFT AV", "zipcode": "94605", "councildistrict": "CCD6", "source": "Email", "tract_id": "408700", "tract_geoid": "06001408700"}}, {"type": "Feature", "geometry": {"type": "Point", "coordinates": [-122.17795492985192, 37.77710700676596]}, "properties": {"case_id": "1459784", "category": "ENVIRON_ENF", "complaint_type": "Illegal Dumping (Enforcement Potential)", "status": "CLOSED", "date_opened": "2024-10-17T10:22:39.000", "date_closed": "2024-10-21T15:12:11.000", "address": "6219 OUTLOOK AV", "zipcode": "94605", "councildistrict": "CCD6", "source": "Phone", "tract_id": "408200", "tract_geoid": "06001408200"}}, {"type": "Feature", "geometry": {"type": "Point", "coordinates": [-122.23895564205564, 37.80211502524977]}, "properties": {"case_id": "1459789", "category": "ENVIRON_ENF", "complaint_type": "Illegal Dumping (Enforcement Potential)", "status": "CLOSED", "date_opened": "2024-10-17T10:35:11.000", "date_closed": "2024-10-23T10:52:35.000", "address": "2809 8TH AV", "zipcode": "94606", "councildistrict": "CCD2", "source": "Phone", "tract_id": "405600", "tract_geoid": "06001405600"}}, {"type": "Feature", "geometry": {"type": "Point", "coordinates": [-122.24823374850477, 37.795764686801355]}, "properties": {"case_id": "1460033", "category": "ENVIRON_ENF", "complaint_type": "Illegal Dumping (Enforcement Potential)", "status": "CLOSED", "date_opened": "2024-10-18T08:23:59.000", "date_closed": "2024-10-21T15:15:18.000", "address": "1736 8TH AV", "zipcode": "94606", "councildistrict": "CCD2", "source": "Phone", "tract_id": "405401", "tract_geoid": "06001405401"}}, {"type": "Feature", "geometry": {"type": "Point", "coordinates": [-122.24339824381607, 37.78894297260057]}, "properties": {"case_id": "1460035", "category": "ENVIRON_ENF", "complaint_type": "Illegal Dumping (Enforcement Potential)", "status": "CLOSED", "date_opened": "2024-10-18T08:27:41.000", "date_closed": "2024-10-21T19:04:26.000", "address": "1601 E 15TH ST", "zipcode": "94606", "councildistrict": "CCD2", "source": "SeeClickFix", "tract_id": "405902", "tract_geoid": "06001405902"}}, {"type": "Feature", "geometry": {"type": "Point", "coordinates": [-122.21123903347755, 37.7978330405307]}, "properties": {"case_id": "1460182", "category": "ENVIRON_ENF", "complaint_type": "Illegal Dumping (Enforcement Potential)", "status": "GONE ON ARRIVAL", "date_opened": "2024-10-18T12:57:48.000", "date_closed": null, "address": "3431 LAGUNA AV", "zipcode": "94602", "councildistrict": "CCD4", "source": "Phone", "tract_id": "406602", "tract_geoid": "06001406602"}}, {"type": "Feature", "geometry": {"type": "Point", "coordinates": [-122.21475219608068, 37.77896794809419]}, "properties": {"case_id": "1460568", "category": "HE_CLEAN", "complaint_type": "Homeless Encampment - Closure Needed", "status": "OPEN", "date_opened": "2024-10-20T18:42:10.000", "date_closed": null, "address": "3912 SAN JUAN ST", "zipcode": "94601", "councildistrict": "CCD5", "source": "SeeClickFix", "tract_id": "407102", "tract_geoid": "06001407102"}}, {"type": "Feature", "geometry": {"type": "Point", "coordinates": [-122.29880423029164, 37.81172718210421]}, "properties": {"case_id": "1460615", "category": "ENVIRON_ENF", "complaint_type": "Illegal Dumping (Enforcement Potential)", "status": "CLOSED", "date_opened": "2024-10-21T08:07:07.000", "date_closed": "2024-10-22T18:55:04.000", "address": "12TH ST & WOOD ST", "zipcode": "94607", "councildistrict": "CCD3", "source": "SeeClickFix", "tract_id": "401800", "tract_geoid": "06001401800"}}, {"type": "Feature", "geometry": {"type": "Point", "coordinates": [-122.17795492985192, 37.77710700676596]}, "properties": {"case_id": "1460634", "category": "ENVIRON_ENF", "complaint_type": "Illegal Dumping (Enforcement Potential)", "status": "CLOSED", "date_opened": "2024-10-21T08:30:53.000", "date_closed": "2024-10-23T10:28:38.000", "address": "6219 OUTLOOK AVE", "zipcode": "94605", "councildistrict": "CCD6", "source": "Phone", "tract_id": "408200", "tract_geoid": "06001408200"}}, {"type": "Feature", "geometry": {"type": "Point", "coordinates": [-122.23582598245456, 37.779746560564675]}, "properties": {"case_id": "1460671", "category": "ENVIRON_ENF", "complaint_type": "Illegal Dumping (Enforcement Potential)", "status": "CLOSED", "date_opened": "2024-10-21T09:08:15.000", "date_closed": "2024-10-24T13:33:03.000", "address": "2517 E 11TH ST", "zipcode": "94601", "councildistrict": "CCD5", "source": "Email", "tract_id": "406100", "tract_geoid": "06001406100"}}, {"type": "Feature", "geometry": {"type": "Point", "coordinates": [-122.17032771301623, 37.75340575646902]}, "properties": {"case_id": "1460846", "category": "ENVIRON_ENF", "complaint_type": "Illegal Dumping (Enforcement Potential)", "status": "CLOSED", "date_opened": "2024-10-21T14:14:14.000", "date_closed": "2024-10-24T08:13:48.000", "address": "1901 88TH AV", "zipcode": "94621", "councildistrict": "CCD7", "source": "Phone", "tract_id": "409600", "tract_geoid": "06001409600"}}, {"type": "Feature", "geometry": {"type": "Point", "coordinates": [-122.21224715405478, 37.79282079136721]}, "properties": {"case_id": "1460952", "category": "ENVIRON_ENF", "complaint_type": "Illegal Dumping (Enforcement Potential)", "status": "CLOSED", "date_opened": "2024-10-21T16:55:40.000", "date_closed": "2024-10-24T13:27:27.000", "address": "3061 PLEITNER AV", "zipcode": "94602", "councildistrict": "CCD5", "source": "SeeClickFix", "tract_id": "406601", "tract_geoid": "06001406601"}}, {"type": "Feature", "geometry": {"type": "Point", "coordinates": [-122.29765223394038, 37.81107914162919]}, "properties": {"case_id": "1461026", "category": "ENVIRON_ENF", "complaint_type": "Illegal Dumping (Enforcement Potential)", "status": "CLOSED", "date_opened": "2024-10-22T08:03:13.000", "date_closed": "2026-03-03T14:56:31.000", "address": "1699 12TH ST", "zipcode": "94607", "councildistrict": "CCD3", "source": "SeeClickFix", "tract_id": "401800", "tract_geoid": "06001401800"}}, {"type": "Feature", "geometry": {"type": "Point", "coordinates": [-122.19274074998908, 37.759077778760755]}, "properties": {"case_id": "1461116", "category": "ENVIRON_ENF", "complaint_type": "Illegal Dumping (Enforcement Potential)", "status": "CLOSED", "date_opened": "2024-10-22T10:36:30.000", "date_closed": "2024-10-24T10:57:14.000", "address": "1108 69TH AV", "zipcode": "94621", "councildistrict": "CCD6", "source": "Phone", "tract_id": "408800", "tract_geoid": "06001408800"}}, {"type": "Feature", "geometry": {"type": "Point", "coordinates": [-122.18386129477783, 37.74518486628008]}, "properties": {"case_id": "1461227", "category": "ENVIRON_ENF", "complaint_type": "Illegal Dumping (Enforcement Potential)", "status": "CLOSED", "date_opened": "2024-10-22T14:27:03.000", "date_closed": "2024-10-24T07:31:02.000", "address": "9015 G ST", "zipcode": "94621", "councildistrict": "CCD7", "source": "SeeClickFix", "tract_id": "409400", "tract_geoid": "06001409400"}}, {"type": "Feature", "geometry": {"type": "Point", "coordinates": [-122.26477514202028, 37.84233287906183]}, "properties": {"case_id": "1461554", "category": "ENVIRON_ENF", "complaint_type": "Illegal Dumping (Enforcement Potential)", "status": "CLOSED", "date_opened": "2024-10-23T13:35:54.000", "date_closed": "2025-01-30T09:45:46.000", "address": "5674 SHATTUCK AV", "zipcode": "94609", "councildistrict": "CCD1", "source": "Phone", "tract_id": "400600", "tract_geoid": "06001400600"}}, {"type": "Feature", "geometry": {"type": "Point", "coordinates": [-122.23505971941559, 37.79445324361844]}, "properties": {"case_id": "1461669", "category": "ENVIRON_ENF", "complaint_type": "Illegal Dumping (Enforcement Potential)", "status": "CLOSED", "date_opened": "2024-10-23T18:29:03.000", "date_closed": "2024-11-01T09:41:47.000", "address": "1802 E 24TH ST", "zipcode": "94606", "councildistrict": "CCD2", "source": "SeeClickFix", "tract_id": "405800", "tract_geoid": "06001405800"}}, {"type": "Feature", "geometry": {"type": "Point", "coordinates": [-122.2557742969679, 37.79836589950052]}, "properties": {"case_id": "1462007", "category": "ENVIRON_ENF", "complaint_type": "Illegal Dumping (Enforcement Potential)", "status": "CLOSED", "date_opened": "2024-10-24T16:52:35.000", "date_closed": "2024-10-25T14:56:06.000", "address": "1425 2ND AV", "zipcode": "94606", "councildistrict": "CCD2", "source": "Phone", "tract_id": "405302", "tract_geoid": "06001405302"}}, {"type": "Feature", "geometry": {"type": "Point", "coordinates": [-122.16257631276754, 37.740689027091555]}, "properties": {"case_id": "1462309", "category": "ENVIRON_ENF", "complaint_type": "Illegal Dumping (Enforcement Potential)", "status": "CLOSED", "date_opened": "2024-10-25T15:49:13.000", "date_closed": "2024-10-30T07:20:02.000", "address": "1817 105TH AV", "zipcode": "94603", "councildistrict": "CCD7", "source": "Email", "tract_id": "410400", "tract_geoid": "06001410400"}}, {"type": "Feature", "geometry": {"type": "Point", "coordinates": [-122.18877322737184, 37.77293596578217]}, "properties": {"case_id": "1462393", "category": "ENVIRON_ENF", "complaint_type": "Illegal Dumping (Enforcement Potential)", "status": "CLOSED", "date_opened": "2024-10-26T09:01:03.000", "date_closed": "2024-10-30T07:44:16.000", "address": "2737 SEMINARY AVE", "zipcode": "94605", "councildistrict": "CCD6", "source": "SeeClickFix", "tract_id": "407700", "tract_geoid": "06001407700"}}, {"type": "Feature", "geometry": {"type": "Point", "coordinates": [-122.21747938916232, 37.786741966997404]}, "properties": {"case_id": "1462564", "category": "ENVIRON_ENF", "complaint_type": "Illegal Dumping (Enforcement Potential)", "status": "CLOSED", "date_opened": "2024-10-27T09:11:28.000", "date_closed": "2024-10-28T15:31:28.000", "address": "34TH AVE & HYDE ST", "zipcode": "94601", "councildistrict": "CCD5", "source": "SeeClickFix", "tract_id": "406500", "tract_geoid": "06001406500"}}, {"type": "Feature", "geometry": {"type": "Point", "coordinates": [-122.21473517017186, 37.78614698658078]}, "properties": {"case_id": "1462572", "category": "ENVIRON_ENF", "complaint_type": "Illegal Dumping (Enforcement Potential)", "status": "CLOSED", "date_opened": "2024-10-27T09:41:41.000", "date_closed": "2024-10-28T15:38:49.000", "address": "3489 DAVIS ST", "zipcode": "94601", "councildistrict": "CCD5", "source": "SeeClickFix", "tract_id": "406500", "tract_geoid": "06001406500"}}, {"type": "Feature", "geometry": {"type": "Point", "coordinates": [-122.18010879274443, 37.77380936548346]}, "properties": {"case_id": "1462609", "category": "ENVIRON_ENF", "complaint_type": "Illegal Dumping - debris, appliances, etc.", "status": "CLOSED", "date_opened": "2024-10-27T13:29:35.000", "date_closed": "2024-10-28T15:03:29.000", "address": "64TH AV & MACARTHUR BLVD", "zipcode": "94605", "councildistrict": "CCD6", "source": "SeeClickFix", "tract_id": "408700", "tract_geoid": "06001408700"}}, {"type": "Feature", "geometry": {"type": "Point", "coordinates": [-122.25063617842368, 37.79753509942425]}, "properties": {"case_id": "1462860", "category": "ENVIRON_ENF", "complaint_type": "Illegal Dumping (Enforcement Potential)", "status": "CLOSED", "date_opened": "2024-10-28T11:27:43.000", "date_closed": "2024-11-01T09:49:26.000", "address": "524 E 17TH ST", "zipcode": "94606", "councildistrict": "CCD2", "source": "SeeClickFix", "tract_id": "405401", "tract_geoid": "06001405401"}}, {"type": "Feature", "geometry": {"type": "Point", "coordinates": [-122.24439568454747, 37.791071774654064]}, "properties": {"case_id": "1462901", "category": "ENVIRON_ENF", "complaint_type": "Illegal Dumping (Enforcement Potential)", "status": "CLOSED", "date_opened": "2024-10-28T12:32:20.000", "date_closed": "2024-10-29T15:50:46.000", "address": "FOOTHILL BLVD & 14TH AV", "zipcode": "94606", "councildistrict": "CCD2", "source": "Phone", "tract_id": "405902", "tract_geoid": "06001405902"}}, {"type": "Feature", "geometry": {"type": "Point", "coordinates": [-122.17074366723483, 37.7539265842796]}, "properties": {"case_id": "1462945", "category": "ENVIRON_ENF", "complaint_type": "Illegal Dumping (Enforcement Potential)", "status": "CLOSED", "date_opened": "2024-10-28T13:51:01.000", "date_closed": "2024-10-29T14:29:35.000", "address": "8714 BIRCH ST", "zipcode": "94621", "councildistrict": "CCD7", "source": "Phone", "tract_id": "409600", "tract_geoid": "06001409600"}}, {"type": "Feature", "geometry": {"type": "Point", "coordinates": [-122.18326928719821, 37.771594898263054]}, "properties": {"case_id": "1463217", "category": "ENVIRON_ENF", "complaint_type": "Illegal Dumping (Enforcement Potential)", "status": "CLOSED", "date_opened": "2024-10-29T12:19:22.000", "date_closed": "2024-10-30T15:02:58.000", "address": "64TH AV & BRANN ST", "zipcode": "94605", "councildistrict": "CCD6", "source": "Phone", "tract_id": "408700", "tract_geoid": "06001408700"}}, {"type": "Feature", "geometry": {"type": "Point", "coordinates": [-122.19638999959723, 37.76714670729812]}, "properties": {"case_id": "1463618", "category": "ENVIRON_ENF", "complaint_type": "Illegal Dumping (Enforcement Potential)", "status": "CLOSED", "date_opened": "2024-10-30T15:21:26.000", "date_closed": "2024-11-05T07:43:31.000", "address": "5917 BROMLEY AVE", "zipcode": "94621", "councildistrict": "CCD6", "source": "Voicemail", "tract_id": "408700", "tract_geoid": "06001408700"}}, {"type": "Feature", "geometry": {"type": "Point", "coordinates": [-122.2777619597141, 37.822930791858724]}, "properties": {"case_id": "1463623", "category": "ENVIRON_ENF", "complaint_type": "Illegal Dumping (Enforcement Potential)", "status": "CLOSED", "date_opened": "2024-10-30T15:24:14.000", "date_closed": "2024-11-04T13:39:02.000", "address": "959 32ND ST", "zipcode": "94608", "councildistrict": "CCD3", "source": "SeeClickFix", "tract_id": "401500", "tract_geoid": "06001401500"}}, {"type": "Feature", "geometry": {"type": "Point", "coordinates": [-122.22387064884944, 37.77905082731851]}, "properties": {"case_id": "1463871", "category": "ENVIRON_ENF", "complaint_type": "Illegal Dumping (Enforcement Potential)", "status": "CLOSED", "date_opened": "2024-10-31T12:24:06.000", "date_closed": "2024-11-04T15:00:50.000", "address": "1515 33RD AV", "zipcode": "94601", "councildistrict": "CCD5", "source": "Phone", "tract_id": "407200", "tract_geoid": "06001407200"}}, {"type": "Feature", "geometry": {"type": "Point", "coordinates": [-122.24265464601463, 37.793444773759944]}, "properties": {"case_id": "1463929", "category": "ENVIRON_ENF", "complaint_type": "Illegal Dumping (Enforcement Potential)", "status": "CLOSED", "date_opened": "2024-10-31T14:41:00.000", "date_closed": "2024-11-04T15:46:28.000", "address": "1925 13TH AVE", "zipcode": "94606", "councildistrict": "CCD2", "source": "SeeClickFix", "tract_id": "405402", "tract_geoid": "06001405402"}}, {"type": "Feature", "geometry": {"type": "Point", "coordinates": [-122.19177461485633, 37.77321518463253]}, "properties": {"case_id": "1464327", "category": "ENVIRON_ENF", "complaint_type": "Illegal Dumping (Enforcement Potential)", "status": "CLOSED", "date_opened": "2024-11-01T16:33:00.000", "date_closed": "2024-11-04T15:23:24.000", "address": "2625 BEAL AV", "zipcode": "94605", "councildistrict": "CCD6", "source": "Phone", "tract_id": "407700", "tract_geoid": "06001407700"}}, {"type": "Feature", "geometry": {"type": "Point", "coordinates": [-122.18029651718653, 37.80704429615718]}, "properties": {"case_id": "1465472", "category": "ENVIRON_ENF", "complaint_type": "Illegal Dumping (Enforcement Potential)", "status": "CLOSED", "date_opened": "2024-11-06T07:53:00.000", "date_closed": "2024-11-14T07:53:27.000", "address": "JOAQUIN MILLER RD & SKYLINE BLVD", "zipcode": "94602", "councildistrict": "CCD4", "source": "SeeClickFix", "tract_id": "408000", "tract_geoid": "06001408000"}}, {"type": "Feature", "geometry": {"type": "Point", "coordinates": [-122.28579021432122, 37.81702817110981]}, "properties": {"case_id": "1465477", "category": "ENVIRON_ENF", "complaint_type": "Illegal Dumping (Enforcement Potential)", "status": "CLOSED", "date_opened": "2024-11-06T08:08:35.000", "date_closed": "2024-11-07T15:12:05.000", "address": "2320 UNION ST", "zipcode": "94607", "councildistrict": "CCD3", "source": "Phone", "tract_id": "401600", "tract_geoid": "06001401600"}}, {"type": "Feature", "geometry": {"type": "Point", "coordinates": [-122.26592854114475, 37.79067231348771]}, "properties": {"case_id": "1465541", "category": "HE_CLEAN", "complaint_type": "Litter in Parks", "status": "OPEN", "date_opened": "2024-11-06T09:53:21.000", "date_closed": null, "address": "JACK LONDON AQUATICS CENTER", "zipcode": "94607", "councildistrict": "CCD2", "source": "SeeClickFix", "tract_id": "403302", "tract_geoid": "06001403302"}}, {"type": "Feature", "geometry": {"type": "Point", "coordinates": [-122.27340417056945, 37.798359004623805]}, "properties": {"case_id": "1465675", "category": "ENVIRON_ENF", "complaint_type": "Illegal Dumping (Enforcement Potential)", "status": "CLOSED", "date_opened": "2024-11-06T13:50:34.000", "date_closed": "2024-11-15T08:55:30.000", "address": "6TH ST & FRANKLIN ST", "zipcode": "94607", "councildistrict": "CCD2", "source": "Phone", "tract_id": "403000", "tract_geoid": "06001403000"}}, {"type": "Feature", "geometry": {"type": "Point", "coordinates": [-122.24381720105325, 37.78835395948444]}, "properties": {"case_id": "1465783", "category": "ENVIRON_ENF", "complaint_type": "Illegal Dumping (Enforcement Potential)", "status": "CLOSED", "date_opened": "2024-11-06T17:48:28.000", "date_closed": "2024-11-22T09:09:35.000", "address": "1604 INTERNATIONAL BLVD", "zipcode": "94606", "councildistrict": "CCD2", "source": "SeeClickFix", "tract_id": "405902", "tract_geoid": "06001405902"}}, {"type": "Feature", "geometry": {"type": "Point", "coordinates": [-122.17559016132343, 37.73109696637744]}, "properties": {"case_id": "1465823", "category": "ENVIRON_ENF", "complaint_type": "Illegal Dumping (Enforcement Potential)", "status": "CLOSED", "date_opened": "2024-11-06T23:36:12.000", "date_closed": "2024-11-15T07:47:09.000", "address": "10912 EDES AVE", "zipcode": "94603", "councildistrict": "CCD7", "source": "SeeClickFix", "tract_id": "409200", "tract_geoid": "06001409200"}}, {"type": "Feature", "geometry": {"type": "Point", "coordinates": [-122.28770682443513, 37.81147220821596]}, "properties": {"case_id": "1465924", "category": "ENVIRON_ENF", "complaint_type": "Illegal Dumping (Enforcement Potential)", "status": "CLOSED", "date_opened": "2024-11-07T10:15:05.000", "date_closed": "2024-11-13T13:19:49.000", "address": "1530 UNION ST", "zipcode": "94607", "councildistrict": "CCD3", "source": "SeeClickFix", "tract_id": null, "tract_geoid": null}}, {"type": "Feature", "geometry": {"type": "Point", "coordinates": [-122.17516740221384, 37.756734842343015]}, "properties": {"case_id": "1466060", "category": "ENVIRON_ENF", "complaint_type": "Illegal Dumping (Enforcement Potential)", "status": "CLOSED", "date_opened": "2024-11-07T14:35:34.000", "date_closed": "2024-11-15T15:12:42.000", "address": "PLYMOUTH ST & 83RD AV", "zipcode": "94621", "councildistrict": "CCD7", "source": "Phone", "tract_id": "409600", "tract_geoid": "06001409600"}}, {"type": "Feature", "geometry": {"type": "Point", "coordinates": [-122.28394716748849, 37.79982909939994]}, "properties": {"case_id": "1466311", "category": "ENVIRON_ENF", "complaint_type": "Illegal Dumping (Enforcement Potential)", "status": "CLOSED", "date_opened": "2024-11-08T11:01:11.000", "date_closed": "2024-11-13T12:57:52.000", "address": "297 MARKET ST", "zipcode": "94607", "councildistrict": "CCD3", "source": "Phone", "tract_id": "982000", "tract_geoid": "06001982000"}}, {"type": "Feature", "geometry": {"type": "Point", "coordinates": [-122.27023716403325, 37.803090817607554]}, "properties": {"case_id": "1466392", "category": "ENVIRON_ENF", "complaint_type": "Illegal Dumping (Enforcement Potential)", "status": "CLOSED", "date_opened": "2024-11-08T13:34:09.000", "date_closed": "2024-11-13T12:47:31.000", "address": "393 13TH ST", "zipcode": "94612", "councildistrict": "CCD3", "source": "Email", "tract_id": "403000", "tract_geoid": "06001403000"}}, {"type": "Feature", "geometry": {"type": "Point", "coordinates": [-122.18857854102852, 37.79054126057342]}, "properties": {"case_id": "1466645", "category": "ENVIRON_ENF", "complaint_type": "Illegal Dumping (Enforcement Potential)", "status": "CLOSED", "date_opened": "2024-11-10T09:31:40.000", "date_closed": "2024-11-12T15:13:04.000", "address": "HIGH ST & HYACINTH AVE", "zipcode": "94619", "councildistrict": "CCD4", "source": "SeeClickFix", "tract_id": "406900", "tract_geoid": "06001406900"}}, {"type": "Feature", "geometry": {"type": "Point", "coordinates": [-122.21938696541258, 37.783039143204164]}, "properties": {"case_id": "1466796", "category": "ENVIRON_ENF", "complaint_type": "Illegal Dumping (Enforcement Potential)", "status": "CLOSED", "date_opened": "2024-11-11T10:01:28.000", "date_closed": "2024-11-14T15:19:22.000", "address": "3400 EDEN LN", "zipcode": "94601", "councildistrict": "CCD5", "source": "SeeClickFix", "tract_id": "406500", "tract_geoid": "06001406500"}}, {"type": "Feature", "geometry": {"type": "Point", "coordinates": [-122.27562317929086, 37.826693965257014]}, "properties": {"case_id": "1466836", "category": "ENVIRON_ENF", "complaint_type": "Illegal Dumping (Enforcement Potential)", "status": "CLOSED", "date_opened": "2024-11-11T14:02:15.000", "date_closed": "2024-11-12T15:26:51.000", "address": "926 36TH ST", "zipcode": "94608", "councildistrict": "CCD3", "source": "SeeClickFix", "tract_id": "401000", "tract_geoid": "06001401000"}}, {"type": "Feature", "geometry": {"type": "Point", "coordinates": [-122.27666622926611, 37.816744973790136]}, "properties": {"case_id": "1466942", "category": "ENVIRON_ENF", "complaint_type": "Illegal Dumping (Enforcement Potential)", "status": "CLOSED", "date_opened": "2024-11-12T08:34:05.000", "date_closed": "2024-11-18T08:31:27.000", "address": "857 MILTON ST", "zipcode": "94607", "councildistrict": "CCD3", "source": "SeeClickFix", "tract_id": "401600", "tract_geoid": "06001401600"}}, {"type": "Feature", "geometry": {"type": "Point", "coordinates": [-122.17972518357858, 37.77393558045668]}, "properties": {"case_id": "1467383", "category": "ENVIRON_ENF", "complaint_type": "Illegal Dumping (Enforcement Potential)", "status": "CLOSED", "date_opened": "2024-11-13T09:51:09.000", "date_closed": "2024-11-18T08:45:40.000", "address": "64TH AV & MACARTHUR BLVD", "zipcode": "94605", "councildistrict": "CCD6", "source": "Phone", "tract_id": "408200", "tract_geoid": "06001408200"}}, {"type": "Feature", "geometry": {"type": "Point", "coordinates": [-122.19780101159614, 37.76880575495913]}, "properties": {"case_id": "1467577", "category": "ENVIRON_ENF", "complaint_type": "Illegal Dumping (Enforcement Potential)", "status": "CLOSED", "date_opened": "2024-11-13T16:20:17.000", "date_closed": "2024-11-15T10:03:59.000", "address": "1906 57TH AV", "zipcode": "94621", "councildistrict": "CCD6", "source": "Phone", "tract_id": "407500", "tract_geoid": "06001407500"}}, {"type": "Feature", "geometry": {"type": "Point", "coordinates": [-122.24104200103085, 37.78631975703167]}, "properties": {"case_id": "1467895", "category": "ENVIRON_ENF", "complaint_type": "Illegal Dumping (Enforcement Potential)", "status": "CLOSED", "date_opened": "2024-11-14T14:15:57.000", "date_closed": "2024-11-22T09:08:14.000", "address": "1921 INTERNATIONAL BLVD", "zipcode": "94606", "councildistrict": "CCD2", "source": "SeeClickFix", "tract_id": "406000", "tract_geoid": "06001406000"}}, {"type": "Feature", "geometry": {"type": "Point", "coordinates": [-122.1366638287376, 37.77029252632282]}, "properties": {"case_id": "1467956", "category": "ENVIRON_ENF", "complaint_type": "Illegal Dumping (Enforcement Potential)", "status": "CLOSED", "date_opened": "2024-11-14T16:55:49.000", "date_closed": "2024-11-15T14:47:59.000", "address": "8197 COACH DR", "zipcode": "94605", "councildistrict": "CCD6", "source": "Email", "tract_id": "408100", "tract_geoid": "06001408100"}}, {"type": "Feature", "geometry": {"type": "Point", "coordinates": [-122.29670690901332, 37.812202240016326]}, "properties": {"case_id": "1468458", "category": "ENVIRON_ENF", "complaint_type": "Illegal Dumping (Enforcement Potential)", "status": "CLOSED", "date_opened": "2024-11-17T08:02:50.000", "date_closed": "2024-11-18T15:38:52.000", "address": "14TH ST & WILLOW ST", "zipcode": "94607", "councildistrict": "CCD3", "source": "SeeClickFix", "tract_id": "401800", "tract_geoid": "06001401800"}}, {"type": "Feature", "geometry": {"type": "Point", "coordinates": [-122.247771552994, 37.78928898723839]}, "properties": {"case_id": "1468541", "category": "ENVIRON_ENF", "complaint_type": "Illegal Dumping (Enforcement Potential)", "status": "CLOSED", "date_opened": "2024-11-17T16:43:59.000", "date_closed": "2024-11-18T15:13:53.000", "address": "1208 13TH AVE", "zipcode": "94606", "councildistrict": "CCD2", "source": "SeeClickFix", "tract_id": "406000", "tract_geoid": "06001406000"}}, {"type": "Feature", "geometry": {"type": "Point", "coordinates": [-122.17015563719495, 37.74644036387076]}, "properties": {"case_id": "1468652", "category": "ENVIRON_ENF", "complaint_type": "Illegal Dumping (Enforcement Potential)", "status": "CLOSED", "date_opened": "2024-11-18T09:09:37.000", "date_closed": "2024-11-25T15:07:28.000", "address": "1525 96TH AV", "zipcode": "94603", "councildistrict": "CCD7", "source": "Email", "tract_id": "410300", "tract_geoid": "06001410300"}}, {"type": "Feature", "geometry": {"type": "Point", "coordinates": [-122.19219197901668, 37.76751471499]}, "properties": {"case_id": "1469163", "category": "ENVIRON_ENF", "complaint_type": "Illegal Dumping (Enforcement Potential)", "status": "CLOSED", "date_opened": "2024-11-19T13:04:43.000", "date_closed": "2024-11-26T09:31:18.000", "address": "2227 62ND AV", "zipcode": "94605", "councildistrict": "CCD6", "source": "Phone", "tract_id": "408700", "tract_geoid": "06001408700"}}, {"type": "Feature", "geometry": {"type": "Point", "coordinates": [-122.14466119851427, 37.786939977416615]}, "properties": {"case_id": "1469324", "category": "ENVIRON_ENF", "complaint_type": "Illegal Dumping (Enforcement Potential)", "status": "CLOSED", "date_opened": "2024-11-19T21:47:18.000", "date_closed": "2024-12-03T11:22:38.000", "address": "13560 SKYLINE BLVD", "zipcode": "94619", "councildistrict": "CCD6", "source": "SeeClickFix", "tract_id": "408100", "tract_geoid": "06001408100"}}, {"type": "Feature", "geometry": {"type": "Point", "coordinates": [-122.13826432572743, 37.73159131446808]}, "properties": {"case_id": "1469807", "category": "ENVIRON_ENF", "complaint_type": "Illegal Dumping (Enforcement Potential)", "status": "CLOSED", "date_opened": "2024-11-21T12:23:16.000", "date_closed": "2024-11-25T14:56:28.000", "address": "4030 INTERNATIONAL BLVD", "zipcode": "94605", "councildistrict": "CCD7", "source": "Email", "tract_id": "410000", "tract_geoid": "06001410000"}}, {"type": "Feature", "geometry": {"type": "Point", "coordinates": [-122.19565087603382, 37.785738294562854]}, "properties": {"case_id": "1469960", "category": "ENVIRON_ENF", "complaint_type": "Illegal Dumping (Enforcement Potential)", "status": "CLOSED", "date_opened": "2024-11-21T22:09:08.000", "date_closed": "2024-12-06T13:38:44.000", "address": "REDDING ST & COURTLAND AVE", "zipcode": "94619", "councildistrict": "CCD6", "source": "SeeClickFix", "tract_id": "407800", "tract_geoid": "06001407800"}}, {"type": "Feature", "geometry": {"type": "Point", "coordinates": [-122.29770610862089, 37.81104872995777]}, "properties": {"case_id": "1469983", "category": "ENVIRON_ENF", "complaint_type": "Illegal Dumping (Enforcement Potential)", "status": "CLOSED", "date_opened": "2024-11-22T07:56:41.000", "date_closed": "2024-11-26T13:02:20.000", "address": "1707 12TH ST", "zipcode": "94607", "councildistrict": "CCD3", "source": "SeeClickFix", "tract_id": "401800", "tract_geoid": "06001401800"}}, {"type": "Feature", "geometry": {"type": "Point", "coordinates": [-122.27101944344624, 37.82167627650221]}, "properties": {"case_id": "1470155", "category": "ENVIRON_ENF", "complaint_type": "Illegal Dumping (Enforcement Potential)", "status": "CLOSED", "date_opened": "2024-11-22T14:37:14.000", "date_closed": "2024-11-25T15:58:35.000", "address": "664 32ND ST", "zipcode": "94609", "councildistrict": "CCD3", "source": "SeeClickFix", "tract_id": "401400", "tract_geoid": "06001401400"}}, {"type": "Feature", "geometry": {"type": "Point", "coordinates": [-122.2447287204376, 37.801663526847996]}, "properties": {"case_id": "1470484", "category": "ENVIRON_ENF", "complaint_type": "Illegal Dumping (Enforcement Potential)", "status": "CLOSED", "date_opened": "2024-11-24T07:03:29.000", "date_closed": "2024-11-25T15:59:20.000", "address": "2342 PARK BLVD", "zipcode": "94606", "councildistrict": "CCD2", "source": "SeeClickFix", "tract_id": "405500", "tract_geoid": "06001405500"}}, {"type": "Feature", "geometry": {"type": "Point", "coordinates": [-122.18877322737184, 37.77293596578217]}, "properties": {"case_id": "1470576", "category": "ENVIRON_ENF", "complaint_type": "Illegal Dumping (Enforcement Potential)", "status": "CLOSED", "date_opened": "2024-11-24T16:57:58.000", "date_closed": "2024-12-02T15:24:29.000", "address": "2737 SEMINARY AVE", "zipcode": "94605", "councildistrict": "CCD6", "source": "SeeClickFix", "tract_id": "407700", "tract_geoid": "06001407700"}}, {"type": "Feature", "geometry": {"type": "Point", "coordinates": [-122.19196912879498, 37.741896973330704]}, "properties": {"case_id": "1471087", "category": "ENVIRON_ENF", "complaint_type": "Illegal Dumping (Enforcement Potential)", "status": "CLOSED", "date_opened": "2024-11-26T10:34:35.000", "date_closed": "2024-12-03T11:38:24.000", "address": "85TH AV & ENTERPRISE WY", "zipcode": "94621", "councildistrict": "CCD7", "source": "SeeClickFix", "tract_id": "409000", "tract_geoid": "06001409000"}}, {"type": "Feature", "geometry": {"type": "Point", "coordinates": [-122.26994217138487, 37.80121142384043]}, "properties": {"case_id": "1471146", "category": "ENVIRON_ENF", "complaint_type": "Illegal Dumping (Enforcement Potential)", "status": "CLOSED", "date_opened": "2024-11-26T12:09:46.000", "date_closed": "2024-12-04T08:39:59.000", "address": "1088 WEBSTER ST", "zipcode": "94607", "councildistrict": "CCD2", "source": "SeeClickFix", "tract_id": "403000", "tract_geoid": "06001403000"}}, {"type": "Feature", "geometry": {"type": "Point", "coordinates": [-122.19493092204966, 37.75249758007032]}, "properties": {"case_id": "1471237", "category": "ENVIRON_ENF", "complaint_type": "Illegal Dumping (Enforcement Potential)", "status": "CLOSED", "date_opened": "2024-11-26T15:11:49.000", "date_closed": "2024-12-03T11:30:26.000", "address": "75TH AV & SNELL ST", "zipcode": "94621", "councildistrict": "CCD7", "source": "Phone", "tract_id": "408900", "tract_geoid": "06001408900"}}, {"type": "Feature", "geometry": {"type": "Point", "coordinates": [-122.24343287616279, 37.788985118462705]}, "properties": {"case_id": "1471277", "category": "ENVIRON_ENF", "complaint_type": "Illegal Dumping (Enforcement Potential)", "status": "CLOSED", "date_opened": "2024-11-26T17:28:10.000", "date_closed": "2024-12-03T15:42:31.000", "address": "1601 E 15TH ST", "zipcode": "94606", "councildistrict": "CCD2", "source": "SeeClickFix", "tract_id": "405902", "tract_geoid": "06001405902"}}, {"type": "Feature", "geometry": {"type": "Point", "coordinates": [-122.22477295967659, 37.77710885248296]}, "properties": {"case_id": "1471441", "category": "ENVIRON_ENF", "complaint_type": "Illegal Dumping (Enforcement Potential)", "status": "CLOSED", "date_opened": "2024-11-27T14:01:27.000", "date_closed": "2024-12-06T12:16:10.000", "address": "3282 INTERNATIONAL BLVD", "zipcode": "94601", "councildistrict": "CCD5", "source": "Email", "tract_id": "406100", "tract_geoid": "06001406100"}}, {"type": "Feature", "geometry": {"type": "Point", "coordinates": [-122.18429192875365, 37.75098878988936]}, "properties": {"case_id": "1471511", "category": "ENVIRON_ENF", "complaint_type": "Illegal Dumping (Enforcement Potential)", "status": "CLOSED", "date_opened": "2024-11-27T17:40:49.000", "date_closed": "2024-12-03T11:19:05.000", "address": "84TH AVE & E ST", "zipcode": "94621", "councildistrict": "CCD7", "source": "SeeClickFix", "tract_id": "409500", "tract_geoid": "06001409500"}}, {"type": "Feature", "geometry": {"type": "Point", "coordinates": [-122.1806672039873, 37.743711815337726]}, "properties": {"case_id": "1471512", "category": "ENVIRON_ENF", "complaint_type": "Illegal Dumping (Enforcement Potential)", "status": "CLOSED", "date_opened": "2024-11-27T17:44:29.000", "date_closed": "2024-12-03T09:06:40.000", "address": "92ND AVE & G ST", "zipcode": "94603", "councildistrict": "CCD7", "source": "SeeClickFix", "tract_id": "409400", "tract_geoid": "06001409400"}}, {"type": "Feature", "geometry": {"type": "Point", "coordinates": [-122.18456739587613, 37.75126324032775]}, "properties": {"case_id": "1471535", "category": "ENVIRON_ENF", "complaint_type": "Illegal Dumping (Enforcement Potential)", "status": "CLOSED", "date_opened": "2024-11-28T06:42:39.000", "date_closed": "2024-12-03T09:40:48.000", "address": "1001 E ST", "zipcode": "94621", "councildistrict": "CCD7", "source": "SeeClickFix", "tract_id": "409500", "tract_geoid": "06001409500"}}, {"type": "Feature", "geometry": {"type": "Point", "coordinates": [-122.26461523283119, 37.79791494999885]}, "properties": {"case_id": "1471662", "category": "ENVIRON_ENF", "complaint_type": "Illegal Dumping (Enforcement Potential)", "status": "CLOSED", "date_opened": "2024-11-29T14:25:30.000", "date_closed": "2024-12-03T15:22:37.000", "address": "920 OAK ST", "zipcode": "94607", "councildistrict": "CCD2", "source": "SeeClickFix", "tract_id": "403302", "tract_geoid": "06001403302"}}, {"type": "Feature", "geometry": {"type": "Point", "coordinates": [-122.24272273315147, 37.78803643113376]}, "properties": {"case_id": "1471767", "category": "ENVIRON_ENF", "complaint_type": "Illegal Dumping (Enforcement Potential)", "status": "CLOSED", "date_opened": "2024-11-30T12:15:26.000", "date_closed": "2024-12-06T13:06:54.000", "address": "16TH AVE & MARIN WY", "zipcode": "94606", "councildistrict": "CCD2", "source": "SeeClickFix", "tract_id": "405902", "tract_geoid": "06001405902"}}, {"type": "Feature", "geometry": {"type": "Point", "coordinates": [-122.22909399574887, 37.79549156515314]}, "properties": {"case_id": "1472247", "category": "ENVIRON_ENF", "complaint_type": "Illegal Dumping (Enforcement Potential)", "status": "CLOSED", "date_opened": "2024-12-02T13:06:37.000", "date_closed": "2024-12-11T09:35:29.000", "address": "2800 21ST AV", "zipcode": "94606", "councildistrict": "CCD5", "source": "Phone", "tract_id": "405700", "tract_geoid": "06001405700"}}, {"type": "Feature", "geometry": {"type": "Point", "coordinates": [-122.24091650938063, 37.799062966319326]}, "properties": {"case_id": "1472468", "category": "ENVIRON_ENF", "complaint_type": "Illegal Dumping (Enforcement Potential)", "status": "CLOSED", "date_opened": "2024-12-03T08:45:04.000", "date_closed": "2024-12-10T15:19:13.000", "address": "944 E 24TH ST", "zipcode": "94606", "councildistrict": "CCD2", "source": "Phone", "tract_id": "405600", "tract_geoid": "06001405600"}}, {"type": "Feature", "geometry": {"type": "Point", "coordinates": [-122.24350019199532, 37.80362395887855]}, "properties": {"case_id": "1472484", "category": "ENVIRON_ENF", "complaint_type": "Illegal Dumping (Enforcement Potential)", "status": "CLOSED", "date_opened": "2024-12-03T09:08:56.000", "date_closed": "2024-12-10T15:47:03.000", "address": "527 MONTCLAIR AVE", "zipcode": "94606", "councildistrict": "CCD2", "source": "SeeClickFix", "tract_id": "405200", "tract_geoid": "06001405200"}}, {"type": "Feature", "geometry": {"type": "Point", "coordinates": [-122.25967253296655, 37.84775848016252]}, "properties": {"case_id": "1472783", "category": "ENVIRON_ENF", "complaint_type": "Illegal Dumping (Enforcement Potential)", "status": "CLOSED", "date_opened": "2024-12-04T08:09:48.000", "date_closed": "2024-12-11T09:31:02.000", "address": "6110 CANNING ST", "zipcode": "94609", "councildistrict": "CCD1", "source": "SeeClickFix", "tract_id": "400400", "tract_geoid": "06001400400"}}, {"type": "Feature", "geometry": {"type": "Point", "coordinates": [-122.15017139405518, 37.745028342273585]}, "properties": {"case_id": "1472826", "category": "ENVIRON_ENF", "complaint_type": "Illegal Dumping (Enforcement Potential)", "status": "CLOSED", "date_opened": "2024-12-04T09:34:41.000", "date_closed": "2024-12-16T09:01:05.000", "address": "10500 FOOTHILL BLVD", "zipcode": "94605", "councildistrict": "CCD7", "source": "Phone", "tract_id": "410100", "tract_geoid": "06001410100"}}, {"type": "Feature", "geometry": {"type": "Point", "coordinates": [-122.17024720803964, 37.75486296854461]}, "properties": {"case_id": "1472886", "category": "ENVIRON_ENF", "complaint_type": "Illegal Dumping (Enforcement Potential)", "status": "CLOSED", "date_opened": "2024-12-04T11:23:21.000", "date_closed": "2024-12-11T10:44:58.000", "address": "1938 AUSEON AVE", "zipcode": "94621", "councildistrict": "CCD7", "source": "SeeClickFix", "tract_id": "409600", "tract_geoid": "06001409600"}}, {"type": "Feature", "geometry": {"type": "Point", "coordinates": [-122.12865921580078, 37.76950676494719]}, "properties": {"case_id": "1472910", "category": "ENVIRON_ENF", "complaint_type": "Illegal Dumping (Enforcement Potential)", "status": "CLOSED", "date_opened": "2024-12-04T12:10:43.000", "date_closed": "2024-12-16T10:11:12.000", "address": "SKYLINE BLVD & KELLER AV", "zipcode": "94619", "councildistrict": "CCD7", "source": "Phone", "tract_id": "409900", "tract_geoid": "06001409900"}}, {"type": "Feature", "geometry": {"type": "Point", "coordinates": [-122.29308052148065, 37.813806853237814]}, "properties": {"case_id": "1473150", "category": "ENVIRON_ENF", "complaint_type": "Illegal Dumping (Enforcement Potential)", "status": "CLOSED", "date_opened": "2024-12-05T08:10:34.000", "date_closed": "2024-12-11T15:37:05.000", "address": "1634 17TH ST", "zipcode": "94607", "councildistrict": "CCD3", "source": "SeeClickFix", "tract_id": "401700", "tract_geoid": "06001401700"}}, {"type": "Feature", "geometry": {"type": "Point", "coordinates": [-122.25187805104035, 37.79046273848155]}, "properties": {"case_id": "1473261", "category": "ENVIRON_ENF", "complaint_type": "Illegal Dumping (Enforcement Potential)", "status": "CLOSED", "date_opened": "2024-12-05T11:23:33.000", "date_closed": "2024-12-24T10:31:26.000", "address": "1028 10TH AVE", "zipcode": "94606", "councildistrict": "CCD2", "source": "SeeClickFix", "tract_id": "406000", "tract_geoid": "06001406000"}}, {"type": "Feature", "geometry": {"type": "Point", "coordinates": [-122.27530255634828, 37.82240761825825]}, "properties": {"case_id": "1473372", "category": "ENVIRON_ENF", "complaint_type": "Illegal Dumping (Enforcement Potential)", "status": "CLOSED", "date_opened": "2024-12-05T14:35:34.000", "date_closed": "2024-12-11T15:07:23.000", "address": "878 32ND ST", "zipcode": "94608", "councildistrict": "CCD3", "source": "SeeClickFix", "tract_id": "401400", "tract_geoid": "06001401400"}}, {"type": "Feature", "geometry": {"type": "Point", "coordinates": [-122.29793136129699, 37.81306863643388]}, "properties": {"case_id": "1473479", "category": "ENVIRON_ENF", "complaint_type": "Illegal Dumping (Enforcement Potential)", "status": "CLOSED", "date_opened": "2024-12-06T07:34:39.000", "date_closed": "2024-12-11T15:20:39.000", "address": "1318 WOOD ST", "zipcode": "94607", "councildistrict": "CCD3", "source": "SeeClickFix", "tract_id": "401800", "tract_geoid": "06001401800"}}, {"type": "Feature", "geometry": {"type": "Point", "coordinates": [-122.18359408253771, 37.746688874641826]}, "properties": {"case_id": "1473500", "category": "ENVIRON_ENF", "complaint_type": "Illegal Dumping (Enforcement Potential)", "status": "CLOSED", "date_opened": "2024-12-06T08:30:12.000", "date_closed": "2024-12-10T15:26:00.000", "address": "8814 G ST", "zipcode": "94621", "councildistrict": "CCD7", "source": "SeeClickFix", "tract_id": "409400", "tract_geoid": "06001409400"}}, {"type": "Feature", "geometry": {"type": "Point", "coordinates": [-122.18080918407803, 37.77351096951035]}, "properties": {"case_id": "1473531", "category": "ENVIRON_ENF", "complaint_type": "Illegal Dumping (Enforcement Potential)", "status": "CLOSED", "date_opened": "2024-12-06T09:36:47.000", "date_closed": "2024-12-06T15:22:23.000", "address": "3215 64TH AVE", "zipcode": "94605", "councildistrict": "CCD6", "source": "SeeClickFix", "tract_id": "408700", "tract_geoid": "06001408700"}}, {"type": "Feature", "geometry": {"type": "Point", "coordinates": [-122.18052619545779, 37.773703955067674]}, "properties": {"case_id": "1473539", "category": "ENVIRON_ENF", "complaint_type": "Illegal Dumping (Enforcement Potential)", "status": "CLOSED", "date_opened": "2024-12-06T09:45:31.000", "date_closed": "2024-12-11T10:17:51.000", "address": "3233 64TH AVE", "zipcode": "94605", "councildistrict": "CCD6", "source": "SeeClickFix", "tract_id": "408700", "tract_geoid": "06001408700"}}, {"type": "Feature", "geometry": {"type": "Point", "coordinates": [-122.20763088549202, 37.794728216245666]}, "properties": {"case_id": "1473569", "category": "ENVIRON_ENF", "complaint_type": "Illegal Dumping (Enforcement Potential)", "status": "CLOSED", "date_opened": "2024-12-06T10:19:47.000", "date_closed": "2024-12-11T10:53:30.000", "address": "MAPLE AV & ARKANSAS ST", "zipcode": "94602", "councildistrict": "CCD5", "source": "Phone", "tract_id": "406601", "tract_geoid": "06001406601"}}, {"type": "Feature", "geometry": {"type": "Point", "coordinates": [-122.18452237814505, 37.751151375091965]}, "properties": {"case_id": "1473640", "category": "ENVIRON_ENF", "complaint_type": "Illegal Dumping (Enforcement Potential)", "status": "CLOSED", "date_opened": "2024-12-06T12:29:44.000", "date_closed": "2024-12-24T11:43:17.000", "address": "84TH AVE AND E ST", "zipcode": "94621", "councildistrict": "CCD7", "source": "SeeClickFix", "tract_id": "409500", "tract_geoid": "06001409500"}}, {"type": "Feature", "geometry": {"type": "Point", "coordinates": [-122.18248705762555, 37.77215786648133]}, "properties": {"case_id": "1473664", "category": "ENVIRON_ENF", "complaint_type": "Illegal Dumping (Enforcement Potential)", "status": "CLOSED", "date_opened": "2024-12-06T13:21:23.000", "date_closed": "2024-12-09T15:19:12.000", "address": "64TH AVE AND CAMDEN ST", "zipcode": "94605", "councildistrict": "CCD6", "source": "SeeClickFix", "tract_id": "408700", "tract_geoid": "06001408700"}}, {"type": "Feature", "geometry": {"type": "Point", "coordinates": [-122.16600606071044, 37.75629471240559]}, "properties": {"case_id": "1473669", "category": "ENVIRON_ENF", "complaint_type": "Illegal Dumping (Enforcement Potential)", "status": "CLOSED", "date_opened": "2024-12-06T13:36:40.000", "date_closed": "2024-12-16T08:49:15.000", "address": "2269 87TH AV", "zipcode": "94605", "councildistrict": "CCD7", "source": "Phone", "tract_id": "409700", "tract_geoid": "06001409700"}}, {"type": "Feature", "geometry": {"type": "Point", "coordinates": [-122.19947375809451, 37.76515632077092]}, "properties": {"case_id": "1473700", "category": "ENVIRON_ENF", "complaint_type": "Illegal Dumping (Enforcement Potential)", "status": "CLOSED", "date_opened": "2024-12-06T14:23:54.000", "date_closed": "2025-01-14T11:25:56.000", "address": "1406 SEMINARY AV", "zipcode": "94621", "councildistrict": "CCD6", "source": "Phone", "tract_id": "408700", "tract_geoid": "06001408700"}}, {"type": "Feature", "geometry": {"type": "Point", "coordinates": [-122.16235622704644, 37.753735954232006]}, "properties": {"case_id": "1473733", "category": "ENVIRON_ENF", "complaint_type": "Illegal Dumping (Enforcement Potential)", "status": "CLOSED", "date_opened": "2024-12-06T15:43:43.000", "date_closed": "2024-12-11T10:35:43.000", "address": "9200 HILLSIDE ST", "zipcode": "94603", "councildistrict": "CCD7", "source": "SeeClickFix", "tract_id": "409700", "tract_geoid": "06001409700"}}, {"type": "Feature", "geometry": {"type": "Point", "coordinates": [-122.26575183568049, 37.833233600142776]}, "properties": {"case_id": "1474089", "category": "HE_CLEAN", "complaint_type": "Homeless Encampment - Closure Needed", "status": "OPEN", "date_opened": "2024-12-09T05:50:21.000", "date_closed": null, "address": "45TH ST & MARTIN LUTHER KING JR WY", "zipcode": "94609", "councildistrict": "CCD1", "source": "SeeClickFix", "tract_id": "401100", "tract_geoid": "06001401100"}}, {"type": "Feature", "geometry": {"type": "Point", "coordinates": [-122.18178663966141, 37.73261077892584]}, "properties": {"case_id": "1474421", "category": "ENVIRON_ENF", "complaint_type": "Illegal Dumping (Enforcement Potential)", "status": "CLOSED", "date_opened": "2024-12-09T16:21:59.000", "date_closed": "2024-12-11T15:16:01.000", "address": "529 DOUGLAS AV", "zipcode": "94603", "councildistrict": "CCD7", "source": "Phone", "tract_id": "409100", "tract_geoid": "06001409100"}}, {"type": "Feature", "geometry": {"type": "Point", "coordinates": [-122.18153285476352, 37.772712569987256]}, "properties": {"case_id": "1475386", "category": "ENVIRON_ENF", "complaint_type": "Illegal Dumping (Enforcement Potential)", "status": "CLOSED", "date_opened": "2024-12-12T12:46:29.000", "date_closed": "2024-12-16T14:57:39.000", "address": "3141 64TH AV", "zipcode": "94605", "councildistrict": "CCD6", "source": "Phone", "tract_id": "408700", "tract_geoid": "06001408700"}}, {"type": "Feature", "geometry": {"type": "Point", "coordinates": [-122.21974197815855, 37.78931299840333]}, "properties": {"case_id": "1475644", "category": "HE_CLEAN", "complaint_type": "Homeless Encampment - Closure Needed", "status": "OPEN", "date_opened": "2024-12-13T13:09:47.000", "date_closed": null, "address": "2631 PRENTISS PL", "zipcode": "94601", "councildistrict": "CCD5", "source": "SeeClickFix", "tract_id": "406500", "tract_geoid": "06001406500"}}, {"type": "Feature", "geometry": {"type": "Point", "coordinates": [-122.18326928719821, 37.771594898263054]}, "properties": {"case_id": "1476284", "category": "ENVIRON_ENF", "complaint_type": "Illegal Dumping (Enforcement Potential)", "status": "CLOSED", "date_opened": "2024-12-16T13:02:11.000", "date_closed": "2025-01-13T08:31:42.000", "address": "BRANN ST & 64TH AV", "zipcode": "94605", "councildistrict": "CCD6", "source": "Phone", "tract_id": "408700", "tract_geoid": "06001408700"}}, {"type": "Feature", "geometry": {"type": "Point", "coordinates": [-122.1613945059655, 37.745286758423724]}, "properties": {"case_id": "1476510", "category": "ENVIRON_ENF", "complaint_type": "Illegal Dumping (Enforcement Potential)", "status": "CLOSED", "date_opened": "2024-12-17T08:36:06.000", "date_closed": "2025-01-13T08:17:47.000", "address": "9925 SUNNYSIDE ST", "zipcode": "94603", "councildistrict": "CCD7", "source": "SeeClickFix", "tract_id": "410300", "tract_geoid": "06001410300"}}, {"type": "Feature", "geometry": {"type": "Point", "coordinates": [-122.17515135964045, 37.750453549410494]}, "properties": {"case_id": "1477368", "category": "ENVIRON_ENF", "complaint_type": "Illegal Dumping (Enforcement Potential)", "status": "CLOSED", "date_opened": "2024-12-19T11:07:51.000", "date_closed": "2025-01-13T09:27:28.000", "address": "89TH AVE & INTERNATIONAL BLVD", "zipcode": "94621", "councildistrict": "CCD7", "source": "SeeClickFix", "tract_id": "409400", "tract_geoid": "06001409400"}}, {"type": "Feature", "geometry": {"type": "Point", "coordinates": [-122.21430173779032, 37.77960968119939]}, "properties": {"case_id": "1477370", "category": "ENVIRON_ENF", "complaint_type": "Illegal Dumping (Enforcement Potential)", "status": "CLOSED", "date_opened": "2024-12-19T11:13:39.000", "date_closed": "2025-01-13T08:44:04.000", "address": "2007 39TH AV", "zipcode": "94601", "councildistrict": "CCD5", "source": "Phone", "tract_id": "407102", "tract_geoid": "06001407102"}}, {"type": "Feature", "geometry": {"type": "Point", "coordinates": [-122.26882571044949, 37.81069306213415]}, "properties": {"case_id": "1477414", "category": "ENVIRON_ENF", "complaint_type": "Illegal Dumping (Enforcement Potential)", "status": "CLOSED", "date_opened": "2024-12-19T12:53:50.000", "date_closed": "2025-01-13T08:40:34.000", "address": "27TH ST & TELEGRAPH AV", "zipcode": "94612", "councildistrict": "CCD3", "source": "SeeClickFix", "tract_id": "402801", "tract_geoid": "06001402801"}}, {"type": "Feature", "geometry": {"type": "Point", "coordinates": [-122.17379965859917, 37.79630277922437]}, "properties": {"case_id": "1478042", "category": "ENVIRON_ENF", "complaint_type": "Illegal Dumping (Enforcement Potential)", "status": "CLOSED", "date_opened": "2024-12-22T12:27:15.000", "date_closed": "2024-12-30T17:48:55.000", "address": "OLD REDWOOD RD & REDWOOD RD", "zipcode": "94619", "councildistrict": "CCD6", "source": "SeeClickFix", "tract_id": "408100", "tract_geoid": "06001408100"}}, {"type": "Feature", "geometry": {"type": "Point", "coordinates": [-122.18018378841448, 37.773740863154245]}, "properties": {"case_id": "1478113", "category": "ENVIRON_ENF", "complaint_type": "Illegal Dumping (Enforcement Potential)", "status": "CLOSED", "date_opened": "2024-12-23T07:48:58.000", "date_closed": "2025-01-13T15:06:57.000", "address": "3245 64TH AVE", "zipcode": "94605", "councildistrict": "CCD6", "source": "SeeClickFix", "tract_id": "408700", "tract_geoid": "06001408700"}}, {"type": "Feature", "geometry": {"type": "Point", "coordinates": [-122.19219197901668, 37.76751471499]}, "properties": {"case_id": "1478304", "category": "ENVIRON_ENF", "complaint_type": "Illegal Dumping (Enforcement Potential)", "status": "CLOSED", "date_opened": "2024-12-23T13:25:21.000", "date_closed": "2025-01-13T08:48:00.000", "address": "2227 62ND AVE", "zipcode": "94605", "councildistrict": "CCD6", "source": "Phone", "tract_id": "408700", "tract_geoid": "06001408700"}}, {"type": "Feature", "geometry": {"type": "Point", "coordinates": [-122.20433864099073, 37.79798142399511]}, "properties": {"case_id": "1478438", "category": "ENVIRON_ENF", "complaint_type": "Illegal Dumping (Enforcement Potential)", "status": "CLOSED", "date_opened": "2024-12-24T08:07:33.000", "date_closed": "2025-01-07T14:51:21.000", "address": "3650 MAPLE AV", "zipcode": "94602", "councildistrict": "CCD4", "source": "Email", "tract_id": "406700", "tract_geoid": "06001406700"}}, {"type": "Feature", "geometry": {"type": "Point", "coordinates": [-122.17019994699879, 37.76206652918045]}, "properties": {"case_id": "1478504", "category": "ENVIRON_ENF", "complaint_type": "Illegal Dumping (Enforcement Potential)", "status": "CLOSED", "date_opened": "2024-12-24T10:59:31.000", "date_closed": "2025-01-13T09:49:08.000", "address": "2263 80TH AV", "zipcode": "94605", "councildistrict": "CCD6", "source": "Phone", "tract_id": "408400", "tract_geoid": "06001408400"}}, {"type": "Feature", "geometry": {"type": "Point", "coordinates": [-122.22714780686958, 37.855770050785395]}, "properties": {"case_id": "1478512", "category": "ENVIRON_ENF", "complaint_type": "Illegal Dumping (Enforcement Potential)", "status": "CLOSED", "date_opened": "2024-12-24T11:24:23.000", "date_closed": "2024-12-30T14:07:11.000", "address": "1872 GRAND VIEW DR", "zipcode": "94618", "councildistrict": "CCD4", "source": "Email", "tract_id": "400100", "tract_geoid": "06001400100"}}, {"type": "Feature", "geometry": {"type": "Point", "coordinates": [-122.20745968009155, 37.82307354862609]}, "properties": {"case_id": "1478595", "category": "ENVIRON_ENF", "complaint_type": "Illegal Dumping (Enforcement Potential)", "status": "CLOSED", "date_opened": "2024-12-24T14:28:21.000", "date_closed": "2025-01-09T10:06:25.000", "address": "2240 MOUNTAIN BLVD", "zipcode": "94611", "councildistrict": "CCD4", "source": "SeeClickFix", "tract_id": "404600", "tract_geoid": "06001404600"}}, {"type": "Feature", "geometry": {"type": "Point", "coordinates": [-122.1994738782855, 37.76517821100236]}, "properties": {"case_id": "1478790", "category": "ENVIRON_ENF", "complaint_type": "Illegal Dumping (Enforcement Potential)", "status": "CLOSED", "date_opened": "2024-12-26T10:24:32.000", "date_closed": "2025-01-03T07:14:46.000", "address": "1409 SEMINARY AV", "zipcode": "94621", "councildistrict": "CCD6", "source": "Phone", "tract_id": "407500", "tract_geoid": "06001407500"}}, {"type": "Feature", "geometry": {"type": "Point", "coordinates": [-122.26781914553783, 37.797865343104064]}, "properties": {"case_id": "1478796", "category": "ENVIRON_ENF", "complaint_type": "Illegal Dumping (Enforcement Potential)", "status": "CLOSED", "date_opened": "2024-12-26T10:50:00.000", "date_closed": "2025-01-10T15:28:49.000", "address": "JACKSON ST & 8TH ST", "zipcode": "94607", "councildistrict": "CCD2", "source": "Phone", "tract_id": "403301", "tract_geoid": "06001403301"}}, {"type": "Feature", "geometry": {"type": "Point", "coordinates": [-122.18061026726261, 37.76109795296184]}, "properties": {"case_id": "1478804", "category": "ENVIRON_ENF", "complaint_type": "Illegal Dumping (Enforcement Potential)", "status": "CLOSED", "date_opened": "2024-12-26T11:07:34.000", "date_closed": "2025-01-13T08:24:23.000", "address": "7447 WELD ST", "zipcode": "94621", "councildistrict": "CCD6", "source": "SeeClickFix", "tract_id": "408500", "tract_geoid": "06001408500"}}, {"type": "Feature", "geometry": {"type": "Point", "coordinates": [-122.18076984239428, 37.761173164449005]}, "properties": {"case_id": "1478811", "category": "ENVIRON_ENF", "complaint_type": "Illegal Dumping (Enforcement Potential)", "status": "CLOSED", "date_opened": "2024-12-26T11:17:25.000", "date_closed": "2025-01-03T07:41:11.000", "address": "7443 WELD ST", "zipcode": "94621", "councildistrict": "CCD6", "source": "SeeClickFix", "tract_id": "408500", "tract_geoid": "06001408500"}}, {"type": "Feature", "geometry": {"type": "Point", "coordinates": [-122.16095274916033, 37.75277692635314]}, "properties": {"case_id": "1478843", "category": "ENVIRON_ENF", "complaint_type": "Illegal Dumping (Enforcement Potential)", "status": "CLOSED", "date_opened": "2024-12-26T12:22:51.000", "date_closed": "2025-01-02T10:57:19.000", "address": "2481 94TH AVE", "zipcode": "94603", "councildistrict": "CCD7", "source": "SeeClickFix", "tract_id": "409700", "tract_geoid": "06001409700"}}, {"type": "Feature", "geometry": {"type": "Point", "coordinates": [-122.18190331538467, 37.74466014498011]}, "properties": {"case_id": "1478844", "category": "ENVIRON_ENF", "complaint_type": "Illegal Dumping (Enforcement Potential)", "status": "CLOSED", "date_opened": "2024-12-26T12:25:37.000", "date_closed": "2025-01-30T08:41:16.000", "address": "G ST & 92ND AV", "zipcode": "94621", "councildistrict": "CCD7", "source": "Phone", "tract_id": "409400", "tract_geoid": "06001409400"}}, {"type": "Feature", "geometry": {"type": "Point", "coordinates": [-122.18488084024743, 37.74428648376923]}, "properties": {"case_id": "1478858", "category": "ENVIRON_ENF", "complaint_type": "Illegal Dumping (Enforcement Potential)", "status": "CLOSED", "date_opened": "2024-12-26T13:10:19.000", "date_closed": "2025-01-30T08:40:39.000", "address": "9015 G ST", "zipcode": "94621", "councildistrict": "CCD7", "source": "SeeClickFix", "tract_id": "409400", "tract_geoid": "06001409400"}}, {"type": "Feature", "geometry": {"type": "Point", "coordinates": [-122.27394662293136, 37.84233840618047]}, "properties": {"case_id": "1479130", "category": "ENVIRON_ENF", "complaint_type": "Illegal Dumping (Enforcement Potential)", "status": "CLOSED", "date_opened": "2024-12-27T14:00:27.000", "date_closed": "2025-01-30T08:40:23.000", "address": "ADELINE ST & ARLINGTON AVE", "zipcode": "94608", "councildistrict": "CCD1", "source": "SeeClickFix", "tract_id": "400700", "tract_geoid": "06001400700"}}, {"type": "Feature", "geometry": {"type": "Point", "coordinates": [-122.26499722544725, 37.83029796189891]}, "properties": {"case_id": "1479217", "category": "ENVIRON_ENF", "complaint_type": "Illegal Dumping (Enforcement Potential)", "status": "CLOSED", "date_opened": "2024-12-27T17:35:52.000", "date_closed": "2025-01-30T08:40:10.000", "address": "524 41ST ST", "zipcode": "94609", "councildistrict": "CCD1", "source": "SeeClickFix", "tract_id": "401100", "tract_geoid": "06001401100"}}, {"type": "Feature", "geometry": {"type": "Point", "coordinates": [-122.26505744087001, 37.830147607719404]}, "properties": {"case_id": "1479229", "category": "ENVIRON_ENF", "complaint_type": "Illegal Dumping (Enforcement Potential)", "status": "CLOSED", "date_opened": "2024-12-27T20:57:41.000", "date_closed": "2025-01-30T08:39:59.000", "address": "524 41ST ST", "zipcode": "94609", "councildistrict": "CCD1", "source": "SeeClickFix", "tract_id": "401100", "tract_geoid": "06001401100"}}, {"type": "Feature", "geometry": {"type": "Point", "coordinates": [-122.2650349436426, 37.830156898861745]}, "properties": {"case_id": "1479489", "category": "ENVIRON_ENF", "complaint_type": "Illegal Dumping (Enforcement Potential)", "status": "CLOSED", "date_opened": "2024-12-29T19:45:53.000", "date_closed": "2025-01-30T08:39:45.000", "address": "514 41ST ST", "zipcode": "94609", "councildistrict": "CCD1", "source": "SeeClickFix", "tract_id": "401100", "tract_geoid": "06001401100"}}, {"type": "Feature", "geometry": {"type": "Point", "coordinates": [-122.26505087165833, 37.83015970951112]}, "properties": {"case_id": "1479509", "category": "ENVIRON_ENF", "complaint_type": "Illegal Dumping (Enforcement Potential)", "status": "CLOSED", "date_opened": "2024-12-30T06:05:39.000", "date_closed": "2025-01-30T08:39:33.000", "address": "520 41ST ST", "zipcode": "94609", "councildistrict": "CCD1", "source": "SeeClickFix", "tract_id": "401100", "tract_geoid": "06001401100"}}, {"type": "Feature", "geometry": {"type": "Point", "coordinates": [-122.19218523574654, 37.76558585004203]}, "properties": {"case_id": "1479600", "category": "ENVIRON_ENF", "complaint_type": "Illegal Dumping (Enforcement Potential)", "status": "CLOSED", "date_opened": "2024-12-30T11:04:59.000", "date_closed": "2025-01-13T09:04:11.000", "address": "2053 64TH AVE", "zipcode": "94621", "councildistrict": "CCD6", "source": "SeeClickFix", "tract_id": "408700", "tract_geoid": "06001408700"}}, {"type": "Feature", "geometry": {"type": "Point", "coordinates": [-122.16063410038865, 37.752958117156965]}, "properties": {"case_id": "1479796", "category": "ENVIRON_ENF", "complaint_type": "Illegal Dumping (Enforcement Potential)", "status": "CLOSED", "date_opened": "2024-12-30T20:22:37.000", "date_closed": "2025-01-13T08:32:54.000", "address": "94TH AVE & VISTA CT", "zipcode": "94603", "councildistrict": "CCD7", "source": "SeeClickFix", "tract_id": "409700", "tract_geoid": "06001409700"}}, {"type": "Feature", "geometry": {"type": "Point", "coordinates": [-122.17334826820249, 37.74891739553634]}, "properties": {"case_id": "1479893", "category": "ENVIRON_ENF", "complaint_type": "Illegal Dumping (Enforcement Potential)", "status": "CLOSED", "date_opened": "2024-12-31T10:27:24.000", "date_closed": "2025-01-08T15:05:24.000", "address": "1434 92ND AV", "zipcode": "94603", "councildistrict": "CCD7", "source": "Phone", "tract_id": "409600", "tract_geoid": "06001409600"}}, {"type": "Feature", "geometry": {"type": "Point", "coordinates": [-122.22821127081353, 37.78541199649543]}, "properties": {"case_id": "1480549", "category": "ENVIRON_ENF", "complaint_type": "Illegal Dumping (Enforcement Potential)", "status": "CLOSED", "date_opened": "2025-01-03T09:58:05.000", "date_closed": "2025-01-13T08:01:32.000", "address": "5528 EDGERLY ST", "zipcode": "94601", "councildistrict": "CCD5", "source": "Phone", "tract_id": "406201", "tract_geoid": "06001406201"}}, {"type": "Feature", "geometry": {"type": "Point", "coordinates": [-122.26069163310441, 37.81371855308178]}, "properties": {"case_id": "1480697", "category": "ENVIRON_ENF", "complaint_type": "Illegal Dumping (Enforcement Potential)", "status": "CLOSED", "date_opened": "2025-01-03T15:43:21.000", "date_closed": "2025-01-13T14:21:35.000", "address": "2602 HARRISON ST", "zipcode": "94612", "councildistrict": "CCD3", "source": "Email", "tract_id": "403502", "tract_geoid": "06001403502"}}, {"type": "Feature", "geometry": {"type": "Point", "coordinates": [-122.21313687150774, 37.78526842020525]}, "properties": {"case_id": "1480715", "category": "ENVIRON_ENF", "complaint_type": "Illegal Dumping (Enforcement Potential)", "status": "CLOSED", "date_opened": "2025-01-03T16:14:46.000", "date_closed": "2025-01-14T11:23:52.000", "address": "3550 DAVIS ST", "zipcode": "94601", "councildistrict": "CCD5", "source": "Phone", "tract_id": "407101", "tract_geoid": "06001407101"}}, {"type": "Feature", "geometry": {"type": "Point", "coordinates": [-122.24370726614235, 37.78896092692551]}, "properties": {"case_id": "1480833", "category": "ENVIRON_ENF", "complaint_type": "Illegal Dumping (Enforcement Potential)", "status": "CLOSED", "date_opened": "2025-01-04T11:42:16.000", "date_closed": "2025-01-14T13:29:48.000", "address": "16TH AVE & E 15TH ST", "zipcode": "94606", "councildistrict": "CCD2", "source": "SeeClickFix", "tract_id": "405902", "tract_geoid": "06001405902"}}, {"type": "Feature", "geometry": {"type": "Point", "coordinates": [-122.26942895475227, 37.806718056209675]}, "properties": {"case_id": "1480904", "category": "ENVIRON_ENF", "complaint_type": "Illegal Dumping (Enforcement Potential)", "status": "CLOSED", "date_opened": "2025-01-04T17:12:05.000", "date_closed": "2025-01-07T15:00:14.000", "address": "1700 BROADWAY", "zipcode": "94612", "councildistrict": "CCD3", "source": "SeeClickFix", "tract_id": "402900", "tract_geoid": "06001402900"}}, {"type": "Feature", "geometry": {"type": "Point", "coordinates": [-122.16237224091776, 37.75373424509347]}, "properties": {"case_id": "1481113", "category": "ENVIRON_ENF", "complaint_type": "Illegal Dumping (Enforcement Potential)", "status": "CLOSED", "date_opened": "2025-01-05T21:51:52.000", "date_closed": "2025-01-08T14:58:45.000", "address": "9206 HILLSIDE ST", "zipcode": "94603", "councildistrict": "CCD7", "source": "SeeClickFix", "tract_id": "409700", "tract_geoid": "06001409700"}}, {"type": "Feature", "geometry": {"type": "Point", "coordinates": [-122.25761026604458, 37.818845735734996]}, "properties": {"case_id": "1481122", "category": "ENVIRON_ENF", "complaint_type": "Illegal Dumping (Enforcement Potential)", "status": "CLOSED", "date_opened": "2025-01-05T22:53:20.000", "date_closed": "2025-01-13T14:16:04.000", "address": "385 FAIRMOUNT AVE", "zipcode": "94611", "councildistrict": "CCD3", "source": "SeeClickFix", "tract_id": "403501", "tract_geoid": "06001403501"}}, {"type": "Feature", "geometry": {"type": "Point", "coordinates": [-122.28506913964294, 37.84408650771643]}, "properties": {"case_id": "1481287", "category": "HE_CLEAN", "complaint_type": "Homeless Encampment - Closure Needed", "status": "OPEN", "date_opened": "2025-01-06T10:57:30.000", "date_closed": null, "address": "6138 MARSHALL ST", "zipcode": "94608", "councildistrict": "CCD1", "source": "SeeClickFix", "tract_id": "400800", "tract_geoid": "06001400800"}}, {"type": "Feature", "geometry": {"type": "Point", "coordinates": [-122.26504640575935, 37.8301655995382]}, "properties": {"case_id": "1481340", "category": "ENVIRON_ENF", "complaint_type": "Illegal Dumping (Enforcement Potential)", "status": "CLOSED", "date_opened": "2025-01-06T12:09:52.000", "date_closed": "2025-01-15T08:25:29.000", "address": "520 41ST ST", "zipcode": "94609", "councildistrict": "CCD1", "source": "SeeClickFix", "tract_id": "401100", "tract_geoid": "06001401100"}}, {"type": "Feature", "geometry": {"type": "Point", "coordinates": [-122.18656595254258, 37.76478510549692]}, "properties": {"case_id": "1481360", "category": "ENVIRON_ENF", "complaint_type": "Illegal Dumping (Enforcement Potential)", "status": "CLOSED", "date_opened": "2025-01-06T12:38:54.000", "date_closed": "2025-01-14T14:45:40.000", "address": "6725 AVENAL AVE", "zipcode": "94621", "councildistrict": "CCD6", "source": "SeeClickFix", "tract_id": "408600", "tract_geoid": "06001408600"}}, {"type": "Feature", "geometry": {"type": "Point", "coordinates": [-122.19212697771054, 37.76742728383163]}, "properties": {"case_id": "1481523", "category": "ENVIRON_ENF", "complaint_type": "Illegal Dumping (Enforcement Potential)", "status": "CLOSED", "date_opened": "2025-01-06T16:28:07.000", "date_closed": "2025-01-07T15:13:27.000", "address": "6205 HAYES ST", "zipcode": "94621", "councildistrict": "CCD6", "source": "Phone", "tract_id": "408700", "tract_geoid": "06001408700"}}, {"type": "Feature", "geometry": {"type": "Point", "coordinates": [-122.1822621423935, 37.772382879067955]}, "properties": {"case_id": "1482170", "category": "ENVIRON_ENF", "complaint_type": "Illegal Dumping (Enforcement Potential)", "status": "CLOSED", "date_opened": "2025-01-08T11:24:31.000", "date_closed": "2025-01-08T15:18:52.000", "address": "64TH AVE & CAMDEN ST", "zipcode": "94605", "councildistrict": "CCD6", "source": "SeeClickFix", "tract_id": "408700", "tract_geoid": "06001408700"}}, {"type": "Feature", "geometry": {"type": "Point", "coordinates": [-122.27522281041037, 37.825487330494674]}, "properties": {"case_id": "1482198", "category": "ENVIRON_ENF", "complaint_type": "Illegal Dumping (Enforcement Potential)", "status": "CLOSED", "date_opened": "2025-01-08T12:20:42.000", "date_closed": "2025-01-13T14:43:07.000", "address": "5000 REDWOOD ROAD", "zipcode": "94608", "councildistrict": "CCD3", "source": "SeeClickFix", "tract_id": "401400", "tract_geoid": "06001401400"}}, {"type": "Feature", "geometry": {"type": "Point", "coordinates": [-122.24252692882064, 37.78822053190342]}, "properties": {"case_id": "1482230", "category": "ENVIRON_ENF", "complaint_type": "Illegal Dumping (Enforcement Potential)", "status": "CLOSED", "date_opened": "2025-01-08T13:17:29.000", "date_closed": "2025-01-14T11:17:14.000", "address": "1470 17TH AVE", "zipcode": "94606", "councildistrict": "CCD2", "source": "SeeClickFix", "tract_id": "405902", "tract_geoid": "06001405902"}}, {"type": "Feature", "geometry": {"type": "Point", "coordinates": [-122.26680067768815, 37.7983285573533]}, "properties": {"case_id": "1482339", "category": "ENVIRON_ENF", "complaint_type": "Illegal Dumping (Enforcement Potential)", "status": "CLOSED", "date_opened": "2025-01-08T16:27:14.000", "date_closed": "2025-01-14T13:39:27.000", "address": "174 9TH ST", "zipcode": "94607", "councildistrict": "CCD2", "source": "Phone", "tract_id": "403301", "tract_geoid": "06001403301"}}, {"type": "Feature", "geometry": {"type": "Point", "coordinates": [-122.26478459742106, 37.79791002580933]}, "properties": {"case_id": "1482394", "category": "ENVIRON_ENF", "complaint_type": "Illegal Dumping (Enforcement Potential)", "status": "CLOSED", "date_opened": "2025-01-08T23:29:50.000", "date_closed": "2025-01-14T13:56:39.000", "address": "918 OAK ST", "zipcode": "94607", "councildistrict": "CCD2", "source": "SeeClickFix", "tract_id": "403302", "tract_geoid": "06001403302"}}, {"type": "Feature", "geometry": {"type": "Point", "coordinates": [-122.18135818469123, 37.773067720778094]}, "properties": {"case_id": "1482407", "category": "ENVIRON_ENF", "complaint_type": "Illegal Dumping (Enforcement Potential)", "status": "CLOSED", "date_opened": "2025-01-09T07:44:20.000", "date_closed": "2025-01-10T14:41:15.000", "address": "3141 64TH AV", "zipcode": "94605", "councildistrict": "CCD6", "source": "SeeClickFix", "tract_id": "408700", "tract_geoid": "06001408700"}}, {"type": "Feature", "geometry": {"type": "Point", "coordinates": [-122.27748242217146, 37.82295022152846]}, "properties": {"case_id": "1482576", "category": "ENVIRON_ENF", "complaint_type": "Illegal Dumping (Enforcement Potential)", "status": "CLOSED", "date_opened": "2025-01-09T12:27:20.000", "date_closed": "2025-01-13T14:56:49.000", "address": "967 32ND ST", "zipcode": "94608", "councildistrict": "CCD3", "source": "Phone", "tract_id": "401500", "tract_geoid": "06001401500"}}, {"type": "Feature", "geometry": {"type": "Point", "coordinates": [-122.17365142300103, 37.765542682877225]}, "properties": {"case_id": "1482590", "category": "ENVIRON_ENF", "complaint_type": "Illegal Dumping (Enforcement Potential)", "status": "CLOSED", "date_opened": "2025-01-09T12:56:02.000", "date_closed": "2025-01-16T15:22:32.000", "address": "2611 76TH AV", "zipcode": "94605", "councildistrict": "CCD6", "source": "SeeClickFix", "tract_id": "408400", "tract_geoid": "06001408400"}}, {"type": "Feature", "geometry": {"type": "Point", "coordinates": [-122.17301279883735, 37.76601279597991]}, "properties": {"case_id": "1482973", "category": "ENVIRON_ENF", "complaint_type": "Illegal Dumping (Enforcement Potential)", "status": "CLOSED", "date_opened": "2025-01-10T12:38:57.000", "date_closed": "2025-01-23T08:09:25.000", "address": "2649 76TH AVE", "zipcode": "94605", "councildistrict": "CCD6", "source": "SeeClickFix", "tract_id": "408400", "tract_geoid": "06001408400"}}, {"type": "Feature", "geometry": {"type": "Point", "coordinates": [-122.18691226126381, 37.76155157264075]}, "properties": {"case_id": "1483025", "category": "ENVIRON_ENF", "complaint_type": "Illegal Dumping (Enforcement Potential)", "status": "CLOSED", "date_opened": "2025-01-10T13:39:35.000", "date_closed": "2025-01-17T14:19:53.000", "address": "1608 71ST AV", "zipcode": "94621", "councildistrict": "CCD6", "source": "Phone", "tract_id": "408600", "tract_geoid": "06001408600"}}, {"type": "Feature", "geometry": {"type": "Point", "coordinates": [-122.19922226157756, 37.76992030652945]}, "properties": {"case_id": "1483042", "category": "ENVIRON_ENF", "complaint_type": "Illegal Dumping (Enforcement Potential)", "status": "CLOSED", "date_opened": "2025-01-10T14:09:49.000", "date_closed": "2025-01-15T15:21:50.000", "address": "5527 EDGERLY ST", "zipcode": "94621", "councildistrict": "CCD6", "source": "Phone", "tract_id": "407500", "tract_geoid": "06001407500"}}, {"type": "Feature", "geometry": {"type": "Point", "coordinates": [-122.1919967818904, 37.758288814136066]}, "properties": {"case_id": "1483049", "category": "HE_CLEAN", "complaint_type": "Homeless Encampment - Closure Needed", "status": "OPEN", "date_opened": "2025-01-10T14:25:32.000", "date_closed": null, "address": "7014 HAMILTON ST", "zipcode": "94621", "councildistrict": "CCD6", "source": "SeeClickFix", "tract_id": "408800", "tract_geoid": "06001408800"}}, {"type": "Feature", "geometry": {"type": "Point", "coordinates": [-122.21279144357476, 37.78495695312328]}, "properties": {"case_id": "1483081", "category": "ENVIRON_ENF", "complaint_type": "Illegal Dumping (Enforcement Potential)", "status": "CLOSED", "date_opened": "2025-01-10T15:26:39.000", "date_closed": "2025-01-17T14:34:39.000", "address": "3574 DAVIS ST", "zipcode": "94601", "councildistrict": "CCD5", "source": "Phone or Email", "tract_id": "407101", "tract_geoid": "06001407101"}}, {"type": "Feature", "geometry": {"type": "Point", "coordinates": [-122.19222280639539, 37.76567065350391]}, "properties": {"case_id": "1483388", "category": "ENVIRON_ENF", "complaint_type": "Illegal Dumping (Enforcement Potential)", "status": "CLOSED", "date_opened": "2025-01-12T14:43:10.000", "date_closed": "2025-01-15T15:05:31.000", "address": "2053 64TH AVE", "zipcode": "94621", "councildistrict": "CCD6", "source": "SeeClickFix", "tract_id": "408700", "tract_geoid": "06001408700"}}, {"type": "Feature", "geometry": {"type": "Point", "coordinates": [-122.27611395719074, 37.801110564439604]}, "properties": {"case_id": "1483630", "category": "ENVIRON_ENF", "complaint_type": "Illegal Dumping (Enforcement Potential)", "status": "CLOSED", "date_opened": "2025-01-13T11:30:56.000", "date_closed": "2026-03-03T14:58:00.000", "address": "547 8TH ST", "zipcode": "94607", "councildistrict": "CCD3", "source": "Phone", "tract_id": "403100", "tract_geoid": "06001403100"}}, {"type": "Feature", "geometry": {"type": "Point", "coordinates": [-122.19673528427228, 37.77235157871541]}, "properties": {"case_id": "1483767", "category": "ENVIRON_ENF", "complaint_type": "Illegal Dumping (Enforcement Potential)", "status": "CLOSED", "date_opened": "2025-01-13T14:55:58.000", "date_closed": "2025-01-17T13:59:31.000", "address": "5471 FOOTHILL BLVD", "zipcode": "94601", "councildistrict": "CCD6", "source": "SeeClickFix", "tract_id": "407500", "tract_geoid": "06001407500"}}, {"type": "Feature", "geometry": {"type": "Point", "coordinates": [-122.1735012097582, 37.74052094548931]}, "properties": {"case_id": "1484263", "category": "ENVIRON_ENF", "complaint_type": "Illegal Dumping (Enforcement Potential)", "status": "CLOSED", "date_opened": "2025-01-15T08:07:07.000", "date_closed": "2025-01-16T15:17:11.000", "address": "100TH AVE & C ST", "zipcode": "94603", "councildistrict": "CCD7", "source": "SeeClickFix", "tract_id": "409300", "tract_geoid": "06001409300"}}, {"type": "Feature", "geometry": {"type": "Point", "coordinates": [-122.27680553936169, 37.816930674953156]}, "properties": {"case_id": "1484281", "category": "ENVIRON_ENF", "complaint_type": "Illegal Dumping (Enforcement Potential)", "status": "CLOSED", "date_opened": "2025-01-15T09:03:54.000", "date_closed": "2025-01-21T08:23:31.000", "address": "857 MILTON ST", "zipcode": "94607", "councildistrict": "CCD3", "source": "Phone", "tract_id": "401600", "tract_geoid": "06001401600"}}, {"type": "Feature", "geometry": {"type": "Point", "coordinates": [-122.27909492662998, 37.82537661691682]}, "properties": {"case_id": "1484329", "category": "HE_CLEAN", "complaint_type": "Homeless Encampment - Closure Needed", "status": "OPEN", "date_opened": "2025-01-15T10:33:02.000", "date_closed": null, "address": "3400 CHESTNUT ST", "zipcode": "94608", "councildistrict": "CCD3", "source": "SeeClickFix", "tract_id": "401500", "tract_geoid": "06001401500"}}, {"type": "Feature", "geometry": {"type": "Point", "coordinates": [-122.28254547823165, 37.84401709330579]}, "properties": {"case_id": "1484535", "category": "ENVIRON_ENF", "complaint_type": "Illegal Dumping (Enforcement Potential)", "status": "CLOSED", "date_opened": "2025-01-15T20:38:00.000", "date_closed": "2025-01-30T08:39:14.000", "address": "HERZOG ST & 61ST ST", "zipcode": "94608", "councildistrict": "CCD1", "source": "SeeClickFix", "tract_id": "400800", "tract_geoid": "06001400800"}}, {"type": "Feature", "geometry": {"type": "Point", "coordinates": [-122.2143069502441, 37.77820423406072]}, "properties": {"case_id": "1485055", "category": "ENVIRON_ENF", "complaint_type": "Illegal Dumping (Enforcement Potential)", "status": "CLOSED", "date_opened": "2025-01-17T12:08:29.000", "date_closed": "2025-01-27T13:29:39.000", "address": "4024 SAN JUAN ST", "zipcode": "94601", "councildistrict": "CCD5", "source": "Phone", "tract_id": "407102", "tract_geoid": "06001407102"}}, {"type": "Feature", "geometry": {"type": "Point", "coordinates": [-122.21015120970695, 37.77239597572731]}, "properties": {"case_id": "1485970", "category": "ENVIRON_ENF", "complaint_type": "Illegal Dumping (Enforcement Potential)", "status": "CLOSED", "date_opened": "2025-01-21T11:23:26.000", "date_closed": "2025-01-23T14:12:05.000", "address": "1644 46TH AVE", "zipcode": "94601", "councildistrict": "CCD5", "source": "SeeClickFix", "tract_id": "407400", "tract_geoid": "06001407400"}}, {"type": "Feature", "geometry": {"type": "Point", "coordinates": [-122.16952613931178, 37.75528671358986]}, "properties": {"case_id": "1486013", "category": "ENVIRON_ENF", "complaint_type": "Illegal Dumping (Enforcement Potential)", "status": "CLOSED", "date_opened": "2025-01-21T12:49:08.000", "date_closed": "2025-01-23T07:37:57.000", "address": "1976 AUSEON AVE", "zipcode": "94621", "councildistrict": "CCD7", "source": "SeeClickFix", "tract_id": "409600", "tract_geoid": "06001409600"}}, {"type": "Feature", "geometry": {"type": "Point", "coordinates": [-122.21002257311599, 37.84418990856853]}, "properties": {"case_id": "1486285", "category": "ENVIRON_ENF", "complaint_type": "Illegal Dumping (Enforcement Potential)", "status": "CLOSED", "date_opened": "2025-01-22T09:18:19.000", "date_closed": "2025-01-23T14:15:32.000", "address": "6444 VALLEY VIEW RD", "zipcode": "94611", "councildistrict": "CCD4", "source": "Email", "tract_id": "404400", "tract_geoid": "06001404400"}}, {"type": "Feature", "geometry": {"type": "Point", "coordinates": [-122.26916265430845, 37.83850898440772]}, "properties": {"case_id": "1486473", "category": "ENVIRON_ENF", "complaint_type": "Illegal Dumping (Enforcement Potential)", "status": "CLOSED", "date_opened": "2025-01-22T14:58:48.000", "date_closed": "2025-01-30T08:39:01.000", "address": "5348 MARTIN LUTHER KING JR WY", "zipcode": "94609", "councildistrict": "CCD1", "source": "Phone", "tract_id": "400700", "tract_geoid": "06001400700"}}, {"type": "Feature", "geometry": {"type": "Point", "coordinates": [-122.1943269601933, 37.75460893892933]}, "properties": {"case_id": "1486658", "category": "ENVIRON_ENF", "complaint_type": "Illegal Dumping (Enforcement Potential)", "status": "CLOSED", "date_opened": "2025-01-23T09:36:09.000", "date_closed": "2025-01-24T13:32:31.000", "address": "73RD AV & HAWLEY ST", "zipcode": "94621", "councildistrict": "CCD6", "source": "Phone", "tract_id": "408900", "tract_geoid": "06001408900"}}, {"type": "Feature", "geometry": {"type": "Point", "coordinates": [-122.18277519633132, 37.772420274170166]}, "properties": {"case_id": "1486987", "category": "ENVIRON_ENF", "complaint_type": "Illegal Dumping (Enforcement Potential)", "status": "CLOSED", "date_opened": "2025-01-24T08:37:11.000", "date_closed": "2025-01-24T13:35:54.000", "address": "6325 CAMDEN ST", "zipcode": "94605", "councildistrict": "CCD6", "source": "SeeClickFix", "tract_id": "408700", "tract_geoid": "06001408700"}}, {"type": "Feature", "geometry": {"type": "Point", "coordinates": [-122.26422549525067, 37.83025704094067]}, "properties": {"case_id": "1487635", "category": "ENVIRON_ENF", "complaint_type": "Illegal Dumping (Enforcement Potential)", "status": "CLOSED", "date_opened": "2025-01-27T09:36:30.000", "date_closed": "2025-01-30T13:19:01.000", "address": "4115 TELEGRAPH AVE", "zipcode": "94609", "councildistrict": "CCD1", "source": "SeeClickFix", "tract_id": "401100", "tract_geoid": "06001401100"}}, {"type": "Feature", "geometry": {"type": "Point", "coordinates": [-122.24943846932827, 37.790956220317995]}, "properties": {"case_id": "1487864", "category": "ENVIRON_ENF", "complaint_type": "Illegal Dumping (Enforcement Potential)", "status": "CLOSED", "date_opened": "2025-01-27T15:07:25.000", "date_closed": "2025-02-04T08:28:09.000", "address": "1241 11TH AV", "zipcode": "94606", "councildistrict": "CCD2", "source": "Phone", "tract_id": "406000", "tract_geoid": "06001406000"}}, {"type": "Feature", "geometry": {"type": "Point", "coordinates": [-122.24269719366076, 37.80737993449995]}, "properties": {"case_id": "1488082", "category": "ENVIRON_ENF", "complaint_type": "Illegal Dumping (Enforcement Potential)", "status": "CLOSED", "date_opened": "2025-01-28T10:21:19.000", "date_closed": "2025-02-04T09:00:50.000", "address": "722 HILLGIRT CIR", "zipcode": "94610", "councildistrict": "CCD2", "source": "Phone", "tract_id": "405200", "tract_geoid": "06001405200"}}, {"type": "Feature", "geometry": {"type": "Point", "coordinates": [-122.26840507877957, 37.80922776547597]}, "properties": {"case_id": "1488179", "category": "ENVIRON_ENF", "complaint_type": "Illegal Dumping (Enforcement Potential)", "status": "CLOSED", "date_opened": "2025-01-28T13:57:16.000", "date_closed": "2025-02-04T08:36:17.000", "address": "2015 BROADWAY", "zipcode": "94612", "councildistrict": "CCD3", "source": "SeeClickFix", "tract_id": "402801", "tract_geoid": "06001402801"}}, {"type": "Feature", "geometry": {"type": "Point", "coordinates": [-122.18484163281781, 37.7368517321492]}, "properties": {"case_id": "1488270", "category": "ENVIRON_ENF", "complaint_type": "Illegal Dumping (Enforcement Potential)", "status": "CLOSED", "date_opened": "2025-01-28T16:40:39.000", "date_closed": "2025-01-30T08:11:46.000", "address": "9675 EDES AV", "zipcode": "94603", "councildistrict": "CCD7", "source": "Phone", "tract_id": "409000", "tract_geoid": "06001409000"}}, {"type": "Feature", "geometry": {"type": "Point", "coordinates": [-122.18590618169125, 37.76049595485971]}, "properties": {"case_id": "1488400", "category": "ENVIRON_ENF", "complaint_type": "Illegal Dumping (Enforcement Potential)", "status": "CLOSED", "date_opened": "2025-01-29T09:47:35.000", "date_closed": "2025-01-29T14:52:27.000", "address": "1473 73RD AVE", "zipcode": "94621", "councildistrict": "CCD6", "source": "SeeClickFix", "tract_id": "408600", "tract_geoid": "06001408600"}}, {"type": "Feature", "geometry": {"type": "Point", "coordinates": [-122.26541854997426, 37.83106806805032]}, "properties": {"case_id": "1488502", "category": "ENVIRON_ENF", "complaint_type": "Illegal Dumping (Enforcement Potential)", "status": "CLOSED", "date_opened": "2025-01-29T12:38:42.000", "date_closed": "2025-02-03T14:44:16.000", "address": "593 42ND ST", "zipcode": "94609", "councildistrict": "CCD1", "source": "Phone", "tract_id": "401100", "tract_geoid": "06001401100"}}, {"type": "Feature", "geometry": {"type": "Point", "coordinates": [-122.19012838599272, 37.77150720853024]}, "properties": {"case_id": "1488804", "category": "ENVIRON_ENF", "complaint_type": "Illegal Dumping (Enforcement Potential)", "status": "CLOSED", "date_opened": "2025-01-30T12:20:57.000", "date_closed": "2025-05-27T15:45:57.000", "address": "5921 FOOTHILL BLVD", "zipcode": "94605", "councildistrict": "CCD6", "source": "Phone", "tract_id": "408700", "tract_geoid": "06001408700"}}, {"type": "Feature", "geometry": {"type": "Point", "coordinates": [-122.1829661709347, 37.75000001333932]}, "properties": {"case_id": "1488898", "category": "ENVIRON_ENF", "complaint_type": "Illegal Dumping (Enforcement Potential)", "status": "CLOSED", "date_opened": "2025-01-30T15:42:45.000", "date_closed": "2025-02-07T14:50:09.000", "address": "1015 86TH AVE", "zipcode": "94621", "councildistrict": "CCD7", "source": "SeeClickFix", "tract_id": "409500", "tract_geoid": "06001409500"}}, {"type": "Feature", "geometry": {"type": "Point", "coordinates": [-122.26691968238183, 37.83142514849646]}, "properties": {"case_id": "1489214", "category": "ENVIRON_ENF", "complaint_type": "Illegal Dumping (Enforcement Potential)", "status": "CLOSED", "date_opened": "2025-02-01T10:07:55.000", "date_closed": "2025-02-05T14:51:57.000", "address": "42ND ST & MARTIN LUTHER KING JR WY", "zipcode": "94609", "councildistrict": "CCD1", "source": "SeeClickFix", "tract_id": "401000", "tract_geoid": "06001401000"}}, {"type": "Feature", "geometry": {"type": "Point", "coordinates": [-122.19298336477928, 37.75239221600586]}, "properties": {"case_id": "1489318", "category": "HE_CLEAN", "complaint_type": "Homeless Encampment - Closure Needed", "status": "OPEN", "date_opened": "2025-02-02T05:40:23.000", "date_closed": null, "address": "839 75TH AVE", "zipcode": "94621", "councildistrict": "CCD7", "source": "SeeClickFix", "tract_id": "408900", "tract_geoid": "06001408900"}}, {"type": "Feature", "geometry": {"type": "Point", "coordinates": [-122.26494585002538, 37.837104001820535]}, "properties": {"case_id": "1489397", "category": "ENVIRON_ENF", "complaint_type": "Illegal Dumping (Enforcement Potential)", "status": "CLOSED", "date_opened": "2025-02-02T17:03:14.000", "date_closed": "2025-02-05T14:01:41.000", "address": "626 51ST ST", "zipcode": "94609", "councildistrict": "CCD1", "source": "SeeClickFix", "tract_id": "401100", "tract_geoid": "06001401100"}}, {"type": "Feature", "geometry": {"type": "Point", "coordinates": [-122.18450882755036, 37.77302189120723]}, "properties": {"case_id": "1489447", "category": "ENVIRON_ENF", "complaint_type": "Illegal Dumping (Enforcement Potential)", "status": "CLOSED", "date_opened": "2025-02-03T07:35:53.000", "date_closed": "2025-02-04T07:18:59.000", "address": "62ND AVE & BRANN ST", "zipcode": "94605", "councildistrict": "CCD6", "source": "SeeClickFix", "tract_id": "408700", "tract_geoid": "06001408700"}}, {"type": "Feature", "geometry": {"type": "Point", "coordinates": [-122.1698188523944, 37.74343569862951]}, "properties": {"case_id": "1489554", "category": "ENVIRON_ENF", "complaint_type": "Illegal Dumping (Enforcement Potential)", "status": "CLOSED", "date_opened": "2025-02-03T10:30:09.000", "date_closed": "2025-02-06T14:36:23.000", "address": "9920 INTERNATIONAL BLVD", "zipcode": "94603", "councildistrict": "CCD7", "source": "Phone", "tract_id": "409300", "tract_geoid": "06001409300"}}, {"type": "Feature", "geometry": {"type": "Point", "coordinates": [-122.19284611541717, 37.7590101226462]}, "properties": {"case_id": "1489600", "category": "ENVIRON_ENF", "complaint_type": "Illegal Dumping (Enforcement Potential)", "status": "CLOSED", "date_opened": "2025-02-03T11:24:34.000", "date_closed": "2025-02-05T14:33:50.000", "address": "1102 69TH AV", "zipcode": "94621", "councildistrict": "CCD6", "source": "Phone", "tract_id": "408800", "tract_geoid": "06001408800"}}, {"type": "Feature", "geometry": {"type": "Point", "coordinates": [-122.15044948390974, 37.741685324119935]}, "properties": {"case_id": "1489751", "category": "ENVIRON_ENF", "complaint_type": "Illegal Dumping (Enforcement Potential)", "status": "CLOSED", "date_opened": "2025-02-03T15:26:13.000", "date_closed": "2025-02-12T14:22:53.000", "address": "10819 MACARTHUR BLVD", "zipcode": "94603", "councildistrict": "CCD7", "source": "Email", "tract_id": "410100", "tract_geoid": "06001410100"}}, {"type": "Feature", "geometry": {"type": "Point", "coordinates": [-122.24921619841302, 37.810183969167504]}, "properties": {"case_id": "1490025", "category": "HE_CLEAN", "complaint_type": "Homeless Encampment - Closure Needed", "status": "OPEN", "date_opened": "2025-02-04T11:59:16.000", "date_closed": null, "address": "650 GRAND AV", "zipcode": "94610", "councildistrict": "CCD3", "source": "SeeClickFix", "tract_id": "403702", "tract_geoid": "06001403702"}}, {"type": "Feature", "geometry": {"type": "Point", "coordinates": [-122.12865921580078, 37.76950676494719]}, "properties": {"case_id": "1490243", "category": "ENVIRON_ENF", "complaint_type": "Illegal Dumping (Enforcement Potential)", "status": "CLOSED", "date_opened": "2025-02-05T08:28:35.000", "date_closed": "2025-02-06T14:50:34.000", "address": "SKYLINE BLVD & KELLER AV", "zipcode": "94619", "councildistrict": "CCD7", "source": "Phone", "tract_id": "409900", "tract_geoid": "06001409900"}}, {"type": "Feature", "geometry": {"type": "Point", "coordinates": [-122.18505659160205, 37.736911147974865]}, "properties": {"case_id": "1490706", "category": "ENVIRON_ENF", "complaint_type": "Illegal Dumping (Enforcement Potential)", "status": "CLOSED", "date_opened": "2025-02-06T12:32:05.000", "date_closed": "2025-02-07T14:22:30.000", "address": "9675 EDES AV", "zipcode": "94603", "councildistrict": "CCD7", "source": "Phone", "tract_id": "409000", "tract_geoid": "06001409000"}}, {"type": "Feature", "geometry": {"type": "Point", "coordinates": [-122.23019718369595, 37.78924962631142]}, "properties": {"case_id": "1490722", "category": "ENVIRON_ENF", "complaint_type": "Illegal Dumping (Enforcement Potential)", "status": "CLOSED", "date_opened": "2025-02-06T13:09:14.000", "date_closed": "2025-02-21T09:02:19.000", "address": "2326 E 22ND ST", "zipcode": "94601", "councildistrict": "CCD5", "source": "SeeClickFix", "tract_id": "406300", "tract_geoid": "06001406300"}}, {"type": "Feature", "geometry": {"type": "Point", "coordinates": [-122.2113342860872, 37.76821292255764]}, "properties": {"case_id": "1490730", "category": "ENVIRON_ENF", "complaint_type": "Illegal Dumping (Enforcement Potential)", "status": "CLOSED", "date_opened": "2025-02-06T13:18:00.000", "date_closed": "2025-05-29T14:05:51.000", "address": "4901 E 12TH ST", "zipcode": "94601", "councildistrict": "CCD5", "source": "Phone", "tract_id": "407300", "tract_geoid": "06001407300"}}, {"type": "Feature", "geometry": {"type": "Point", "coordinates": [-122.30033163066881, 37.807617090549456]}, "properties": {"case_id": "1491343", "category": "ENVIRON_ENF", "complaint_type": "Illegal Dumping (Enforcement Potential)", "status": "CLOSED", "date_opened": "2025-02-08T17:05:40.000", "date_closed": "2025-02-10T14:42:31.000", "address": "1695 8TH ST", "zipcode": "94607", "councildistrict": "CCD3", "source": "SeeClickFix", "tract_id": "401800", "tract_geoid": "06001401800"}}, {"type": "Feature", "geometry": {"type": "Point", "coordinates": [-122.26504289753903, 37.83015642278054]}, "properties": {"case_id": "1491433", "category": "ENVIRON_ENF", "complaint_type": "Illegal Dumping (Enforcement Potential)", "status": "CLOSED", "date_opened": "2025-02-09T13:54:29.000", "date_closed": "2025-02-11T14:01:32.000", "address": "524 41ST ST", "zipcode": "94609", "councildistrict": "CCD1", "source": "SeeClickFix", "tract_id": "401100", "tract_geoid": "06001401100"}}, {"type": "Feature", "geometry": {"type": "Point", "coordinates": [-122.21963722355702, 37.78789834019055]}, "properties": {"case_id": "1491544", "category": "ENVIRON_ENF", "complaint_type": "Illegal Dumping (Enforcement Potential)", "status": "CLOSED", "date_opened": "2025-02-10T08:48:05.000", "date_closed": "2025-02-11T09:15:10.000", "address": "3246 HYDE ST", "zipcode": "94601", "councildistrict": "CCD5", "source": "Other", "tract_id": "406500", "tract_geoid": "06001406500"}}, {"type": "Feature", "geometry": {"type": "Point", "coordinates": [-122.17972518357858, 37.77393558045668]}, "properties": {"case_id": "1491724", "category": "ENVIRON_ENF", "complaint_type": "Illegal Dumping (Enforcement Potential)", "status": "CLOSED", "date_opened": "2025-02-10T13:33:16.000", "date_closed": "2025-02-12T14:35:10.000", "address": "64TH AV & MACARTHUR BLVD", "zipcode": "94605", "councildistrict": "CCD6", "source": "Phone", "tract_id": "408200", "tract_geoid": "06001408200"}}, {"type": "Feature", "geometry": {"type": "Point", "coordinates": [-122.26944270306075, 37.83989134029995]}, "properties": {"case_id": "1491891", "category": "ENVIRON_ENF", "complaint_type": "Illegal Dumping (Enforcement Potential)", "status": "CLOSED", "date_opened": "2025-02-11T01:48:30.000", "date_closed": "2025-02-13T14:30:43.000", "address": "5500 MARTIN LUTHER KING JR WAY", "zipcode": "94609", "councildistrict": "CCD1", "source": "SeeClickFix", "tract_id": "400700", "tract_geoid": "06001400700"}}, {"type": "Feature", "geometry": {"type": "Point", "coordinates": [-122.26496190225296, 37.83037081354953]}, "properties": {"case_id": "1491893", "category": "ENVIRON_ENF", "complaint_type": "Illegal Dumping (Enforcement Potential)", "status": "CLOSED", "date_opened": "2025-02-11T06:06:50.000", "date_closed": "2025-02-13T14:04:59.000", "address": "514 41ST ST", "zipcode": "94609", "councildistrict": "CCD1", "source": "SeeClickFix", "tract_id": "401100", "tract_geoid": "06001401100"}}, {"type": "Feature", "geometry": {"type": "Point", "coordinates": [-122.18464043547901, 37.760875887347495]}, "properties": {"case_id": "1492077", "category": "ENVIRON_ENF", "complaint_type": "Illegal Dumping (Enforcement Potential)", "status": "CLOSED", "date_opened": "2025-02-11T11:52:31.000", "date_closed": "2025-02-12T14:28:28.000", "address": "73RD AV & ORRAL ST", "zipcode": "94621", "councildistrict": "CCD6", "source": "Phone", "tract_id": "408500", "tract_geoid": "06001408500"}}, {"type": "Feature", "geometry": {"type": "Point", "coordinates": [-122.27561799732231, 37.82669504674797]}, "properties": {"case_id": "1492588", "category": "ENVIRON_ENF", "complaint_type": "Illegal Dumping (Enforcement Potential)", "status": "CLOSED", "date_opened": "2025-02-12T19:26:35.000", "date_closed": "2025-02-27T22:13:26.000", "address": "926 36TH ST", "zipcode": "94608", "councildistrict": "CCD3", "source": "SeeClickFix", "tract_id": "401000", "tract_geoid": "06001401000"}}, {"type": "Feature", "geometry": {"type": "Point", "coordinates": [-122.27561799732231, 37.82669504674797]}, "properties": {"case_id": "1492589", "category": "ENVIRON_ENF", "complaint_type": "Illegal Dumping (Enforcement Potential)", "status": "CLOSED", "date_opened": "2025-02-12T19:28:02.000", "date_closed": "2025-03-03T14:38:31.000", "address": "926 36TH ST", "zipcode": "94608", "councildistrict": "CCD3", "source": "SeeClickFix", "tract_id": "401000", "tract_geoid": "06001401000"}}, {"type": "Feature", "geometry": {"type": "Point", "coordinates": [-122.26030558448167, 37.828378155191615]}, "properties": {"case_id": "1493020", "category": "ENVIRON_ENF", "complaint_type": "Illegal Dumping (Enforcement Potential)", "status": "CLOSED", "date_opened": "2025-02-15T13:36:24.000", "date_closed": "2025-03-03T15:06:45.000", "address": "415 40TH ST", "zipcode": "94609", "councildistrict": "CCD1", "source": "SeeClickFix", "tract_id": "401200", "tract_geoid": "06001401200"}}, {"type": "Feature", "geometry": {"type": "Point", "coordinates": [-122.21980099747272, 37.79000231877781]}, "properties": {"case_id": "1493255", "category": "ENVIRON_ENF", "complaint_type": "Illegal Dumping (Enforcement Potential)", "status": "CLOSED", "date_opened": "2025-02-17T08:57:39.000", "date_closed": "2025-03-03T10:29:30.000", "address": "2668 FRUITVALE AVE", "zipcode": "94601", "councildistrict": "CCD5", "source": "SeeClickFix", "tract_id": "406500", "tract_geoid": "06001406500"}}, {"type": "Feature", "geometry": {"type": "Point", "coordinates": [-122.23718115243464, 37.79202374386772]}, "properties": {"case_id": "1494272", "category": "ENVIRON_ENF", "complaint_type": "Illegal Dumping (Enforcement Potential)", "status": "CLOSED", "date_opened": "2025-02-20T10:33:05.000", "date_closed": "2025-02-28T13:07:46.000", "address": "1812 E 21ST ST", "zipcode": "94606", "councildistrict": "CCD2", "source": "Phone", "tract_id": "405902", "tract_geoid": "06001405902"}}, {"type": "Feature", "geometry": {"type": "Point", "coordinates": [-122.24908751304355, 37.810055602532294]}, "properties": {"case_id": "1494917", "category": "HE_CLEAN", "complaint_type": "Homeless Encampment - Closure Needed", "status": "OPEN", "date_opened": "2025-02-22T07:55:06.000", "date_closed": null, "address": "MACARTHUR BLVD & GRAND AVE", "zipcode": "94610", "councildistrict": "CCD3", "source": "SeeClickFix", "tract_id": "403702", "tract_geoid": "06001403702"}}, {"type": "Feature", "geometry": {"type": "Point", "coordinates": [-122.26251481126022, 37.83609423449692]}, "properties": {"case_id": "1494985", "category": "ENVIRON_ENF", "complaint_type": "Illegal Dumping (Enforcement Potential)", "status": "CLOSED", "date_opened": "2025-02-22T11:57:41.000", "date_closed": "2026-03-03T14:58:56.000", "address": "4900 TELEGRAPH AVE", "zipcode": "94609", "councildistrict": "CCD1", "source": "SeeClickFix", "tract_id": "401100", "tract_geoid": "06001401100"}}, {"type": "Feature", "geometry": {"type": "Point", "coordinates": [-122.27560479208763, 37.82669007988574]}, "properties": {"case_id": "1495120", "category": "ENVIRON_ENF", "complaint_type": "Illegal Dumping (Enforcement Potential)", "status": "CLOSED", "date_opened": "2025-02-23T09:14:37.000", "date_closed": "2025-03-03T14:40:11.000", "address": "926 36TH ST", "zipcode": "94608", "councildistrict": "CCD3", "source": "SeeClickFix", "tract_id": "401000", "tract_geoid": "06001401000"}}, {"type": "Feature", "geometry": {"type": "Point", "coordinates": [-122.17989594608449, 37.77383631193971]}, "properties": {"case_id": "1495136", "category": "ENVIRON_ENF", "complaint_type": "Illegal Dumping (Enforcement Potential)", "status": "CLOSED", "date_opened": "2025-02-23T10:10:21.000", "date_closed": "2025-03-03T14:39:23.000", "address": "6349 MACARTHUR BLVD", "zipcode": "94605", "councildistrict": "CCD6", "source": "SeeClickFix", "tract_id": "408700", "tract_geoid": "06001408700"}}, {"type": "Feature", "geometry": {"type": "Point", "coordinates": [-122.14725754669355, 37.743209997755024]}, "properties": {"case_id": "1495432", "category": "ENVIRON_ENF", "complaint_type": "Illegal Dumping (Enforcement Potential)", "status": "CLOSED", "date_opened": "2025-02-24T11:12:00.000", "date_closed": "2025-03-03T14:38:58.000", "address": "FOOTHILL BLVD & 108TH AV", "zipcode": "94605", "councildistrict": "CCD7", "source": "SeeClickFix", "tract_id": "410100", "tract_geoid": "06001410100"}}, {"type": "Feature", "geometry": {"type": "Point", "coordinates": [-122.25844966510442, 37.816017933529125]}, "properties": {"case_id": "1495477", "category": "ENVIRON_ENF", "complaint_type": "Illegal Dumping (Enforcement Potential)", "status": "CLOSED", "date_opened": "2025-02-24T12:25:16.000", "date_closed": "2025-03-04T14:17:05.000", "address": "201 OAKLAND AVE", "zipcode": "94611", "councildistrict": "CCD3", "source": "SeeClickFix", "tract_id": "403502", "tract_geoid": "06001403502"}}, {"type": "Feature", "geometry": {"type": "Point", "coordinates": [-122.18479149488903, 37.73134741919757]}, "properties": {"case_id": "1495689", "category": "ENVIRON_ENF", "complaint_type": "Illegal Dumping (Enforcement Potential)", "status": "CLOSED", "date_opened": "2025-02-24T19:15:01.000", "date_closed": "2025-03-04T15:22:24.000", "address": "217 GHORMLEY AVE", "zipcode": "94603", "councildistrict": "CCD7", "source": "SeeClickFix", "tract_id": "409100", "tract_geoid": "06001409100"}}, {"type": "Feature", "geometry": {"type": "Point", "coordinates": [-122.16850611676402, 37.76067347443516]}, "properties": {"case_id": "1495785", "category": "ENVIRON_ENF", "complaint_type": "Illegal Dumping (Enforcement Potential)", "status": "CLOSED", "date_opened": "2025-02-25T09:39:01.000", "date_closed": "2025-03-12T14:49:56.000", "address": "8224 DOWLING ST", "zipcode": "94605", "councildistrict": "CCD7", "source": "Phone", "tract_id": "409700", "tract_geoid": "06001409700"}}, {"type": "Feature", "geometry": {"type": "Point", "coordinates": [-122.29229252562847, 37.80916199914342]}, "properties": {"case_id": "1495790", "category": "ENVIRON_ENF", "complaint_type": "Illegal Dumping (Enforcement Potential)", "status": "CLOSED", "date_opened": "2025-02-25T09:44:54.000", "date_closed": "2025-03-11T11:01:09.000", "address": "MANDELA PKWY & 12TH ST", "zipcode": "94607", "councildistrict": "CCD3", "source": "Phone", "tract_id": null, "tract_geoid": null}}, {"type": "Feature", "geometry": {"type": "Point", "coordinates": [-122.18736588683062, 37.7630561103102]}, "properties": {"case_id": "1495993", "category": "ENVIRON_ENF", "complaint_type": "Illegal Dumping (Enforcement Potential)", "status": "CLOSED", "date_opened": "2025-02-25T15:02:34.000", "date_closed": "2025-03-04T15:03:11.000", "address": "1819 CHURCH ST", "zipcode": "94621", "councildistrict": "CCD6", "source": "Phone", "tract_id": "408600", "tract_geoid": "06001408600"}}, {"type": "Feature", "geometry": {"type": "Point", "coordinates": [-122.17972499668589, 37.773936004250245]}, "properties": {"case_id": "1496039", "category": "ENVIRON_ENF", "complaint_type": "Illegal Dumping (Enforcement Potential)", "status": "CLOSED", "date_opened": "2025-02-25T16:23:03.000", "date_closed": "2025-02-28T13:25:34.000", "address": "64TH AV & MACARTHUR BLVD", "zipcode": "94605", "councildistrict": "CCD6", "source": "Phone", "tract_id": "408200", "tract_geoid": "06001408200"}}, {"type": "Feature", "geometry": {"type": "Point", "coordinates": [-122.30032175747057, 37.80761450884462]}, "properties": {"case_id": "1496290", "category": "ENVIRON_ENF", "complaint_type": "Illegal Dumping (Enforcement Potential)", "status": "CLOSED", "date_opened": "2025-02-26T14:01:22.000", "date_closed": "2025-03-05T14:14:03.000", "address": "1695 8TH ST", "zipcode": "94607", "councildistrict": "CCD3", "source": "Email", "tract_id": "401800", "tract_geoid": "06001401800"}}, {"type": "Feature", "geometry": {"type": "Point", "coordinates": [-122.26759334688816, 37.81996109369847]}, "properties": {"case_id": "1496802", "category": "ENVIRON_ENF", "complaint_type": "Illegal Dumping (Enforcement Potential)", "status": "GONE ON ARRIVAL", "date_opened": "2025-02-28T08:12:17.000", "date_closed": null, "address": "523 31ST ST", "zipcode": "94609", "councildistrict": "CCD3", "source": "SeeClickFix", "tract_id": "401300", "tract_geoid": "06001401300"}}, {"type": "Feature", "geometry": {"type": "Point", "coordinates": [-122.21566659120852, 37.79411304775729]}, "properties": {"case_id": "1497127", "category": "ENVIRON_ENF", "complaint_type": "Illegal Dumping (Enforcement Potential)", "status": "CLOSED", "date_opened": "2025-03-01T08:46:21.000", "date_closed": "2025-03-04T13:11:02.000", "address": "3028 CAPP ST", "zipcode": "94602", "councildistrict": "CCD5", "source": "SeeClickFix", "tract_id": "406602", "tract_geoid": "06001406602"}}, {"type": "Feature", "geometry": {"type": "Point", "coordinates": [-122.26889608371337, 37.81696992873137]}, "properties": {"case_id": "1497233", "category": "ENVIRON_ENF", "complaint_type": "Illegal Dumping (Enforcement Potential)", "status": "CLOSED", "date_opened": "2025-03-01T17:36:54.000", "date_closed": "2025-03-05T14:27:38.000", "address": "546 MERRIMAC ST", "zipcode": "94609", "councildistrict": "CCD3", "source": "SeeClickFix", "tract_id": "401300", "tract_geoid": "06001401300"}}, {"type": "Feature", "geometry": {"type": "Point", "coordinates": [-122.21212857646152, 37.79289427067256]}, "properties": {"case_id": "1497480", "category": "ENVIRON_ENF", "complaint_type": "Illegal Dumping (Enforcement Potential)", "status": "CLOSED", "date_opened": "2025-03-03T09:14:12.000", "date_closed": "2025-04-07T07:38:59.000", "address": "3069 PLEITNER AV", "zipcode": "94602", "councildistrict": "CCD5", "source": "Email", "tract_id": "406601", "tract_geoid": "06001406601"}}, {"type": "Feature", "geometry": {"type": "Point", "coordinates": [-122.26451913232242, 37.79787786225272]}, "properties": {"case_id": "1497848", "category": "ENVIRON_ENF", "complaint_type": "Illegal Dumping (Enforcement Potential)", "status": "CLOSED", "date_opened": "2025-03-04T07:29:26.000", "date_closed": "2025-03-08T13:57:10.000", "address": "920 OAK ST", "zipcode": "94607", "councildistrict": "CCD2", "source": "SeeClickFix", "tract_id": "403302", "tract_geoid": "06001403302"}}, {"type": "Feature", "geometry": {"type": "Point", "coordinates": [-122.14750099013558, 37.75784375495276]}, "properties": {"case_id": "1497885", "category": "ENVIRON_ENF", "complaint_type": "Illegal Dumping (Enforcement Potential)", "status": "CLOSED", "date_opened": "2025-03-04T09:27:32.000", "date_closed": "2025-03-05T13:44:31.000", "address": "9490 MOUNTAIN BLVD", "zipcode": "94605", "councildistrict": "CCD7", "source": "Email", "tract_id": "409900", "tract_geoid": "06001409900"}}, {"type": "Feature", "geometry": {"type": "Point", "coordinates": [-122.20600053908699, 37.79634603600003]}, "properties": {"case_id": "1498073", "category": "ENVIRON_ENF", "complaint_type": "Illegal Dumping (Enforcement Potential)", "status": "CLOSED", "date_opened": "2025-03-04T15:04:55.000", "date_closed": "2025-03-06T13:21:39.000", "address": "DAKOTA ST & MAPLE AV", "zipcode": "94602", "councildistrict": "CCD4", "source": "Phone", "tract_id": "406601", "tract_geoid": "06001406601"}}, {"type": "Feature", "geometry": {"type": "Point", "coordinates": [-122.1859619997044, 37.762173017112566]}, "properties": {"case_id": "1498112", "category": "ENVIRON_ENF", "complaint_type": "Illegal Dumping (Enforcement Potential)", "status": "CLOSED", "date_opened": "2025-03-04T16:16:38.000", "date_closed": "2025-05-29T10:03:56.000", "address": "71ST AV & ORRAL ST", "zipcode": "94621", "councildistrict": "CCD6", "source": "Email", "tract_id": "408600", "tract_geoid": "06001408600"}}, {"type": "Feature", "geometry": {"type": "Point", "coordinates": [-122.1859619997044, 37.762173017112566]}, "properties": {"case_id": "1498116", "category": "ENVIRON_ENF", "complaint_type": "Storm Drains - Illicit Discharge", "status": "CLOSED", "date_opened": "2025-03-04T16:24:46.000", "date_closed": "2025-03-10T14:11:44.000", "address": "71ST AV & ORRAL ST", "zipcode": "94621", "councildistrict": "CCD6", "source": "Email", "tract_id": "408600", "tract_geoid": "06001408600"}}, {"type": "Feature", "geometry": {"type": "Point", "coordinates": [-122.26451913232242, 37.79787786225272]}, "properties": {"case_id": "1498445", "category": "ENVIRON_ENF", "complaint_type": "Illegal Dumping (Enforcement Potential)", "status": "CLOSED", "date_opened": "2025-03-05T15:47:43.000", "date_closed": "2025-03-08T13:54:10.000", "address": "920 OAK ST", "zipcode": "94607", "councildistrict": "CCD2", "source": "SeeClickFix", "tract_id": "403302", "tract_geoid": "06001403302"}}, {"type": "Feature", "geometry": {"type": "Point", "coordinates": [-122.23844714816472, 37.80127183029019]}, "properties": {"case_id": "1498497", "category": "ENVIRON_ENF", "complaint_type": "Illegal Dumping (Enforcement Potential)", "status": "CLOSED", "date_opened": "2025-03-05T17:59:46.000", "date_closed": "2025-03-10T14:05:51.000", "address": "901 E 28TH ST", "zipcode": "94606", "councildistrict": "CCD2", "source": "SeeClickFix", "tract_id": "405600", "tract_geoid": "06001405600"}}, {"type": "Feature", "geometry": {"type": "Point", "coordinates": [-122.25615303224872, 37.80897300039278]}, "properties": {"case_id": "1498500", "category": "ENVIRON_ENF", "complaint_type": "Illegal Dumping (Enforcement Potential)", "status": "CLOSED", "date_opened": "2025-03-05T18:39:49.000", "date_closed": "2025-03-07T16:06:06.000", "address": "PERKINS ST & GRAND AV", "zipcode": "94610", "councildistrict": "CCD3", "source": "SeeClickFix", "tract_id": "403702", "tract_geoid": "06001403702"}}, {"type": "Feature", "geometry": {"type": "Point", "coordinates": [-122.26539912197487, 37.8309509571502]}, "properties": {"case_id": "1498553", "category": "ENVIRON_ENF", "complaint_type": "Illegal Dumping (Enforcement Potential)", "status": "CLOSED", "date_opened": "2025-03-06T07:09:08.000", "date_closed": "2025-05-29T13:57:02.000", "address": "545 42ND ST", "zipcode": "94609", "councildistrict": "CCD1", "source": "SeeClickFix", "tract_id": "401100", "tract_geoid": "06001401100"}}, {"type": "Feature", "geometry": {"type": "Point", "coordinates": [-122.22841835633142, 37.77195945839732]}, "properties": {"case_id": "1498804", "category": "ENVIRON_ENF", "complaint_type": "Illegal Dumping (Enforcement Potential)", "status": "CLOSED", "date_opened": "2025-03-06T15:33:02.000", "date_closed": "2025-03-08T13:42:22.000", "address": "626 FRUITVALE AV", "zipcode": "94601", "councildistrict": "CCD5", "source": "Phone", "tract_id": "406100", "tract_geoid": "06001406100"}}, {"type": "Feature", "geometry": {"type": "Point", "coordinates": [-122.16740271610038, 37.74423126622271]}, "properties": {"case_id": "1500029", "category": "ENVIRON_ENF", "complaint_type": "Illegal Dumping (Enforcement Potential)", "status": "CLOSED", "date_opened": "2025-03-11T08:29:58.000", "date_closed": "2025-03-20T09:28:54.000", "address": "9918 WALNUT ST", "zipcode": "94603", "councildistrict": "CCD7", "source": "Phone", "tract_id": "410300", "tract_geoid": "06001410300"}}, {"type": "Feature", "geometry": {"type": "Point", "coordinates": [-122.21635667700987, 37.80842409928844]}, "properties": {"case_id": "1500525", "category": "ENVIRON_ENF", "complaint_type": "Illegal Dumping (Enforcement Potential)", "status": "CLOSED", "date_opened": "2025-03-12T11:58:41.000", "date_closed": "2025-03-14T12:09:21.000", "address": "4656 BENEVIDES AV", "zipcode": "94602", "councildistrict": "CCD4", "source": "Phone", "tract_id": "404900", "tract_geoid": "06001404900"}}, {"type": "Feature", "geometry": {"type": "Point", "coordinates": [-122.23665491934113, 37.79437072826353]}, "properties": {"case_id": "1500575", "category": "ENVIRON_ENF", "complaint_type": "Illegal Dumping (Enforcement Potential)", "status": "CLOSED", "date_opened": "2025-03-12T13:57:50.000", "date_closed": "2025-03-14T15:14:11.000", "address": "2325 17TH AV", "zipcode": "94606", "councildistrict": "CCD2", "source": "Email", "tract_id": "405800", "tract_geoid": "06001405800"}}, {"type": "Feature", "geometry": {"type": "Point", "coordinates": [-122.16914913084447, 37.77204275046404]}, "properties": {"case_id": "1500616", "category": "ENVIRON_ENF", "complaint_type": "Illegal Dumping (Enforcement Potential)", "status": "CLOSED", "date_opened": "2025-03-12T15:31:31.000", "date_closed": "2025-03-18T15:03:54.000", "address": "1430 71ST AV", "zipcode": "94612", "councildistrict": "CCD6", "source": "Phone", "tract_id": "408300", "tract_geoid": "06001408300"}}, {"type": "Feature", "geometry": {"type": "Point", "coordinates": [-122.20795311718882, 37.75497798905361]}, "properties": {"case_id": "1501163", "category": "ENVIRON_ENF", "complaint_type": "Illegal Dumping (Enforcement Potential)", "status": "CLOSED", "date_opened": "2025-03-14T10:56:50.000", "date_closed": "2025-03-18T14:45:37.000", "address": "458 INDEPENDENT RD", "zipcode": "94621", "councildistrict": "CCD6", "source": "SeeClickFix", "tract_id": "407300", "tract_geoid": "06001407300"}}, {"type": "Feature", "geometry": {"type": "Point", "coordinates": [-122.21279288061422, 37.769146148058354]}, "properties": {"case_id": "1501183", "category": "HE_CLEAN", "complaint_type": "Homeless Encampment - Closure Needed", "status": "OPEN", "date_opened": "2025-03-14T11:27:18.000", "date_closed": null, "address": "1066 47TH AVE", "zipcode": "94601", "councildistrict": "CCD5", "source": "SeeClickFix", "tract_id": "407300", "tract_geoid": "06001407300"}}, {"type": "Feature", "geometry": {"type": "Point", "coordinates": [-122.26927804737223, 37.81717409337911]}, "properties": {"case_id": "1501578", "category": "ENVIRON_ENF", "complaint_type": "Illegal Dumping (Enforcement Potential)", "status": "CLOSED", "date_opened": "2025-03-16T10:10:32.000", "date_closed": "2025-03-20T08:55:58.000", "address": "568 MERRIMAC ST", "zipcode": "94609", "councildistrict": "CCD3", "source": "SeeClickFix", "tract_id": "401300", "tract_geoid": "06001401300"}}, {"type": "Feature", "geometry": {"type": "Point", "coordinates": [-122.1821367037295, 37.74515335789256]}, "properties": {"case_id": "1501641", "category": "ENVIRON_ENF", "complaint_type": "Illegal Dumping (Enforcement Potential)", "status": "CLOSED", "date_opened": "2025-03-16T16:14:36.000", "date_closed": "2025-04-07T13:28:12.000", "address": "906 91ST AVE", "zipcode": "94603", "councildistrict": "CCD7", "source": "SeeClickFix", "tract_id": "409400", "tract_geoid": "06001409400"}}, {"type": "Feature", "geometry": {"type": "Point", "coordinates": [-122.26699479941426, 37.820057246666885]}, "properties": {"case_id": "1501801", "category": "ENVIRON_ENF", "complaint_type": "Illegal Dumping (Enforcement Potential)", "status": "CLOSED", "date_opened": "2025-03-17T09:43:38.000", "date_closed": "2025-03-24T14:28:39.000", "address": "3101 TELEGRAPH AV", "zipcode": "94609", "councildistrict": "CCD3", "source": "SeeClickFix", "tract_id": "401300", "tract_geoid": "06001401300"}}, {"type": "Feature", "geometry": {"type": "Point", "coordinates": [-122.27062722709763, 37.824268907621345]}, "properties": {"case_id": "1502092", "category": "ENVIRON_ENF", "complaint_type": "Illegal Dumping (Enforcement Potential)", "status": "CLOSED", "date_opened": "2025-03-17T20:22:45.000", "date_closed": "2025-03-21T14:57:16.000", "address": "663 35TH ST", "zipcode": "94609", "councildistrict": "CCD3", "source": "SeeClickFix", "tract_id": "401400", "tract_geoid": "06001401400"}}, {"type": "Feature", "geometry": {"type": "Point", "coordinates": [-122.27183986289984, 37.8000756722125]}, "properties": {"case_id": "1502518", "category": "ENVIRON_ENF", "complaint_type": "Illegal Dumping (Enforcement Potential)", "status": "CLOSED", "date_opened": "2025-03-19T05:59:27.000", "date_closed": "2025-03-21T15:44:50.000", "address": "387 9TH ST", "zipcode": "94607", "councildistrict": "CCD2", "source": "SeeClickFix", "tract_id": "403000", "tract_geoid": "06001403000"}}, {"type": "Feature", "geometry": {"type": "Point", "coordinates": [-122.19969634208522, 37.785262845109344]}, "properties": {"case_id": "1503251", "category": "ENVIRON_ENF", "complaint_type": "Illegal Dumping (Enforcement Potential)", "status": "CLOSED", "date_opened": "2025-03-21T09:11:01.000", "date_closed": "2025-04-07T07:33:18.000", "address": "4181 CULVER ST", "zipcode": "94619", "councildistrict": "CCD4", "source": "Phone", "tract_id": "407000", "tract_geoid": "06001407000"}}, {"type": "Feature", "geometry": {"type": "Point", "coordinates": [-122.17999413194505, 37.75737011223157]}, "properties": {"case_id": "1503263", "category": "ENVIRON_ENF", "complaint_type": "Illegal Dumping (Enforcement Potential)", "status": "CLOSED", "date_opened": "2025-03-21T09:28:00.000", "date_closed": "2025-03-21T14:56:23.000", "address": "1515 80TH AV", "zipcode": "94621", "councildistrict": "CCD6", "source": "Phone", "tract_id": "408500", "tract_geoid": "06001408500"}}, {"type": "Feature", "geometry": {"type": "Point", "coordinates": [-122.18107130180239, 37.77334281882182]}, "properties": {"case_id": "1503535", "category": "ENVIRON_ENF", "complaint_type": "Illegal Dumping (Enforcement Potential)", "status": "CLOSED", "date_opened": "2025-03-22T07:21:22.000", "date_closed": "2025-03-26T08:17:07.000", "address": "3201 64TH AVE", "zipcode": "94605", "councildistrict": "CCD6", "source": "SeeClickFix", "tract_id": "408700", "tract_geoid": "06001408700"}}, {"type": "Feature", "geometry": {"type": "Point", "coordinates": [-122.20348516645957, 37.83551495704153]}, "properties": {"case_id": "1503559", "category": "ENVIRON_ENF", "complaint_type": "Illegal Dumping (Enforcement Potential)", "status": "CLOSED", "date_opened": "2025-03-22T10:46:26.000", "date_closed": "2025-03-26T07:58:06.000", "address": "6718 ARMOUR DR", "zipcode": "94611", "councildistrict": "CCD4", "source": "SeeClickFix", "tract_id": "404502", "tract_geoid": "06001404502"}}, {"type": "Feature", "geometry": {"type": "Point", "coordinates": [-122.1963197545948, 37.76715676294954]}, "properties": {"case_id": "1503918", "category": "ENVIRON_ENF", "complaint_type": "Illegal Dumping (Enforcement Potential)", "status": "CLOSED", "date_opened": "2025-03-24T14:35:32.000", "date_closed": "2025-03-26T08:29:15.000", "address": "5917 BROMLEY AV", "zipcode": "94621", "councildistrict": "CCD6", "source": "Phone", "tract_id": "408700", "tract_geoid": "06001408700"}}, {"type": "Feature", "geometry": {"type": "Point", "coordinates": [-122.18194697954146, 37.73086991242984]}, "properties": {"case_id": "1504379", "category": "ENVIRON_ENF", "complaint_type": "Illegal Dumping (Enforcement Potential)", "status": "CANCEL", "date_opened": "2025-03-25T14:31:22.000", "date_closed": null, "address": "439 DOUGLAS AV", "zipcode": "94603", "councildistrict": "CCD7", "source": "Phone", "tract_id": "409100", "tract_geoid": "06001409100"}}, {"type": "Feature", "geometry": {"type": "Point", "coordinates": [-122.20529922434457, 37.796948548651365]}, "properties": {"case_id": "1504425", "category": "ENVIRON_ENF", "complaint_type": "Illegal Dumping (Enforcement Potential)", "status": "CLOSED", "date_opened": "2025-03-25T20:22:03.000", "date_closed": "2025-04-03T15:10:49.000", "address": "3558 MAPLE AV", "zipcode": "94602", "councildistrict": "CCD4", "source": "SeeClickFix", "tract_id": "406601", "tract_geoid": "06001406601"}}, {"type": "Feature", "geometry": {"type": "Point", "coordinates": [-122.22789436902612, 37.781258264109624]}, "properties": {"case_id": "1504619", "category": "ENVIRON_ENF", "complaint_type": "Spillage - Trash, Recycle, Compost Spillage", "status": "CLOSED", "date_opened": "2025-03-26T12:21:24.000", "date_closed": "2025-04-01T14:41:07.000", "address": "2822 E 16TH ST", "zipcode": "94601", "councildistrict": "CCD5", "source": "Phone", "tract_id": "406202", "tract_geoid": "06001406202"}}, {"type": "Feature", "geometry": {"type": "Point", "coordinates": [-122.19413936373688, 37.771078175718046]}, "properties": {"case_id": "1504662", "category": "ENVIRON_ENF", "complaint_type": "Illegal Dumping (Enforcement Potential)", "status": "CLOSED", "date_opened": "2025-03-26T13:23:08.000", "date_closed": "2025-04-08T14:39:17.000", "address": "5715 TRASK ST", "zipcode": "94605", "councildistrict": "CCD6", "source": "Email", "tract_id": "407500", "tract_geoid": "06001407500"}}, {"type": "Feature", "geometry": {"type": "Point", "coordinates": [-122.27572238155834, 37.81786641809526]}, "properties": {"case_id": "1504921", "category": "ENVIRON_ENF", "complaint_type": "Illegal Dumping (Enforcement Potential)", "status": "GONE ON ARRIVAL", "date_opened": "2025-03-27T13:23:55.000", "date_closed": null, "address": "2713 SAN PABLO AV", "zipcode": "94607", "councildistrict": "CCD3", "source": "Phone", "tract_id": "401600", "tract_geoid": "06001401600"}}, {"type": "Feature", "geometry": {"type": "Point", "coordinates": [-122.18201552099765, 37.77238798904448]}, "properties": {"case_id": "1504960", "category": "ENVIRON_ENF", "complaint_type": "Illegal Dumping (Enforcement Potential)", "status": "CLOSED", "date_opened": "2025-03-27T14:56:39.000", "date_closed": "2025-04-03T14:31:02.000", "address": "2041 100TH AVE", "zipcode": "94605", "councildistrict": "CCD6", "source": "Phone", "tract_id": "408700", "tract_geoid": "06001408700"}}, {"type": "Feature", "geometry": {"type": "Point", "coordinates": [-122.18964329573923, 37.763490799921]}, "properties": {"case_id": "1504989", "category": "ENVIRON_ENF", "complaint_type": "Illegal Dumping (Enforcement Potential)", "status": "CLOSED", "date_opened": "2025-03-27T16:01:18.000", "date_closed": "2025-04-01T13:52:20.000", "address": "1645 67TH AV", "zipcode": "94621", "councildistrict": "CCD6", "source": "Email", "tract_id": "408600", "tract_geoid": "06001408600"}}, {"type": "Feature", "geometry": {"type": "Point", "coordinates": [-122.28066194781182, 37.82128927088677]}, "properties": {"case_id": "1505038", "category": "ENVIRON_ENF", "complaint_type": "Illegal Dumping (Enforcement Potential)", "status": "CLOSED", "date_opened": "2025-03-27T18:38:46.000", "date_closed": "2025-04-01T14:35:22.000", "address": "2948 CHESTNUT ST", "zipcode": "94608", "councildistrict": "CCD3", "source": "SeeClickFix", "tract_id": "401500", "tract_geoid": "06001401500"}}, {"type": "Feature", "geometry": {"type": "Point", "coordinates": [-122.221456323047, 37.78104853324306]}, "properties": {"case_id": "1505155", "category": "ENVIRON_ENF", "complaint_type": "Illegal Dumping (Enforcement Potential)", "status": "CLOSED", "date_opened": "2025-03-28T10:53:47.000", "date_closed": "2025-04-01T14:26:06.000", "address": "3411 E 18TH ST", "zipcode": "94601", "councildistrict": "CCD5", "source": "SeeClickFix", "tract_id": "407200", "tract_geoid": "06001407200"}}, {"type": "Feature", "geometry": {"type": "Point", "coordinates": [-122.16850611676402, 37.76067347443516]}, "properties": {"case_id": "1505186", "category": "ENVIRON_ENF", "complaint_type": "Illegal Dumping (Enforcement Potential)", "status": "CLOSED", "date_opened": "2025-03-28T11:43:55.000", "date_closed": "2025-04-01T15:50:15.000", "address": "8224 DOWLING ST", "zipcode": "94605", "councildistrict": "CCD7", "source": "Phone", "tract_id": "409700", "tract_geoid": "06001409700"}}, {"type": "Feature", "geometry": {"type": "Point", "coordinates": [-122.20502595683512, 37.79721913826661]}, "properties": {"case_id": "1505190", "category": "ENVIRON_ENF", "complaint_type": "Illegal Dumping (Enforcement Potential)", "status": "CLOSED", "date_opened": "2025-03-28T11:56:22.000", "date_closed": "2025-04-01T07:46:26.000", "address": "3558 MAPLE AV", "zipcode": "94602", "councildistrict": "CCD4", "source": "Phone", "tract_id": "406601", "tract_geoid": "06001406601"}}, {"type": "Feature", "geometry": {"type": "Point", "coordinates": [-122.20529922434457, 37.796948548651365]}, "properties": {"case_id": "1505269", "category": "ENVIRON_ENF", "complaint_type": "Illegal Dumping (Enforcement Potential)", "status": "CLOSED", "date_opened": "2025-03-28T15:15:03.000", "date_closed": "2025-04-03T15:11:34.000", "address": "3558 MAPLE AV", "zipcode": "94602", "councildistrict": "CCD4", "source": "Phone", "tract_id": "406601", "tract_geoid": "06001406601"}}, {"type": "Feature", "geometry": {"type": "Point", "coordinates": [-122.29563605511642, 37.812446085701666]}, "properties": {"case_id": "1505324", "category": "ENVIRON_ENF", "complaint_type": "Illegal Dumping (Enforcement Potential)", "status": "CLOSED", "date_opened": "2025-03-28T16:49:47.000", "date_closed": "2025-04-14T15:15:57.000", "address": "1666 14TH ST", "zipcode": "94607", "councildistrict": "CCD3", "source": "SeeClickFix", "tract_id": "401700", "tract_geoid": "06001401700"}}, {"type": "Feature", "geometry": {"type": "Point", "coordinates": [-122.1710940732664, 37.76571484248638]}, "properties": {"case_id": "1505590", "category": "ENVIRON_ENF", "complaint_type": "Illegal Dumping (Enforcement Potential)", "status": "CLOSED", "date_opened": "2025-03-30T13:17:53.000", "date_closed": "2025-04-02T09:38:39.000", "address": "2698 77TH AVE", "zipcode": "94605", "councildistrict": "CCD6", "source": "SeeClickFix", "tract_id": "408400", "tract_geoid": "06001408400"}}, {"type": "Feature", "geometry": {"type": "Point", "coordinates": [-122.16798707019278, 37.739422294921155]}, "properties": {"case_id": "1505641", "category": "ENVIRON_ENF", "complaint_type": "Illegal Dumping (Enforcement Potential)", "status": "CLOSED", "date_opened": "2025-03-30T19:36:19.000", "date_closed": "2025-04-11T10:18:43.000", "address": "10407 PONTIAC ST", "zipcode": "94603", "councildistrict": "CCD7", "source": "SeeClickFix", "tract_id": "409300", "tract_geoid": "06001409300"}}, {"type": "Feature", "geometry": {"type": "Point", "coordinates": [-122.16799802963925, 37.739250025133764]}, "properties": {"case_id": "1505703", "category": "ENVIRON_ENF", "complaint_type": "Illegal Dumping (Enforcement Potential)", "status": "CLOSED", "date_opened": "2025-03-31T09:49:38.000", "date_closed": "2025-04-08T14:50:08.000", "address": "10411 PONTIAC ST", "zipcode": "94603", "councildistrict": "CCD7", "source": "SeeClickFix", "tract_id": "409300", "tract_geoid": "06001409300"}}, {"type": "Feature", "geometry": {"type": "Point", "coordinates": [-122.26454554279178, 37.84045502253731]}, "properties": {"case_id": "1506181", "category": "ENVIRON_ENF", "complaint_type": "Illegal Dumping (Enforcement Potential)", "status": "GONE ON ARRIVAL", "date_opened": "2025-04-01T23:13:08.000", "date_closed": null, "address": "55TH ST & SHATTUCK AV", "zipcode": "94609", "councildistrict": "CCD1", "source": "SeeClickFix", "tract_id": "400600", "tract_geoid": "06001400600"}}, {"type": "Feature", "geometry": {"type": "Point", "coordinates": [-122.28680741250287, 37.81946911496347]}, "properties": {"case_id": "1506289", "category": "ENVIRON_ENF", "complaint_type": "Illegal Dumping (Enforcement Potential)", "status": "CLOSED", "date_opened": "2025-04-02T10:54:31.000", "date_closed": "2025-04-04T15:41:11.000", "address": "KIRKHAM ST & 26TH ST", "zipcode": "94607", "councildistrict": "CCD3", "source": "SeeClickFix", "tract_id": "401600", "tract_geoid": "06001401600"}}, {"type": "Feature", "geometry": {"type": "Point", "coordinates": [-122.29142430390624, 37.81312106754561]}, "properties": {"case_id": "1506379", "category": "ENVIRON_ENF", "complaint_type": "Illegal Dumping (Enforcement Potential)", "status": "CLOSED", "date_opened": "2025-04-02T13:43:04.000", "date_closed": "2025-04-10T07:32:40.000", "address": "1421 17TH ST", "zipcode": "94607", "councildistrict": "CCD3", "source": "Phone", "tract_id": "402200", "tract_geoid": "06001402200"}}, {"type": "Feature", "geometry": {"type": "Point", "coordinates": [-122.18016499151211, 37.77435436966028]}, "properties": {"case_id": "1506696", "category": "ENVIRON_ENF", "complaint_type": "Illegal Dumping (Enforcement Potential)", "status": "CLOSED", "date_opened": "2025-04-03T12:09:57.000", "date_closed": "2025-04-07T14:11:03.000", "address": "6344 MACARTHUR BLVD", "zipcode": "94605", "councildistrict": "CCD6", "source": "Phone", "tract_id": "408200", "tract_geoid": "06001408200"}}, {"type": "Feature", "geometry": {"type": "Point", "coordinates": [-122.23467934436802, 37.7915973147384]}, "properties": {"case_id": "1506719", "category": "ENVIRON_ENF", "complaint_type": "Illegal Dumping (Enforcement Potential)", "status": "CLOSED", "date_opened": "2025-04-03T13:20:38.000", "date_closed": "2025-04-07T13:46:43.000", "address": "1947 E 22ND ST", "zipcode": "94606", "councildistrict": "CCD2", "source": "SeeClickFix", "tract_id": "405901", "tract_geoid": "06001405901"}}, {"type": "Feature", "geometry": {"type": "Point", "coordinates": [-122.19212614935336, 37.765538870164704]}, "properties": {"case_id": "1506727", "category": "ENVIRON_ENF", "complaint_type": "Illegal Dumping (Enforcement Potential)", "status": "CLOSED", "date_opened": "2025-04-03T13:40:25.000", "date_closed": "2025-04-11T13:57:26.000", "address": "2053 64TH AV", "zipcode": "94621", "councildistrict": "CCD6", "source": "SeeClickFix", "tract_id": "408700", "tract_geoid": "06001408700"}}, {"type": "Feature", "geometry": {"type": "Point", "coordinates": [-122.20529922434457, 37.796948548651365]}, "properties": {"case_id": "1506998", "category": "ENVIRON_ENF", "complaint_type": "Illegal Dumping (Enforcement Potential)", "status": "CLOSED", "date_opened": "2025-04-04T12:12:34.000", "date_closed": "2025-04-07T13:32:45.000", "address": "3558 MAPLE AV", "zipcode": "94602", "councildistrict": "CCD4", "source": "SeeClickFix", "tract_id": "406601", "tract_geoid": "06001406601"}}, {"type": "Feature", "geometry": {"type": "Point", "coordinates": [-122.27577358552955, 37.81804545919298]}, "properties": {"case_id": "1507109", "category": "ENVIRON_ENF", "complaint_type": "Illegal Dumping (Enforcement Potential)", "status": "CLOSED", "date_opened": "2025-04-04T18:53:54.000", "date_closed": "2025-04-11T15:44:31.000", "address": "2743 SAN PABLO AV", "zipcode": "94607", "councildistrict": "CCD3", "source": "Email", "tract_id": "401400", "tract_geoid": "06001401400"}}, {"type": "Feature", "geometry": {"type": "Point", "coordinates": [-122.18077413910636, 37.77345500891343]}, "properties": {"case_id": "1507117", "category": "ENVIRON_ENF", "complaint_type": "Illegal Dumping (Enforcement Potential)", "status": "CLOSED", "date_opened": "2025-04-04T19:23:48.000", "date_closed": "2025-04-09T13:24:36.000", "address": "3215 64TH AVE", "zipcode": "94605", "councildistrict": "CCD6", "source": "SeeClickFix", "tract_id": "408700", "tract_geoid": "06001408700"}}, {"type": "Feature", "geometry": {"type": "Point", "coordinates": [-122.22492543701169, 37.79817897098066]}, "properties": {"case_id": "1507477", "category": "ENVIRON_ENF", "complaint_type": "Illegal Dumping (Enforcement Potential)", "status": "CLOSED", "date_opened": "2025-04-07T09:02:28.000", "date_closed": "2025-04-14T10:24:21.000", "address": "2246 E 31ST ST", "zipcode": "94602", "councildistrict": "CCD5", "source": "SeeClickFix", "tract_id": "406400", "tract_geoid": "06001406400"}}, {"type": "Feature", "geometry": {"type": "Point", "coordinates": [-122.2386976882975, 37.801142434347334]}, "properties": {"case_id": "1508277", "category": "ENVIRON_ENF", "complaint_type": "Illegal Dumping (Enforcement Potential)", "status": "CLOSED", "date_opened": "2025-04-09T07:42:31.000", "date_closed": "2025-04-29T11:42:14.000", "address": "2727 9TH AVE", "zipcode": "94606", "councildistrict": "CCD2", "source": "SeeClickFix", "tract_id": "405600", "tract_geoid": "06001405600"}}, {"type": "Feature", "geometry": {"type": "Point", "coordinates": [-122.1704957952871, 37.75030800878524]}, "properties": {"case_id": "1508783", "category": "ENVIRON_ENF", "complaint_type": "Illegal Dumping (Enforcement Potential)", "status": "CLOSED", "date_opened": "2025-04-10T14:00:51.000", "date_closed": "2025-04-14T14:43:45.000", "address": "1703 92ND AV", "zipcode": "94603", "councildistrict": "CCD7", "source": "Phone", "tract_id": "409600", "tract_geoid": "06001409600"}}, {"type": "Feature", "geometry": {"type": "Point", "coordinates": [-122.16976771074921, 37.74345940251864]}, "properties": {"case_id": "1509060", "category": "ENVIRON_ENF", "complaint_type": "Illegal Dumping (Enforcement Potential)", "status": "CLOSED", "date_opened": "2025-04-11T10:04:03.000", "date_closed": "2025-04-14T14:09:06.000", "address": "9918 INTERNATIONAL BLVD", "zipcode": "94603", "councildistrict": "CCD7", "source": "Phone", "tract_id": "409300", "tract_geoid": "06001409300"}}, {"type": "Feature", "geometry": {"type": "Point", "coordinates": [-122.17025136369824, 37.74261415067374]}, "properties": {"case_id": "1509118", "category": "ENVIRON_ENF", "complaint_type": "Illegal Dumping (Enforcement Potential)", "status": "CLOSED", "date_opened": "2025-04-11T11:37:14.000", "date_closed": "2025-04-14T15:26:24.000", "address": "9925 INTERNATIONAL BLVD", "zipcode": "94603", "councildistrict": "CCD7", "source": "SeeClickFix", "tract_id": "409300", "tract_geoid": "06001409300"}}, {"type": "Feature", "geometry": {"type": "Point", "coordinates": [-122.24274082572883, 37.788186786996675]}, "properties": {"case_id": "1509284", "category": "ENVIRON_ENF", "complaint_type": "Illegal Dumping (Enforcement Potential)", "status": "CLOSED", "date_opened": "2025-04-11T20:30:38.000", "date_closed": "2025-04-18T11:16:43.000", "address": "MARIN WY & 17TH AVE", "zipcode": "94606", "councildistrict": "CCD2", "source": "SeeClickFix", "tract_id": "405902", "tract_geoid": "06001405902"}}, {"type": "Feature", "geometry": {"type": "Point", "coordinates": [-122.18488123658592, 37.73681355461799]}, "properties": {"case_id": "1509595", "category": "ENVIRON_ENF", "complaint_type": "Illegal Dumping (Enforcement Potential)", "status": "CLOSED", "date_opened": "2025-04-14T08:39:03.000", "date_closed": "2025-04-18T11:41:35.000", "address": "9675 EDES AV", "zipcode": "94603", "councildistrict": "CCD7", "source": "Phone", "tract_id": "409000", "tract_geoid": "06001409000"}}, {"type": "Feature", "geometry": {"type": "Point", "coordinates": [-122.17287561213811, 37.76973631372922]}, "properties": {"case_id": "1509605", "category": "ENVIRON_ENF", "complaint_type": "Illegal Dumping (Enforcement Potential)", "status": "CLOSED", "date_opened": "2025-04-14T08:54:28.000", "date_closed": "2025-04-21T09:33:07.000", "address": "7200 MACARTHUR BLVD", "zipcode": "94605", "councildistrict": "CCD6", "source": "SeeClickFix", "tract_id": "408200", "tract_geoid": "06001408200"}}, {"type": "Feature", "geometry": {"type": "Point", "coordinates": [-122.17790500992001, 37.73560747310782]}, "properties": {"case_id": "1510151", "category": "ENVIRON_ENF", "complaint_type": "Illegal Dumping (Enforcement Potential)", "status": "CLOSED", "date_opened": "2025-04-15T13:21:46.000", "date_closed": "2025-04-21T14:12:14.000", "address": "10317 PEARMAIN ST", "zipcode": "94603", "councildistrict": "CCD7", "source": "SeeClickFix", "tract_id": "409300", "tract_geoid": "06001409300"}}, {"type": "Feature", "geometry": {"type": "Point", "coordinates": [-122.24619448867064, 37.79192698648356]}, "properties": {"case_id": "1510153", "category": "ENVIRON_ENF", "complaint_type": "Illegal Dumping (Enforcement Potential)", "status": "CLOSED", "date_opened": "2025-04-15T13:23:58.000", "date_closed": "2025-04-21T11:59:47.000", "address": "FOOTHILL BLVD & 12TH AV", "zipcode": "94606", "councildistrict": "CCD2", "source": "Phone", "tract_id": "405402", "tract_geoid": "06001405402"}}, {"type": "Feature", "geometry": {"type": "Point", "coordinates": [-122.18491618105048, 37.75893825646908]}, "properties": {"case_id": "1510321", "category": "ENVIRON_ENF", "complaint_type": "Illegal Dumping (Enforcement Potential)", "status": "CLOSED", "date_opened": "2025-04-15T18:36:32.000", "date_closed": "2025-04-21T09:06:40.000", "address": "1630 SUNSHINE CT", "zipcode": "94621", "councildistrict": "CCD6", "source": "Phone", "tract_id": "408500", "tract_geoid": "06001408500"}}, {"type": "Feature", "geometry": {"type": "Point", "coordinates": [-122.19481723245038, 37.78853372497982]}, "properties": {"case_id": "1510332", "category": "ENVIRON_ENF", "complaint_type": "Illegal Dumping (Enforcement Potential)", "status": "CLOSED", "date_opened": "2025-04-15T19:44:00.000", "date_closed": "2025-04-21T08:27:14.000", "address": "4228 MASTERSON ST", "zipcode": "94619", "councildistrict": "CCD4", "source": "SeeClickFix", "tract_id": "406900", "tract_geoid": "06001406900"}}, {"type": "Feature", "geometry": {"type": "Point", "coordinates": [-122.26253511318563, 37.836108423722266]}, "properties": {"case_id": "1510852", "category": "ENVIRON_ENF", "complaint_type": "Illegal Dumping (Enforcement Potential)", "status": "CLOSED", "date_opened": "2025-04-17T15:52:18.000", "date_closed": "2025-04-21T14:57:55.000", "address": "4900 TELEGRAPH AVE", "zipcode": "94609", "councildistrict": "CCD1", "source": "SeeClickFix", "tract_id": "401100", "tract_geoid": "06001401100"}}, {"type": "Feature", "geometry": {"type": "Point", "coordinates": [-122.24001812193382, 37.789184788363904]}, "properties": {"case_id": "1510876", "category": "ENVIRON_ENF", "complaint_type": "Illegal Dumping (Enforcement Potential)", "status": "CLOSED", "date_opened": "2025-04-17T16:50:05.000", "date_closed": "2025-04-21T08:42:41.000", "address": "1718 INDEPENDENCE WY", "zipcode": "94606", "councildistrict": "CCD2", "source": "Phone", "tract_id": "405902", "tract_geoid": "06001405902"}}, {"type": "Feature", "geometry": {"type": "Point", "coordinates": [-122.24358254715017, 37.78894072013249]}, "properties": {"case_id": "1510943", "category": "ENVIRON_ENF", "complaint_type": "Illegal Dumping (Enforcement Potential)", "status": "CLOSED", "date_opened": "2025-04-18T00:01:45.000", "date_closed": "2025-04-30T11:22:23.000", "address": "1438 16TH AVE", "zipcode": "94606", "councildistrict": "CCD2", "source": "SeeClickFix", "tract_id": "405902", "tract_geoid": "06001405902"}}, {"type": "Feature", "geometry": {"type": "Point", "coordinates": [-122.16847458589754, 37.76381250125542]}, "properties": {"case_id": "1511011", "category": "ENVIRON_ENF", "complaint_type": "Illegal Dumping (Enforcement Potential)", "status": "CLOSED", "date_opened": "2025-04-18T10:26:53.000", "date_closed": "2025-04-23T12:40:41.000", "address": "2727 RITCHIE ST", "zipcode": "94605", "councildistrict": "CCD6", "source": "Email", "tract_id": "408400", "tract_geoid": "06001408400"}}, {"type": "Feature", "geometry": {"type": "Point", "coordinates": [-122.22296576221912, 37.775665971058736]}, "properties": {"case_id": "1511136", "category": "ENVIRON_ENF", "complaint_type": "Illegal Dumping (Enforcement Potential)", "status": "CANCEL", "date_opened": "2025-04-18T14:20:20.000", "date_closed": null, "address": "1243 35TH AV", "zipcode": "94601", "councildistrict": "CCD5", "source": "Phone", "tract_id": "406100", "tract_geoid": "06001406100"}}, {"type": "Feature", "geometry": {"type": "Point", "coordinates": [-122.21694606166787, 37.78193629990764]}, "properties": {"case_id": "1511530", "category": "ENVIRON_ENF", "complaint_type": "Illegal Dumping (Enforcement Potential)", "status": "CLOSED", "date_opened": "2025-04-21T08:39:16.000", "date_closed": "2025-04-23T10:34:32.000", "address": "2022 36TH AV", "zipcode": "94601", "councildistrict": "CCD5", "source": "Email", "tract_id": "407101", "tract_geoid": "06001407101"}}, {"type": "Feature", "geometry": {"type": "Point", "coordinates": [-122.1808830149188, 37.773371008373495]}, "properties": {"case_id": "1511612", "category": "ENVIRON_ENF", "complaint_type": "Illegal Dumping (Enforcement Potential)", "status": "CLOSED", "date_opened": "2025-04-21T11:01:58.000", "date_closed": "2025-04-23T13:05:16.000", "address": "3209 64TH AVE", "zipcode": "94605", "councildistrict": "CCD6", "source": "SeeClickFix", "tract_id": "408700", "tract_geoid": "06001408700"}}, {"type": "Feature", "geometry": {"type": "Point", "coordinates": [-122.19125774796808, 37.77177767828392]}, "properties": {"case_id": "1511696", "category": "ENVIRON_ENF", "complaint_type": "Illegal Dumping (Enforcement Potential)", "status": "CLOSED", "date_opened": "2025-04-21T13:46:05.000", "date_closed": "2025-04-23T13:37:27.000", "address": "5848 FOOTHILL BLVD", "zipcode": "94605", "councildistrict": "CCD6", "source": "Phone", "tract_id": "407700", "tract_geoid": "06001407700"}}, {"type": "Feature", "geometry": {"type": "Point", "coordinates": [-122.1729599639433, 37.76594428760861]}, "properties": {"case_id": "1511722", "category": "ENVIRON_ENF", "complaint_type": "Illegal Dumping (Enforcement Potential)", "status": "CLOSED", "date_opened": "2025-04-21T14:36:04.000", "date_closed": "2025-04-29T14:52:46.000", "address": "2649 76TH AVE", "zipcode": "94605", "councildistrict": "CCD6", "source": "SeeClickFix", "tract_id": "408400", "tract_geoid": "06001408400"}}, {"type": "Feature", "geometry": {"type": "Point", "coordinates": [-122.2980969898376, 37.81229293471983]}, "properties": {"case_id": "1511917", "category": "ENVIRON_ENF", "complaint_type": "Illegal Dumping (Enforcement Potential)", "status": "CLOSED", "date_opened": "2025-04-22T07:28:54.000", "date_closed": "2025-04-30T11:42:27.000", "address": "1737 13TH ST", "zipcode": "94607", "councildistrict": "CCD3", "source": "SeeClickFix", "tract_id": "401800", "tract_geoid": "06001401800"}}, {"type": "Feature", "geometry": {"type": "Point", "coordinates": [-122.28370804510917, 37.7985688062942]}, "properties": {"case_id": "1512096", "category": "ENVIRON_ENF", "complaint_type": "Illegal Dumping (Enforcement Potential)", "status": "CLOSED", "date_opened": "2025-04-22T12:53:19.000", "date_closed": "2025-04-29T14:35:08.000", "address": "720 2ND ST", "zipcode": "94607", "councildistrict": "CCD3", "source": "SeeClickFix", "tract_id": "982000", "tract_geoid": "06001982000"}}, {"type": "Feature", "geometry": {"type": "Point", "coordinates": [-122.25450956443619, 37.79102954328478]}, "properties": {"case_id": "1512211", "category": "ENVIRON_ENF", "complaint_type": "Illegal Dumping (Enforcement Potential)", "status": "CLOSED", "date_opened": "2025-04-22T16:15:44.000", "date_closed": "2025-09-02T08:33:52.000", "address": "800 E 8TH ST", "zipcode": "94606", "councildistrict": "CCD2", "source": "SeeClickFix", "tract_id": "406000", "tract_geoid": "06001406000"}}, {"type": "Feature", "geometry": {"type": "Point", "coordinates": [-122.17603319036223, 37.7455040494749]}, "properties": {"case_id": "1512234", "category": "ENVIRON_ENF", "complaint_type": "Illegal Dumping (Enforcement Potential)", "status": "CLOSED", "date_opened": "2025-04-22T16:51:45.000", "date_closed": "2025-04-23T13:47:35.000", "address": "9403 B ST", "zipcode": "94603", "councildistrict": "CCD7", "source": "Phone", "tract_id": "409400", "tract_geoid": "06001409400"}}, {"type": "Feature", "geometry": {"type": "Point", "coordinates": [-122.20788664185778, 37.77045997212433]}, "properties": {"case_id": "1512328", "category": "ENVIRON_ENF", "complaint_type": "Illegal Dumping (Enforcement Potential)", "status": "CLOSED", "date_opened": "2025-04-23T07:35:42.000", "date_closed": "2025-05-01T09:35:29.000", "address": "1448 50TH AVE", "zipcode": "94601", "councildistrict": "CCD5", "source": "SeeClickFix", "tract_id": "407400", "tract_geoid": "06001407400"}}, {"type": "Feature", "geometry": {"type": "Point", "coordinates": [-122.17644470859395, 37.751544463579805]}, "properties": {"case_id": "1512401", "category": "ENVIRON_ENF", "complaint_type": "Illegal Dumping (Enforcement Potential)", "status": "CLOSED", "date_opened": "2025-04-23T10:39:29.000", "date_closed": "2025-04-24T15:09:27.000", "address": "1372 87TH AV", "zipcode": "94621", "councildistrict": "CCD7", "source": "Phone", "tract_id": "409500", "tract_geoid": "06001409500"}}, {"type": "Feature", "geometry": {"type": "Point", "coordinates": [-122.18513330385468, 37.73700430082203]}, "properties": {"case_id": "1512462", "category": "ENVIRON_ENF", "complaint_type": "Illegal Dumping (Enforcement Potential)", "status": "CLOSED", "date_opened": "2025-04-23T13:14:59.000", "date_closed": "2025-04-29T11:40:20.000", "address": "9644 EDES AV", "zipcode": "94603", "councildistrict": "CCD7", "source": "Email", "tract_id": "409000", "tract_geoid": "06001409000"}}, {"type": "Feature", "geometry": {"type": "Point", "coordinates": [-122.23880997770803, 37.80278098334582]}, "properties": {"case_id": "1512482", "category": "ENVIRON_ENF", "complaint_type": "Illegal Dumping (Enforcement Potential)", "status": "CLOSED", "date_opened": "2025-04-23T13:58:41.000", "date_closed": "2025-04-25T15:22:03.000", "address": "8TH AV & PARK BLVD", "zipcode": "94610", "councildistrict": "CCD2", "source": "Phone", "tract_id": "405600", "tract_geoid": "06001405600"}}, {"type": "Feature", "geometry": {"type": "Point", "coordinates": [-122.28691053909749, 37.819656028949616]}, "properties": {"case_id": "1512488", "category": "ENVIRON_ENF", "complaint_type": "Illegal Dumping (Enforcement Potential)", "status": "CLOSED", "date_opened": "2025-04-23T14:22:32.000", "date_closed": "2025-05-01T10:16:57.000", "address": "26TH ST & KIRKHAM ST", "zipcode": "94607", "councildistrict": "CCD3", "source": "Email", "tract_id": "401600", "tract_geoid": "06001401600"}}, {"type": "Feature", "geometry": {"type": "Point", "coordinates": [-122.19680295838619, 37.76755301097671]}, "properties": {"case_id": "1512664", "category": "ENVIRON_ENF", "complaint_type": "Illegal Dumping (Enforcement Potential)", "status": "CLOSED", "date_opened": "2025-04-24T09:27:27.000", "date_closed": "2025-04-29T11:41:02.000", "address": "1759 SEMINARY AVE", "zipcode": "94621", "councildistrict": "CCD6", "source": "SeeClickFix", "tract_id": "407500", "tract_geoid": "06001407500"}}, {"type": "Feature", "geometry": {"type": "Point", "coordinates": [-122.20628189143402, 37.783299949510464]}, "properties": {"case_id": "1512970", "category": "ENVIRON_ENF", "complaint_type": "Illegal Dumping (Enforcement Potential)", "status": "CLOSED", "date_opened": "2025-04-25T07:29:05.000", "date_closed": "2025-05-16T10:06:55.000", "address": "4014 NEVIL ST", "zipcode": "94601", "councildistrict": "CCD5", "source": "SeeClickFix", "tract_id": "407102", "tract_geoid": "06001407102"}}, {"type": "Feature", "geometry": {"type": "Point", "coordinates": [-122.21739998038099, 37.77649998180315]}, "properties": {"case_id": "1513298", "category": "ENVIRON_ENF", "complaint_type": "Illegal Dumping (Enforcement Potential)", "status": "CLOSED", "date_opened": "2025-04-26T10:16:33.000", "date_closed": "2025-05-01T14:31:51.000", "address": "1705 39TH AVE", "zipcode": "94601", "councildistrict": "CCD5", "source": "SeeClickFix", "tract_id": "407200", "tract_geoid": "06001407200"}}, {"type": "Feature", "geometry": {"type": "Point", "coordinates": [-122.2815882007014, 37.82195005089088]}, "properties": {"case_id": "1513911", "category": "ENVIRON_ENF", "complaint_type": "Illegal Dumping (Enforcement Potential)", "status": "CLOSED", "date_opened": "2025-04-29T08:23:30.000", "date_closed": "2025-04-30T13:49:55.000", "address": "30TH ST & ADELINE ST", "zipcode": "94608", "councildistrict": "CCD3", "source": "SeeClickFix", "tract_id": "401500", "tract_geoid": "06001401500"}}, {"type": "Feature", "geometry": {"type": "Point", "coordinates": [-122.18964329573923, 37.763490799921]}, "properties": {"case_id": "1514406", "category": "ENVIRON_ENF", "complaint_type": "Illegal Dumping (Enforcement Potential)", "status": "CLOSED", "date_opened": "2025-04-30T13:56:26.000", "date_closed": "2025-05-01T12:38:07.000", "address": "1645 67TH AV", "zipcode": "94621", "councildistrict": "CCD6", "source": "Email", "tract_id": "408600", "tract_geoid": "06001408600"}}, {"type": "Feature", "geometry": {"type": "Point", "coordinates": [-122.17571491725703, 37.7542143342642]}, "properties": {"case_id": "1514419", "category": "ENVIRON_ENF", "complaint_type": "Illegal Dumping (Enforcement Potential)", "status": "CLOSED", "date_opened": "2025-04-30T14:26:58.000", "date_closed": "2025-05-01T12:45:05.000", "address": "8515 HOLLY ST", "zipcode": "94621", "councildistrict": "CCD7", "source": "Phone", "tract_id": "409600", "tract_geoid": "06001409600"}}, {"type": "Feature", "geometry": {"type": "Point", "coordinates": [-122.27975815280435, 37.813488114276915]}, "properties": {"case_id": "1514422", "category": "ENVIRON_ENF", "complaint_type": "Illegal Dumping (Enforcement Potential)", "status": "CLOSED", "date_opened": "2025-04-30T14:35:22.000", "date_closed": "2025-05-01T13:14:28.000", "address": "933 21ST ST", "zipcode": "94607", "councildistrict": "CCD3", "source": "Email", "tract_id": "402400", "tract_geoid": "06001402400"}}, {"type": "Feature", "geometry": {"type": "Point", "coordinates": [-122.26593856030306, 37.850388637060085]}, "properties": {"case_id": "1514471", "category": "ENVIRON_ENF", "complaint_type": "Illegal Dumping (Enforcement Potential)", "status": "CLOSED", "date_opened": "2025-04-30T16:21:24.000", "date_closed": "2025-05-01T13:04:44.000", "address": "6501 SHATTUCK AV", "zipcode": "94609", "councildistrict": "CCD1", "source": "Email", "tract_id": "400500", "tract_geoid": "06001400500"}}, {"type": "Feature", "geometry": {"type": "Point", "coordinates": [-122.28679160215387, 37.819460244698]}, "properties": {"case_id": "1514571", "category": "ENVIRON_ENF", "complaint_type": "Illegal Dumping (Enforcement Potential)", "status": "CLOSED", "date_opened": "2025-05-01T08:14:45.000", "date_closed": "2025-05-02T11:16:21.000", "address": "26TH ST & KIRKHAM ST", "zipcode": "94607", "councildistrict": "CCD3", "source": "SeeClickFix", "tract_id": "401600", "tract_geoid": "06001401600"}}, {"type": "Feature", "geometry": {"type": "Point", "coordinates": [-122.18375564753477, 37.73560676268116]}, "properties": {"case_id": "1514817", "category": "ENVIRON_ENF", "complaint_type": "Illegal Dumping (Enforcement Potential)", "status": "CLOSED", "date_opened": "2025-05-01T15:55:25.000", "date_closed": "2025-05-02T10:37:10.000", "address": "555 98TH AV", "zipcode": "94603", "councildistrict": "CCD7", "source": "Phone", "tract_id": "409000", "tract_geoid": "06001409000"}}, {"type": "Feature", "geometry": {"type": "Point", "coordinates": [-122.16360993913877, 37.751665991310794]}, "properties": {"case_id": "1514930", "category": "ENVIRON_ENF", "complaint_type": "Illegal Dumping (Enforcement Potential)", "status": "CLOSED", "date_opened": "2025-05-02T09:23:59.000", "date_closed": "2025-05-06T11:26:38.000", "address": "2235 94TH AVE", "zipcode": "94603", "councildistrict": "CCD7", "source": "SeeClickFix", "tract_id": "409700", "tract_geoid": "06001409700"}}, {"type": "Feature", "geometry": {"type": "Point", "coordinates": [-122.22418738117416, 37.777652145139776]}, "properties": {"case_id": "1514997", "category": "ENVIRON_ENF", "complaint_type": "Illegal Dumping (Enforcement Potential)", "status": "CLOSED", "date_opened": "2025-05-02T11:30:24.000", "date_closed": "2025-05-05T13:55:35.000", "address": "3224 FARNAM ST", "zipcode": "94601", "councildistrict": "CCD5", "source": "SeeClickFix", "tract_id": "407200", "tract_geoid": "06001407200"}}, {"type": "Feature", "geometry": {"type": "Point", "coordinates": [-122.17737168013575, 37.76148897659878]}, "properties": {"case_id": "1515180", "category": "ENVIRON_ENF", "complaint_type": "Illegal Dumping (Enforcement Potential)", "status": "CLOSED", "date_opened": "2025-05-03T00:32:23.000", "date_closed": "2025-05-06T13:15:25.000", "address": "1863 78TH AVE", "zipcode": "94605", "councildistrict": "CCD6", "source": "SeeClickFix", "tract_id": "408500", "tract_geoid": "06001408500"}}, {"type": "Feature", "geometry": {"type": "Point", "coordinates": [-122.26460204682316, 37.797910017486586]}, "properties": {"case_id": "1515212", "category": "ENVIRON_ENF", "complaint_type": "Illegal Dumping (Enforcement Potential)", "status": "CLOSED", "date_opened": "2025-05-03T10:12:01.000", "date_closed": "2025-05-05T13:33:40.000", "address": "920 OAK ST", "zipcode": "94607", "councildistrict": "CCD2", "source": "SeeClickFix", "tract_id": "403302", "tract_geoid": "06001403302"}}, {"type": "Feature", "geometry": {"type": "Point", "coordinates": [-122.15383653834077, 37.76703845622735]}, "properties": {"case_id": "1515229", "category": "ENVIRON_ENF", "complaint_type": "Illegal Dumping (Enforcement Potential)", "status": "CLOSED", "date_opened": "2025-05-03T10:56:43.000", "date_closed": "2025-05-06T12:14:17.000", "address": "8251 FONTAINE ST", "zipcode": "94605", "councildistrict": "CCD6", "source": "SeeClickFix", "tract_id": "409800", "tract_geoid": "06001409800"}}, {"type": "Feature", "geometry": {"type": "Point", "coordinates": [-122.27421779328877, 37.84106880964407]}, "properties": {"case_id": "1515432", "category": "ENVIRON_ENF", "complaint_type": "Illegal Dumping (Enforcement Potential)", "status": "CLOSED", "date_opened": "2025-05-04T16:34:06.000", "date_closed": "2025-05-08T15:08:28.000", "address": "5660 MARKET ST", "zipcode": "94608", "councildistrict": "CCD1", "source": "SeeClickFix", "tract_id": "400700", "tract_geoid": "06001400700"}}, {"type": "Feature", "geometry": {"type": "Point", "coordinates": [-122.28381898704677, 37.82251801041929]}, "properties": {"case_id": "1515526", "category": "ENVIRON_ENF", "complaint_type": "Illegal Dumping (Enforcement Potential)", "status": "CLOSED", "date_opened": "2025-05-05T08:52:24.000", "date_closed": "2025-05-05T13:41:58.000", "address": "1239 30TH ST", "zipcode": "94608", "councildistrict": "CCD3", "source": "Phone", "tract_id": "401500", "tract_geoid": "06001401500"}}, {"type": "Feature", "geometry": {"type": "Point", "coordinates": [-122.18479598646545, 37.75349676715422]}, "properties": {"case_id": "1515541", "category": "ENVIRON_ENF", "complaint_type": "Illegal Dumping (Enforcement Potential)", "status": "CLOSED", "date_opened": "2025-05-05T09:18:51.000", "date_closed": "2025-05-09T15:00:25.000", "address": "1079 81ST AV", "zipcode": "94621", "councildistrict": "CCD7", "source": "Phone", "tract_id": "408900", "tract_geoid": "06001408900"}}, {"type": "Feature", "geometry": {"type": "Point", "coordinates": [-122.27669498751659, 37.81626333160328]}, "properties": {"case_id": "1515786", "category": "ENVIRON_ENF", "complaint_type": "Illegal Dumping (Enforcement Potential)", "status": "CLOSED", "date_opened": "2025-05-05T16:58:26.000", "date_closed": "2025-05-13T15:14:00.000", "address": "852 MEAD AV", "zipcode": "94607", "councildistrict": "CCD3", "source": "SeeClickFix", "tract_id": "401600", "tract_geoid": "06001401600"}}, {"type": "Feature", "geometry": {"type": "Point", "coordinates": [-122.17252499968266, 37.733030994968075]}, "properties": {"case_id": "1516142", "category": "ENVIRON_ENF", "complaint_type": "Illegal Dumping (Enforcement Potential)", "status": "CLOSED", "date_opened": "2025-05-06T15:30:45.000", "date_closed": "2025-05-09T08:37:06.000", "address": "RUSSETT ST & MOORPARK AV", "zipcode": "94603", "councildistrict": "CCD7", "source": "Email", "tract_id": "409300", "tract_geoid": "06001409300"}}, {"type": "Feature", "geometry": {"type": "Point", "coordinates": [-122.18651302629975, 37.770385980491]}, "properties": {"case_id": "1516199", "category": "ENVIRON_ENF", "complaint_type": "Illegal Dumping (Enforcement Potential)", "status": "CLOSED", "date_opened": "2025-05-06T20:02:40.000", "date_closed": "2025-05-09T15:02:52.000", "address": "6290 BANCROFT AVE", "zipcode": "94605", "councildistrict": "CCD6", "source": "SeeClickFix", "tract_id": "408700", "tract_geoid": "06001408700"}}, {"type": "Feature", "geometry": {"type": "Point", "coordinates": [-122.25843897515253, 37.8124020140198]}, "properties": {"case_id": "1516353", "category": "ENVIRON_ENF", "complaint_type": "Illegal Dumping (Enforcement Potential)", "status": "CLOSED", "date_opened": "2025-05-07T10:56:36.000", "date_closed": "2025-05-07T15:26:41.000", "address": "MONTECITO AV & LENOX AV", "zipcode": "94610", "councildistrict": "CCD3", "source": "Phone", "tract_id": "403701", "tract_geoid": "06001403701"}}, {"type": "Feature", "geometry": {"type": "Point", "coordinates": [-122.18488375186872, 37.75822542255951]}, "properties": {"case_id": "1516527", "category": "ENVIRON_ENF", "complaint_type": "Illegal Dumping (Enforcement Potential)", "status": "CLOSED", "date_opened": "2025-05-07T19:09:44.000", "date_closed": "2025-05-16T12:13:30.000", "address": "7602 INTERNATIONAL BLVD", "zipcode": "94621", "councildistrict": "CCD6", "source": "Phone", "tract_id": "408500", "tract_geoid": "06001408500"}}, {"type": "Feature", "geometry": {"type": "Point", "coordinates": [-122.24044580984065, 37.85857895727791]}, "properties": {"case_id": "1516613", "category": "ENVIRON_ENF", "complaint_type": "Illegal Dumping (Enforcement Potential)", "status": "CLOSED", "date_opened": "2025-05-08T09:36:29.000", "date_closed": "2025-05-14T15:09:52.000", "address": "50 ALVARADO PL", "zipcode": "94705", "councildistrict": "CCD4", "source": "Email", "tract_id": "400100", "tract_geoid": "06001400100"}}, {"type": "Feature", "geometry": {"type": "Point", "coordinates": [-122.26928909665023, 37.83765106002499]}, "properties": {"case_id": "1516674", "category": "ENVIRON_ENF", "complaint_type": "Illegal Dumping (Enforcement Potential)", "status": "CLOSED", "date_opened": "2025-05-08T11:04:51.000", "date_closed": "2025-05-09T15:27:03.000", "address": "5231 WEST ST", "zipcode": "94608", "councildistrict": "CCD1", "source": "Phone", "tract_id": "400700", "tract_geoid": "06001400700"}}, {"type": "Feature", "geometry": {"type": "Point", "coordinates": [-122.2243704578291, 37.77683675020415]}, "properties": {"case_id": "1516773", "category": "ENVIRON_ENF", "complaint_type": "Illegal Dumping (Enforcement Potential)", "status": "CLOSED", "date_opened": "2025-05-08T15:02:05.000", "date_closed": "2026-03-03T15:01:34.000", "address": "3323 INTERNATIONAL BLVD", "zipcode": "94601", "councildistrict": "CCD5", "source": "Phone", "tract_id": "406100", "tract_geoid": "06001406100"}}, {"type": "Feature", "geometry": {"type": "Point", "coordinates": [-122.29200901732476, 37.81606498359903]}, "properties": {"case_id": "1516869", "category": "ENVIRON_ENF", "complaint_type": "Illegal Dumping (Enforcement Potential)", "status": "CLOSED", "date_opened": "2025-05-08T18:40:47.000", "date_closed": "2025-05-14T19:02:33.000", "address": "CAMPBELL ST & 20TH ST", "zipcode": "94607", "councildistrict": "CCD3", "source": "Phone", "tract_id": "401700", "tract_geoid": "06001401700"}}, {"type": "Feature", "geometry": {"type": "Point", "coordinates": [-122.28972397273623, 37.818942006457696]}, "properties": {"case_id": "1516874", "category": "ENVIRON_ENF", "complaint_type": "Illegal Dumping (Enforcement Potential)", "status": "CLOSED", "date_opened": "2025-05-08T19:22:33.000", "date_closed": "2025-05-14T19:02:34.000", "address": "24TH ST & CAMPBELL ST", "zipcode": "94607", "councildistrict": "CCD3", "source": "SeeClickFix", "tract_id": "401700", "tract_geoid": "06001401700"}}, {"type": "Feature", "geometry": {"type": "Point", "coordinates": [-122.28969720294076, 37.81891653087048]}, "properties": {"case_id": "1516890", "category": "ENVIRON_ENF", "complaint_type": "Illegal Dumping (Enforcement Potential)", "status": "CLOSED", "date_opened": "2025-05-08T23:25:54.000", "date_closed": "2025-05-14T19:02:36.000", "address": "24TH ST & CAMPBELL ST", "zipcode": "94607", "councildistrict": "CCD3", "source": "SeeClickFix", "tract_id": "401700", "tract_geoid": "06001401700"}}, {"type": "Feature", "geometry": {"type": "Point", "coordinates": [-122.18638905879052, 37.77461801249852]}, "properties": {"case_id": "1517054", "category": "ENVIRON_ENF", "complaint_type": "Illegal Dumping (Enforcement Potential)", "status": "CLOSED", "date_opened": "2025-05-09T13:09:59.000", "date_closed": "2025-05-14T12:31:10.000", "address": "3007 SEMINARY AV", "zipcode": "94605", "councildistrict": "CCD6", "source": "Phone", "tract_id": "407700", "tract_geoid": "06001407700"}}, {"type": "Feature", "geometry": {"type": "Point", "coordinates": [-122.28992097327806, 37.81908002863671]}, "properties": {"case_id": "1517132", "category": "ENVIRON_ENF", "complaint_type": "Illegal Dumping (Enforcement Potential)", "status": "CLOSED", "date_opened": "2025-05-09T17:25:56.000", "date_closed": "2025-05-14T19:02:37.000", "address": "24TH ST & CAMPBELL ST", "zipcode": "94607", "councildistrict": "CCD3", "source": "Email", "tract_id": "401700", "tract_geoid": "06001401700"}}, {"type": "Feature", "geometry": {"type": "Point", "coordinates": [-122.2894710969837, 37.81910997480294]}, "properties": {"case_id": "1517150", "category": "ENVIRON_ENF", "complaint_type": "Illegal Dumping (Enforcement Potential)", "status": "CANCEL", "date_opened": "2025-05-09T19:54:04.000", "date_closed": null, "address": "2376 CAMPBELL ST", "zipcode": "94607", "councildistrict": "CCD3", "source": "SeeClickFix", "tract_id": "401700", "tract_geoid": "06001401700"}}, {"type": "Feature", "geometry": {"type": "Point", "coordinates": [-122.26614400500856, 37.79254912786274]}, "properties": {"case_id": "1517281", "category": "ENVIRON_ENF", "complaint_type": "Illegal Dumping (Enforcement Potential)", "status": "CLOSED", "date_opened": "2025-05-10T14:59:42.000", "date_closed": "2025-05-12T11:50:58.000", "address": "48 VICTORY CT", "zipcode": "94607", "councildistrict": "CCD2", "source": "SeeClickFix", "tract_id": "403302", "tract_geoid": "06001403302"}}, {"type": "Feature", "geometry": {"type": "Point", "coordinates": [-122.17693707520124, 37.7726410588352]}, "properties": {"case_id": "1517336", "category": "ENVIRON_ENF", "complaint_type": "Illegal Dumping (Enforcement Potential)", "status": "CLOSED", "date_opened": "2025-05-10T21:43:54.000", "date_closed": "2025-05-12T11:17:21.000", "address": "6638 MACARTHUR BLVD", "zipcode": "94605", "councildistrict": "CCD6", "source": "SeeClickFix", "tract_id": "408200", "tract_geoid": "06001408200"}}, {"type": "Feature", "geometry": {"type": "Point", "coordinates": [-122.25689099825473, 37.82016901102998]}, "properties": {"case_id": "1517342", "category": "ENVIRON_ENF", "complaint_type": "Illegal Dumping (Enforcement Potential)", "status": "CLOSED", "date_opened": "2025-05-10T22:57:16.000", "date_closed": "2025-05-14T13:20:34.000", "address": "STANLEY PL & KEMPTON AV", "zipcode": "94611", "councildistrict": "CCD3", "source": "SeeClickFix", "tract_id": "403501", "tract_geoid": "06001403501"}}, {"type": "Feature", "geometry": {"type": "Point", "coordinates": [-122.2650885743811, 37.83416156555499]}, "properties": {"case_id": "1517410", "category": "ENVIRON_ENF", "complaint_type": "Illegal Dumping (Enforcement Potential)", "status": "CLOSED", "date_opened": "2025-05-11T14:22:41.000", "date_closed": "2025-05-14T13:00:22.000", "address": "556 46TH ST", "zipcode": "94609", "councildistrict": "CCD1", "source": "SeeClickFix", "tract_id": "401100", "tract_geoid": "06001401100"}}, {"type": "Feature", "geometry": {"type": "Point", "coordinates": [-122.28691053909749, 37.819656028949616]}, "properties": {"case_id": "1517498", "category": "ENVIRON_ENF", "complaint_type": "Illegal Dumping (Enforcement Potential)", "status": "CLOSED", "date_opened": "2025-05-12T08:12:40.000", "date_closed": "2025-05-12T12:09:23.000", "address": "26TH ST & KIRKHAM ST", "zipcode": "94607", "councildistrict": "CCD3", "source": "Email", "tract_id": "401600", "tract_geoid": "06001401600"}}, {"type": "Feature", "geometry": {"type": "Point", "coordinates": [-122.28679321912138, 37.81945598697018]}, "properties": {"case_id": "1517519", "category": "ENVIRON_ENF", "complaint_type": "Illegal Dumping (Enforcement Potential)", "status": "CLOSED", "date_opened": "2025-05-12T08:51:09.000", "date_closed": "2025-05-12T12:59:49.000", "address": "PERALTA ST & 26TH ST", "zipcode": "94607", "councildistrict": "CCD3", "source": "SeeClickFix", "tract_id": "401600", "tract_geoid": "06001401600"}}, {"type": "Feature", "geometry": {"type": "Point", "coordinates": [-122.22795949688424, 37.77255308096747]}, "properties": {"case_id": "1517559", "category": "ENVIRON_ENF", "complaint_type": "Illegal Dumping (Enforcement Potential)", "status": "CLOSED", "date_opened": "2025-05-12T09:44:27.000", "date_closed": "2025-05-14T13:33:19.000", "address": "3220 ELMWOOD AV", "zipcode": "94601", "councildistrict": "CCD5", "source": "Phone", "tract_id": "406100", "tract_geoid": "06001406100"}}, {"type": "Feature", "geometry": {"type": "Point", "coordinates": [-122.18442408393777, 37.77274146282754]}, "properties": {"case_id": "1517690", "category": "ENVIRON_ENF", "complaint_type": "Illegal Dumping (Enforcement Potential)", "status": "CLOSED", "date_opened": "2025-05-12T13:36:12.000", "date_closed": "2025-05-14T13:01:36.000", "address": "3000 62ND AV", "zipcode": "94605", "councildistrict": "CCD6", "source": "SeeClickFix", "tract_id": "408700", "tract_geoid": "06001408700"}}, {"type": "Feature", "geometry": {"type": "Point", "coordinates": [-122.19023250073417, 37.77165902391415]}, "properties": {"case_id": "1517775", "category": "ENVIRON_ENF", "complaint_type": "Illegal Dumping (Enforcement Potential)", "status": "CLOSED", "date_opened": "2025-05-12T16:56:41.000", "date_closed": "2025-05-14T12:44:40.000", "address": "SEMINARY AV & WALNUT ST", "zipcode": "94605", "councildistrict": "CCD6", "source": "Email", "tract_id": "407700", "tract_geoid": "06001407700"}}, {"type": "Feature", "geometry": {"type": "Point", "coordinates": [-122.29069999229256, 37.801300009190115]}, "properties": {"case_id": "1517858", "category": "ENVIRON_ENF", "complaint_type": "Illegal Dumping (Enforcement Potential)", "status": "CLOSED", "date_opened": "2025-05-13T09:40:08.000", "date_closed": "2025-05-14T12:49:42.000", "address": "1221 3RD ST", "zipcode": "94607", "councildistrict": "CCD3", "source": "SeeClickFix", "tract_id": "981900", "tract_geoid": "06001981900"}}, {"type": "Feature", "geometry": {"type": "Point", "coordinates": [-122.27725616507466, 37.81857385143461]}, "properties": {"case_id": "1518110", "category": "ENVIRON_ENF", "complaint_type": "Illegal Dumping (Enforcement Potential)", "status": "CLOSED", "date_opened": "2025-05-13T16:29:41.000", "date_closed": "2025-05-14T08:52:33.000", "address": "2733 MARKET ST", "zipcode": "94607", "councildistrict": "CCD3", "source": "Phone", "tract_id": "401600", "tract_geoid": "06001401600"}}, {"type": "Feature", "geometry": {"type": "Point", "coordinates": [-122.26487639231097, 37.79776805166861]}, "properties": {"case_id": "1518136", "category": "ENVIRON_ENF", "complaint_type": "Illegal Dumping (Enforcement Potential)", "status": "CLOSED", "date_opened": "2025-05-13T17:09:18.000", "date_closed": "2025-05-16T11:48:24.000", "address": "920 OAK ST", "zipcode": "94607", "councildistrict": "CCD2", "source": "SeeClickFix", "tract_id": "403302", "tract_geoid": "06001403302"}}, {"type": "Feature", "geometry": {"type": "Point", "coordinates": [-122.21318499523579, 37.78523480208225]}, "properties": {"case_id": "1518451", "category": "ENVIRON_ENF", "complaint_type": "Illegal Dumping (Enforcement Potential)", "status": "CLOSED", "date_opened": "2025-05-14T16:18:37.000", "date_closed": "2025-05-20T14:42:51.000", "address": "3550 DAVIS ST", "zipcode": "94601", "councildistrict": "CCD5", "source": "Phone", "tract_id": "407101", "tract_geoid": "06001407101"}}, {"type": "Feature", "geometry": {"type": "Point", "coordinates": [-122.28691053909749, 37.819656028949616]}, "properties": {"case_id": "1518835", "category": "ENVIRON_ENF", "complaint_type": "Illegal Dumping (Enforcement Potential)", "status": "CLOSED", "date_opened": "2025-05-15T15:41:14.000", "date_closed": "2025-05-20T13:54:56.000", "address": "26TH ST & KIRKHAM ST", "zipcode": "94607", "councildistrict": "CCD3", "source": "Email", "tract_id": "401600", "tract_geoid": "06001401600"}}, {"type": "Feature", "geometry": {"type": "Point", "coordinates": [-122.21053541430491, 37.77247838135593]}, "properties": {"case_id": "1518849", "category": "ENVIRON_ENF", "complaint_type": "Illegal Dumping (Enforcement Potential)", "status": "CLOSED", "date_opened": "2025-05-15T16:00:03.000", "date_closed": "2025-05-20T14:06:21.000", "address": "1632 46TH AV", "zipcode": "94601", "councildistrict": "CCD5", "source": "SeeClickFix", "tract_id": "407400", "tract_geoid": "06001407400"}}, {"type": "Feature", "geometry": {"type": "Point", "coordinates": [-122.29973605590524, 37.80725701438591]}, "properties": {"case_id": "1519198", "category": "ENVIRON_ENF", "complaint_type": "Illegal Dumping (Enforcement Potential)", "status": "CLOSED", "date_opened": "2025-05-16T15:35:18.000", "date_closed": "2025-05-20T14:39:26.000", "address": "1671 8TH ST", "zipcode": "94607", "councildistrict": "CCD3", "source": "SeeClickFix", "tract_id": "401800", "tract_geoid": "06001401800"}}, {"type": "Feature", "geometry": {"type": "Point", "coordinates": [-122.20466177981888, 37.79758150816902]}, "properties": {"case_id": "1519249", "category": "ENVIRON_ENF", "complaint_type": "Illegal Dumping (Enforcement Potential)", "status": "CLOSED", "date_opened": "2025-05-16T18:36:04.000", "date_closed": "2025-05-21T13:39:39.000", "address": "3618 MAPLE AV", "zipcode": "94602", "councildistrict": "CCD4", "source": "SeeClickFix", "tract_id": "406700", "tract_geoid": "06001406700"}}, {"type": "Feature", "geometry": {"type": "Point", "coordinates": [-122.25675104073343, 37.842081987033595]}, "properties": {"case_id": "1519352", "category": "ENVIRON_ENF", "complaint_type": "Illegal Dumping (Enforcement Potential)", "status": "CLOSED", "date_opened": "2025-05-17T14:45:54.000", "date_closed": "2025-05-21T13:28:04.000", "address": "478 HARDY ST", "zipcode": "94618", "councildistrict": "CCD1", "source": "SeeClickFix", "tract_id": "400300", "tract_geoid": "06001400300"}}, {"type": "Feature", "geometry": {"type": "Point", "coordinates": [-122.22789436902612, 37.781258264109624]}, "properties": {"case_id": "1519777", "category": "ENVIRON_ENF", "complaint_type": "Illegal Dumping (Enforcement Potential)", "status": "CLOSED", "date_opened": "2025-05-19T12:40:29.000", "date_closed": "2025-05-20T14:58:59.000", "address": "2824 E 16TH ST", "zipcode": "94601", "councildistrict": "CCD5", "source": "Phone", "tract_id": "406202", "tract_geoid": "06001406202"}}, {"type": "Feature", "geometry": {"type": "Point", "coordinates": [-122.271835640818, 37.81658799668549]}, "properties": {"case_id": "1520066", "category": "ENVIRON_ENF", "complaint_type": "Illegal Dumping (Enforcement Potential)", "status": "CLOSED", "date_opened": "2025-05-20T09:51:16.000", "date_closed": "2025-05-21T13:20:53.000", "address": "2627 MARTIN LUTHER KING JR WY", "zipcode": "94612", "councildistrict": "CCD3", "source": "Email", "tract_id": "401400", "tract_geoid": "06001401400"}}, {"type": "Feature", "geometry": {"type": "Point", "coordinates": [-122.1826815319494, 37.75967096899172]}, "properties": {"case_id": "1520255", "category": "ENVIRON_ENF", "complaint_type": "Illegal Dumping (Enforcement Potential)", "status": "CLOSED", "date_opened": "2025-05-20T16:36:48.000", "date_closed": "2025-05-21T13:18:31.000", "address": "76TH AV & SUNSHINE CT", "zipcode": "94621", "councildistrict": "CCD6", "source": "Phone", "tract_id": "408500", "tract_geoid": "06001408500"}}, {"type": "Feature", "geometry": {"type": "Point", "coordinates": [-122.27666597193291, 37.81631598776387]}, "properties": {"case_id": "1520474", "category": "ENVIRON_ENF", "complaint_type": "Illegal Dumping (Enforcement Potential)", "status": "CLOSED", "date_opened": "2025-05-21T12:21:39.000", "date_closed": "2025-05-28T12:29:18.000", "address": "852 MEAD AVE", "zipcode": "94607", "councildistrict": "CCD3", "source": "SeeClickFix", "tract_id": "401600", "tract_geoid": "06001401600"}}, {"type": "Feature", "geometry": {"type": "Point", "coordinates": [-122.18166374073235, 37.77273145083726]}, "properties": {"case_id": "1520890", "category": "ENVIRON_ENF", "complaint_type": "Illegal Dumping (Enforcement Potential)", "status": "CLOSED", "date_opened": "2025-05-22T17:17:26.000", "date_closed": "2025-05-23T15:40:26.000", "address": "3115 64TH AVE", "zipcode": "94605", "councildistrict": "CCD6", "source": "SeeClickFix", "tract_id": "408700", "tract_geoid": "06001408700"}}, {"type": "Feature", "geometry": {"type": "Point", "coordinates": [-122.15592601969193, 37.75733204454876]}, "properties": {"case_id": "1520923", "category": "ENVIRON_ENF", "complaint_type": "Illegal Dumping (Enforcement Potential)", "status": "CLOSED", "date_opened": "2025-05-22T20:27:58.000", "date_closed": "2025-05-28T11:28:36.000", "address": "9001 GOLF LINKS RD", "zipcode": "94605", "councildistrict": "CCD6", "source": "SeeClickFix", "tract_id": "409800", "tract_geoid": "06001409800"}}, {"type": "Feature", "geometry": {"type": "Point", "coordinates": [-122.1637001299933, 37.75142250948432]}, "properties": {"case_id": "1521248", "category": "ENVIRON_ENF", "complaint_type": "Illegal Dumping (Enforcement Potential)", "status": "CLOSED", "date_opened": "2025-05-23T20:37:29.000", "date_closed": "2025-05-28T12:13:59.000", "address": "2225 94TH AVE", "zipcode": "94603", "councildistrict": "CCD7", "source": "SeeClickFix", "tract_id": "409700", "tract_geoid": "06001409700"}}, {"type": "Feature", "geometry": {"type": "Point", "coordinates": [-122.24111038348794, 37.786274729799715]}, "properties": {"case_id": "1521261", "category": "ENVIRON_ENF", "complaint_type": "Illegal Dumping (Enforcement Potential)", "status": "CLOSED", "date_opened": "2025-05-24T06:28:20.000", "date_closed": "2026-03-03T15:03:09.000", "address": "INTERNATIONAL BLVD & 19TH AV", "zipcode": "94606", "councildistrict": "CCD2", "source": "SeeClickFix", "tract_id": "406000", "tract_geoid": "06001406000"}}, {"type": "Feature", "geometry": {"type": "Point", "coordinates": [-122.19429656891162, 37.811235062960186]}, "properties": {"case_id": "1521477", "category": "ENVIRON_ENF", "complaint_type": "Illegal Dumping (Enforcement Potential)", "status": "CLOSED", "date_opened": "2025-05-25T13:27:57.000", "date_closed": "2025-05-29T13:47:59.000", "address": "2990 JOAQUIN MILLER RD", "zipcode": "94611", "councildistrict": "CCD4", "source": "SeeClickFix", "tract_id": "404600", "tract_geoid": "06001404600"}}, {"type": "Feature", "geometry": {"type": "Point", "coordinates": [-122.21516775673118, 37.77117474737252]}, "properties": {"case_id": "1521645", "category": "ENVIRON_ENF", "complaint_type": "Illegal Dumping (Enforcement Potential)", "status": "CLOSED", "date_opened": "2025-05-26T17:06:52.000", "date_closed": "2025-05-29T13:39:38.000", "address": "4335 E 12TH ST", "zipcode": "94601", "councildistrict": "CCD5", "source": "SeeClickFix", "tract_id": "407300", "tract_geoid": "06001407300"}}, {"type": "Feature", "geometry": {"type": "Point", "coordinates": [-122.28691053909749, 37.819656028949616]}, "properties": {"case_id": "1521753", "category": "ENVIRON_ENF", "complaint_type": "Illegal Dumping (Enforcement Potential)", "status": "GONE ON ARRIVAL", "date_opened": "2025-05-27T09:01:23.000", "date_closed": null, "address": "KIRKHAM ST & 26TH ST", "zipcode": "94607", "councildistrict": "CCD3", "source": "SeeClickFix", "tract_id": "401600", "tract_geoid": "06001401600"}}, {"type": "Feature", "geometry": {"type": "Point", "coordinates": [-122.1605400364864, 37.7480209959578]}, "properties": {"case_id": "1522263", "category": "ENVIRON_ENF", "complaint_type": "Illegal Dumping (Enforcement Potential)", "status": "CLOSED", "date_opened": "2025-05-28T14:40:36.000", "date_closed": "2025-06-03T15:19:55.000", "address": "9850 SPRINGFIELD ST", "zipcode": "94603", "councildistrict": "CCD7", "source": "SeeClickFix", "tract_id": "410200", "tract_geoid": "06001410200"}}, {"type": "Feature", "geometry": {"type": "Point", "coordinates": [-122.1963197545948, 37.76715676294954]}, "properties": {"case_id": "1522276", "category": "ENVIRON_ENF", "complaint_type": "Illegal Dumping (Enforcement Potential)", "status": "CLOSED", "date_opened": "2025-05-28T15:03:39.000", "date_closed": "2025-05-29T15:10:17.000", "address": "5917 BROMLEY AV", "zipcode": "94621", "councildistrict": "CCD6", "source": "Phone", "tract_id": "408700", "tract_geoid": "06001408700"}}, {"type": "Feature", "geometry": {"type": "Point", "coordinates": [-122.17289905816703, 37.76593782537568]}, "properties": {"case_id": "1522501", "category": "ENVIRON_ENF", "complaint_type": "Illegal Dumping (Enforcement Potential)", "status": "CLOSED", "date_opened": "2025-05-29T10:52:35.000", "date_closed": "2025-06-02T15:10:16.000", "address": "2649 76TH AV", "zipcode": "94605", "councildistrict": "CCD6", "source": "SeeClickFix", "tract_id": "408400", "tract_geoid": "06001408400"}}, {"type": "Feature", "geometry": {"type": "Point", "coordinates": [-122.16354984184625, 37.75149659111665]}, "properties": {"case_id": "1522522", "category": "ENVIRON_ENF", "complaint_type": "Illegal Dumping (Enforcement Potential)", "status": "CLOSED", "date_opened": "2025-05-29T11:21:03.000", "date_closed": "2025-06-02T13:53:00.000", "address": "2235 94TH AV", "zipcode": "94603", "councildistrict": "CCD7", "source": "SeeClickFix", "tract_id": "409700", "tract_geoid": "06001409700"}}, {"type": "Feature", "geometry": {"type": "Point", "coordinates": [-122.22166104910028, 37.77204495170237]}, "properties": {"case_id": "1523448", "category": "ENVIRON_ENF", "complaint_type": "Illegal Dumping (Enforcement Potential)", "status": "CLOSED", "date_opened": "2025-06-02T09:14:10.000", "date_closed": "2025-06-06T14:01:49.000", "address": "918 38TH AVE", "zipcode": "94601", "councildistrict": "CCD5", "source": "SeeClickFix", "tract_id": "406100", "tract_geoid": "06001406100"}}, {"type": "Feature", "geometry": {"type": "Point", "coordinates": [-122.22282517587713, 37.76476346494325]}, "properties": {"case_id": "1523476", "category": "ENVIRON_ENF", "complaint_type": "Illegal Dumping (Enforcement Potential)", "status": "CLOSED", "date_opened": "2025-06-02T10:05:38.000", "date_closed": "2025-06-11T08:42:49.000", "address": "4501 TIDEWATER AV", "zipcode": "94601", "councildistrict": "CCD6", "source": "Phone", "tract_id": "407300", "tract_geoid": "06001407300"}}, {"type": "Feature", "geometry": {"type": "Point", "coordinates": [-122.18079264440121, 37.77325377669118]}, "properties": {"case_id": "1523494", "category": "ENVIRON_ENF", "complaint_type": "Illegal Dumping (Enforcement Potential)", "status": "CLOSED", "date_opened": "2025-06-02T10:38:15.000", "date_closed": "2025-06-03T10:43:15.000", "address": "3209 64TH AV", "zipcode": "94605", "councildistrict": "CCD6", "source": "Phone", "tract_id": "408700", "tract_geoid": "06001408700"}}, {"type": "Feature", "geometry": {"type": "Point", "coordinates": [-122.1506415003693, 37.74178799806044]}, "properties": {"case_id": "1524247", "category": "ENVIRON_ENF", "complaint_type": "Illegal Dumping (Enforcement Potential)", "status": "CLOSED", "date_opened": "2025-06-04T09:12:03.000", "date_closed": "2025-06-06T14:34:14.000", "address": "108TH AV & MACARTHUR BLVD", "zipcode": "94603", "councildistrict": "CCD7", "source": "Email", "tract_id": "410100", "tract_geoid": "06001410100"}}, {"type": "Feature", "geometry": {"type": "Point", "coordinates": [-122.18663250223256, 37.74748499595866]}, "properties": {"case_id": "1524764", "category": "ENVIRON_ENF", "complaint_type": "Illegal Dumping (Enforcement Potential)", "status": "CLOSED", "date_opened": "2025-06-05T11:59:15.000", "date_closed": "2025-06-06T14:32:23.000", "address": "86TH AV & BLAINE ST", "zipcode": "94621", "councildistrict": "CCD7", "source": "Phone", "tract_id": "409400", "tract_geoid": "06001409400"}}, {"type": "Feature", "geometry": {"type": "Point", "coordinates": [-122.23846331783984, 37.801330033547686]}, "properties": {"case_id": "1525361", "category": "ENVIRON_ENF", "complaint_type": "Illegal Dumping (Enforcement Potential)", "status": "CLOSED", "date_opened": "2025-06-07T09:48:35.000", "date_closed": "2025-06-09T13:53:14.000", "address": "9TH AV & E 28TH ST", "zipcode": "94606", "councildistrict": "CCD2", "source": "SeeClickFix", "tract_id": "405600", "tract_geoid": "06001405600"}}, {"type": "Feature", "geometry": {"type": "Point", "coordinates": [-122.17524527802642, 37.73948488025801]}, "properties": {"case_id": "1525430", "category": "ENVIRON_ENF", "complaint_type": "Illegal Dumping (Enforcement Potential)", "status": "CLOSED", "date_opened": "2025-06-07T15:24:55.000", "date_closed": "2025-06-10T13:51:22.000", "address": "100TH AVE & E ST", "zipcode": "94603", "councildistrict": "CCD7", "source": "SeeClickFix", "tract_id": "409300", "tract_geoid": "06001409300"}}, {"type": "Feature", "geometry": {"type": "Point", "coordinates": [-122.26498697492245, 37.8254299761403]}, "properties": {"case_id": "1525467", "category": "ENVIRON_ENF", "complaint_type": "Illegal Dumping (Enforcement Potential)", "status": "CLOSED", "date_opened": "2025-06-07T18:25:58.000", "date_closed": "2025-06-09T14:09:16.000", "address": "496 37TH ST", "zipcode": "94609", "councildistrict": "CCD3", "source": "SeeClickFix", "tract_id": "401100", "tract_geoid": "06001401100"}}, {"type": "Feature", "geometry": {"type": "Point", "coordinates": [-122.27574501910351, 37.82670604479882]}, "properties": {"case_id": "1525651", "category": "ENVIRON_ENF", "complaint_type": "Illegal Dumping (Enforcement Potential)", "status": "CLOSED", "date_opened": "2025-06-08T20:09:23.000", "date_closed": "2025-06-11T12:53:11.000", "address": "930 36TH ST", "zipcode": "94608", "councildistrict": "CCD3", "source": "SeeClickFix", "tract_id": "401000", "tract_geoid": "06001401000"}}, {"type": "Feature", "geometry": {"type": "Point", "coordinates": [-122.16360993913877, 37.751665991310794]}, "properties": {"case_id": "1525904", "category": "ENVIRON_ENF", "complaint_type": "Illegal Dumping (Enforcement Potential)", "status": "CLOSED", "date_opened": "2025-06-09T12:47:48.000", "date_closed": "2025-06-10T13:39:56.000", "address": "2235 94TH AVE", "zipcode": "94603", "councildistrict": "CCD7", "source": "SeeClickFix", "tract_id": "409700", "tract_geoid": "06001409700"}}, {"type": "Feature", "geometry": {"type": "Point", "coordinates": [-122.26486004297278, 37.82543402065434]}, "properties": {"case_id": "1526433", "category": "ENVIRON_ENF", "complaint_type": "Illegal Dumping (Enforcement Potential)", "status": "CLOSED", "date_opened": "2025-06-10T15:36:12.000", "date_closed": "2025-06-11T13:26:23.000", "address": "494 37TH ST", "zipcode": "94609", "councildistrict": "CCD3", "source": "SeeClickFix", "tract_id": "401100", "tract_geoid": "06001401100"}}, {"type": "Feature", "geometry": {"type": "Point", "coordinates": [-122.25274221894597, 37.825782770460776]}, "properties": {"case_id": "1526542", "category": "ENVIRON_ENF", "complaint_type": "Illegal Dumping (Enforcement Potential)", "status": "CLOSED", "date_opened": "2025-06-11T06:14:09.000", "date_closed": "2025-06-11T13:26:55.000", "address": "11 GLEN AV", "zipcode": "94611", "councildistrict": "CCD1", "source": "Email", "tract_id": "404102", "tract_geoid": "06001404102"}}, {"type": "Feature", "geometry": {"type": "Point", "coordinates": [-122.18241661877207, 37.77283583109495]}, "properties": {"case_id": "1526563", "category": "ENVIRON_ENF", "complaint_type": "Illegal Dumping (Enforcement Potential)", "status": "CLOSED", "date_opened": "2025-06-11T07:33:04.000", "date_closed": "2025-06-11T13:36:12.000", "address": "6334 CAMDEN ST", "zipcode": "94605", "councildistrict": "CCD6", "source": "Email", "tract_id": "408700", "tract_geoid": "06001408700"}}, {"type": "Feature", "geometry": {"type": "Point", "coordinates": [-122.16354984184625, 37.75149659111665]}, "properties": {"case_id": "1526681", "category": "ENVIRON_ENF", "complaint_type": "Illegal Dumping (Enforcement Potential)", "status": "CLOSED", "date_opened": "2025-06-11T11:00:59.000", "date_closed": "2025-06-23T14:28:31.000", "address": "2235 94TH AV", "zipcode": "94603", "councildistrict": "CCD7", "source": "SeeClickFix", "tract_id": "409700", "tract_geoid": "06001409700"}}, {"type": "Feature", "geometry": {"type": "Point", "coordinates": [-122.28210185738094, 37.817317086357136]}, "properties": {"case_id": "1526798", "category": "ENVIRON_ENF", "complaint_type": "Illegal Dumping (Enforcement Potential)", "status": "CLOSED", "date_opened": "2025-06-11T14:56:37.000", "date_closed": "2025-06-17T14:40:29.000", "address": "2448 CHESTNUT ST", "zipcode": "94607", "councildistrict": "CCD3", "source": "Phone", "tract_id": "401600", "tract_geoid": "06001401600"}}, {"type": "Feature", "geometry": {"type": "Point", "coordinates": [-122.26486004297278, 37.82543402065434]}, "properties": {"case_id": "1526866", "category": "ENVIRON_ENF", "complaint_type": "Illegal Dumping (Enforcement Potential)", "status": "CLOSED", "date_opened": "2025-06-11T18:26:26.000", "date_closed": "2025-06-24T09:22:01.000", "address": "494 37TH ST", "zipcode": "94609", "councildistrict": "CCD3", "source": "SeeClickFix", "tract_id": "401100", "tract_geoid": "06001401100"}}, {"type": "Feature", "geometry": {"type": "Point", "coordinates": [-122.21599824921145, 37.797060064061455]}, "properties": {"case_id": "1526878", "category": "ENVIRON_ENF", "complaint_type": "Illegal Dumping (Enforcement Potential)", "status": "CLOSED", "date_opened": "2025-06-11T19:07:41.000", "date_closed": "2025-06-17T14:55:29.000", "address": "3226 CHAMPION ST", "zipcode": "94602", "councildistrict": "CCD5", "source": "SeeClickFix", "tract_id": "406602", "tract_geoid": "06001406602"}}, {"type": "Feature", "geometry": {"type": "Point", "coordinates": [-122.27390203546635, 37.82260997347]}, "properties": {"case_id": "1527008", "category": "ENVIRON_ENF", "complaint_type": "Illegal Dumping (Enforcement Potential)", "status": "CLOSED", "date_opened": "2025-06-12T10:20:08.000", "date_closed": "2025-06-24T08:14:11.000", "address": "829 BROCKHURST ST", "zipcode": "94608", "councildistrict": "CCD3", "source": "SeeClickFix", "tract_id": "401400", "tract_geoid": "06001401400"}}, {"type": "Feature", "geometry": {"type": "Point", "coordinates": [-122.18170021233288, 37.763594056969794]}, "properties": {"case_id": "1527009", "category": "ENVIRON_ENF", "complaint_type": "Illegal Dumping (Enforcement Potential)", "status": "CLOSED", "date_opened": "2025-06-12T10:21:01.000", "date_closed": "2025-06-24T09:12:40.000", "address": "7207 LOCKWOOD ST", "zipcode": "94621", "councildistrict": "CCD6", "source": "Phone", "tract_id": "408600", "tract_geoid": "06001408600"}}, {"type": "Feature", "geometry": {"type": "Point", "coordinates": [-122.1825892749697, 37.77281751130527]}, "properties": {"case_id": "1527026", "category": "ENVIRON_ENF", "complaint_type": "Illegal Dumping (Enforcement Potential)", "status": "CLOSED", "date_opened": "2025-06-12T10:39:59.000", "date_closed": "2025-06-24T07:56:34.000", "address": "6325 CAMDEN ST", "zipcode": "94605", "councildistrict": "CCD6", "source": "Email", "tract_id": "408700", "tract_geoid": "06001408700"}}, {"type": "Feature", "geometry": {"type": "Point", "coordinates": [-122.21619102767146, 37.77333699629339]}, "properties": {"case_id": "1527396", "category": "ENVIRON_ENF", "complaint_type": "Illegal Dumping (Enforcement Potential)", "status": "GONE ON ARRIVAL", "date_opened": "2025-06-13T12:33:41.000", "date_closed": null, "address": "4108 INTERNATIONAL BLVD", "zipcode": "94601", "councildistrict": "CCD5", "source": "SeeClickFix", "tract_id": "407200", "tract_geoid": "06001407200"}}, {"type": "Feature", "geometry": {"type": "Point", "coordinates": [-122.27561134978922, 37.83420917164246]}, "properties": {"case_id": "1527515", "category": "ENVIRON_ENF", "complaint_type": "Illegal Dumping (Enforcement Potential)", "status": "CLOSED", "date_opened": "2025-06-13T18:08:29.000", "date_closed": "2025-06-20T13:52:36.000", "address": "1012 44TH ST", "zipcode": "94608", "councildistrict": "CCD1", "source": "Phone", "tract_id": "401000", "tract_geoid": "06001401000"}}, {"type": "Feature", "geometry": {"type": "Point", "coordinates": [-122.13542951917744, 37.75746549441791]}, "properties": {"case_id": "1527807", "category": "ENVIRON_ENF", "complaint_type": "Illegal Dumping (Enforcement Potential)", "status": "CLOSED", "date_opened": "2025-06-15T14:56:58.000", "date_closed": "2025-06-20T14:09:35.000", "address": "GOLF LINKS RD & ELYSIAN FIELDS DR", "zipcode": "94605", "councildistrict": "CCD7", "source": "SeeClickFix", "tract_id": "410000", "tract_geoid": "06001410000"}}, {"type": "Feature", "geometry": {"type": "Point", "coordinates": [-122.18364228014589, 37.77270979369052]}, "properties": {"case_id": "1527912", "category": "ENVIRON_ENF", "complaint_type": "Illegal Dumping (Enforcement Potential)", "status": "EVALUATED - NO FURTHER ACTION", "date_opened": "2025-06-16T07:30:37.000", "date_closed": null, "address": "3000 62ND AVE", "zipcode": "94605", "councildistrict": "CCD6", "source": "SeeClickFix", "tract_id": "408700", "tract_geoid": "06001408700"}}, {"type": "Feature", "geometry": {"type": "Point", "coordinates": [-122.2035108582767, 37.781704135470775]}, "properties": {"case_id": "1528214", "category": "ENVIRON_ENF", "complaint_type": "Illegal Dumping (Enforcement Potential)", "status": "CLOSED", "date_opened": "2025-06-16T15:47:41.000", "date_closed": "2025-06-20T13:31:03.000", "address": "COURTLAND CREEK", "zipcode": "94601", "councildistrict": "CCD5", "source": "Email", "tract_id": "407600", "tract_geoid": "06001407600"}}, {"type": "Feature", "geometry": {"type": "Point", "coordinates": [-122.27831887205592, 37.821457304850796]}, "properties": {"case_id": "1528372", "category": "ENVIRON_ENF", "complaint_type": "Illegal Dumping (Enforcement Potential)", "status": "EVALUATED - NO FURTHER ACTION", "date_opened": "2025-06-17T08:55:01.000", "date_closed": null, "address": "3016 FILBERT ST", "zipcode": "94608", "councildistrict": "CCD3", "source": "Email", "tract_id": "401500", "tract_geoid": "06001401500"}}, {"type": "Feature", "geometry": {"type": "Point", "coordinates": [-122.18159223483572, 37.75321578975713]}, "properties": {"case_id": "1528451", "category": "ENVIRON_ENF", "complaint_type": "Illegal Dumping (Enforcement Potential)", "status": "CLOSED", "date_opened": "2025-06-17T11:27:02.000", "date_closed": "2025-06-20T13:41:32.000", "address": "8300 B ST", "zipcode": "94621", "councildistrict": "CCD7", "source": "Phone", "tract_id": "409500", "tract_geoid": "06001409500"}}, {"type": "Feature", "geometry": {"type": "Point", "coordinates": [-122.26192425879235, 37.83958519828812]}, "properties": {"case_id": "1528498", "category": "ENVIRON_ENF", "complaint_type": "Illegal Dumping (Enforcement Potential)", "status": "CLOSED", "date_opened": "2025-06-17T12:34:08.000", "date_closed": "2026-03-03T15:04:27.000", "address": "5418 TELEGRAPH AV", "zipcode": "94609", "councildistrict": "CCD1", "source": "SeeClickFix", "tract_id": "400300", "tract_geoid": "06001400300"}}, {"type": "Feature", "geometry": {"type": "Point", "coordinates": [-122.26705902895709, 37.79614401428195]}, "properties": {"case_id": "1528772", "category": "ENVIRON_ENF", "complaint_type": "Illegal Dumping (Enforcement Potential)", "status": "CLOSED", "date_opened": "2025-06-18T08:51:21.000", "date_closed": "2025-06-20T13:13:32.000", "address": "614 MADISON ST", "zipcode": "94607", "councildistrict": "CCD2", "source": "SeeClickFix", "tract_id": "403301", "tract_geoid": "06001403301"}}, {"type": "Feature", "geometry": {"type": "Point", "coordinates": [-122.2780087736198, 37.82325654995583]}, "properties": {"case_id": "1529318", "category": "ENVIRON_ENF", "complaint_type": "Illegal Dumping (Enforcement Potential)", "status": "CLOSED", "date_opened": "2025-06-20T08:16:27.000", "date_closed": "2026-03-02T09:59:58.000", "address": "3151 FILBERT ST", "zipcode": "94608", "councildistrict": "CCD3", "source": "SeeClickFix", "tract_id": "401500", "tract_geoid": "06001401500"}}, {"type": "Feature", "geometry": {"type": "Point", "coordinates": [-122.2589909898947, 37.82772019995428]}, "properties": {"case_id": "1529658", "category": "ENVIRON_ENF", "complaint_type": "Illegal Dumping (Enforcement Potential)", "status": "CLOSED", "date_opened": "2025-06-21T10:55:44.000", "date_closed": "2025-08-08T15:16:20.000", "address": "3947 OPAL ST", "zipcode": "94609", "councildistrict": "CCD1", "source": "SeeClickFix", "tract_id": "401200", "tract_geoid": "06001401200"}}, {"type": "Feature", "geometry": {"type": "Point", "coordinates": [-122.26520364856901, 37.826153372975774]}, "properties": {"case_id": "1529659", "category": "ENVIRON_ENF", "complaint_type": "Illegal Dumping (Enforcement Potential)", "status": "CLOSED", "date_opened": "2025-06-21T11:02:49.000", "date_closed": "2026-03-03T15:05:30.000", "address": "3720 TELEGRAPH AVE", "zipcode": "94609", "councildistrict": "CCD3", "source": "SeeClickFix", "tract_id": "401100", "tract_geoid": "06001401100"}}, {"type": "Feature", "geometry": {"type": "Point", "coordinates": [-122.18363455463445, 37.77232117109044]}, "properties": {"case_id": "1530036", "category": "ENVIRON_ENF", "complaint_type": "Illegal Dumping (Enforcement Potential)", "status": "CLOSED", "date_opened": "2025-06-23T10:56:06.000", "date_closed": "2026-03-02T10:16:40.000", "address": "BRANN ST & 62ND AVE", "zipcode": "94605", "councildistrict": "CCD6", "source": "SeeClickFix", "tract_id": "408700", "tract_geoid": "06001408700"}}, {"type": "Feature", "geometry": {"type": "Point", "coordinates": [-122.2111718706838, 37.76829444356238]}, "properties": {"case_id": "1530538", "category": "ENVIRON_ENF", "complaint_type": "Illegal Dumping (Enforcement Potential)", "status": "CLOSED", "date_opened": "2025-06-24T14:39:27.000", "date_closed": "2025-06-27T13:51:44.000", "address": "1209 49TH AV", "zipcode": "94601", "councildistrict": "CCD5", "source": "Phone", "tract_id": "407300", "tract_geoid": "06001407300"}}, {"type": "Feature", "geometry": {"type": "Point", "coordinates": [-122.24225537614923, 37.80774687433085]}, "properties": {"case_id": "1530825", "category": "ENVIRON_ENF", "complaint_type": "Illegal Dumping (Enforcement Potential)", "status": "WOCREATE", "date_opened": "2025-06-25T12:05:45.000", "date_closed": null, "address": "687 MACARTHUR BLVD", "zipcode": "94610", "councildistrict": "CCD2", "source": "Email", "tract_id": "405200", "tract_geoid": "06001405200"}}, {"type": "Feature", "geometry": {"type": "Point", "coordinates": [-122.1905144819019, 37.767295805061806]}, "properties": {"case_id": "1530832", "category": "ENVIRON_ENF", "complaint_type": "Illegal Dumping (Enforcement Potential)", "status": "EVALUATED - NO FURTHER ACTION", "date_opened": "2025-06-25T12:17:44.000", "date_closed": null, "address": "6307 HILTON ST", "zipcode": "94605", "councildistrict": "CCD6", "source": "Email", "tract_id": "408700", "tract_geoid": "06001408700"}}, {"type": "Feature", "geometry": {"type": "Point", "coordinates": [-122.28691053909749, 37.819656028949616]}, "properties": {"case_id": "1530847", "category": "ENVIRON_ENF", "complaint_type": "Illegal Dumping (Enforcement Potential)", "status": "WOCREATE", "date_opened": "2025-06-25T12:42:54.000", "date_closed": null, "address": "26TH ST & KIRKHAM ST", "zipcode": "94607", "councildistrict": "CCD3", "source": "Email", "tract_id": "401600", "tract_geoid": "06001401600"}}, {"type": "Feature", "geometry": {"type": "Point", "coordinates": [-122.27958531694365, 37.814913774033734]}, "properties": {"case_id": "1530949", "category": "ENVIRON_ENF", "complaint_type": "Illegal Dumping (Enforcement Potential)", "status": "WOCREATE", "date_opened": "2025-06-25T16:25:52.000", "date_closed": null, "address": "2226 MYRTLE ST", "zipcode": "94607", "councildistrict": "CCD3", "source": "Email", "tract_id": "401600", "tract_geoid": "06001401600"}}, {"type": "Feature", "geometry": {"type": "Point", "coordinates": [-122.18173111437866, 37.76362395461656]}, "properties": {"case_id": "1531338", "category": "ENVIRON_ENF", "complaint_type": "Illegal Dumping (Enforcement Potential)", "status": "CLOSED", "date_opened": "2025-06-26T16:36:22.000", "date_closed": "2026-04-28T07:40:14.000", "address": "7201 LOCKWOOD ST", "zipcode": "94621", "councildistrict": "CCD6", "source": "Phone", "tract_id": "408600", "tract_geoid": "06001408600"}}, {"type": "Feature", "geometry": {"type": "Point", "coordinates": [-122.16694403631624, 37.75754873178756]}, "properties": {"case_id": "1531529", "category": "HE_CLEAN", "complaint_type": "Homeless Encampment - Deep Cleaning Needed", "status": "OPEN", "date_opened": "2025-06-27T11:00:30.000", "date_closed": null, "address": "2271 86TH AV", "zipcode": "94605", "councildistrict": "CCD7", "source": "Phone", "tract_id": "409700", "tract_geoid": "06001409700"}}, {"type": "Feature", "geometry": {"type": "Point", "coordinates": [-122.2659510468855, 37.81918526593966]}, "properties": {"case_id": "1531553", "category": "ENVIRON_ENF", "complaint_type": "Illegal Dumping (Enforcement Potential)", "status": "WOCREATE", "date_opened": "2025-06-27T11:59:26.000", "date_closed": null, "address": "459 30TH ST", "zipcode": "94609", "councildistrict": "CCD3", "source": "SeeClickFix", "tract_id": "401300", "tract_geoid": "06001401300"}}, {"type": "Feature", "geometry": {"type": "Point", "coordinates": [-122.19055796036166, 37.77135525081791]}, "properties": {"case_id": "1531569", "category": "ENVIRON_ENF", "complaint_type": "Illegal Dumping (Enforcement Potential)", "status": "EVALUATED - NO FURTHER ACTION", "date_opened": "2025-06-27T12:24:00.000", "date_closed": null, "address": "2566 SEMINARY AV", "zipcode": "94605", "councildistrict": "CCD6", "source": "Phone", "tract_id": "408700", "tract_geoid": "06001408700"}}, {"type": "Feature", "geometry": {"type": "Point", "coordinates": [-122.19063566463375, 37.77129794705744]}, "properties": {"case_id": "1531571", "category": "ENVIRON_ENF", "complaint_type": "Illegal Dumping (Enforcement Potential)", "status": "CLOSED", "date_opened": "2025-06-27T12:30:26.000", "date_closed": "2026-04-28T07:41:13.000", "address": "2550 SEMINARY AV", "zipcode": "94605", "councildistrict": "CCD6", "source": "Phone", "tract_id": "408700", "tract_geoid": "06001408700"}}, {"type": "Feature", "geometry": {"type": "Point", "coordinates": [-122.24349029017048, 37.78903229905728]}, "properties": {"case_id": "1531768", "category": "ENVIRON_ENF", "complaint_type": "Illegal Dumping (Enforcement Potential)", "status": "EVALUATED - NO FURTHER ACTION", "date_opened": "2025-06-28T07:52:24.000", "date_closed": null, "address": "E 15TH ST & 16TH AV", "zipcode": "94606", "councildistrict": "CCD2", "source": "SeeClickFix", "tract_id": "405902", "tract_geoid": "06001405902"}}, {"type": "Feature", "geometry": {"type": "Point", "coordinates": [-122.27799997013003, 37.823257188582126]}, "properties": {"case_id": "1532061", "category": "ENVIRON_ENF", "complaint_type": "Illegal Dumping (Enforcement Potential)", "status": "GONE ON ARRIVAL", "date_opened": "2025-06-29T18:18:05.000", "date_closed": null, "address": "3151 FILBERT ST", "zipcode": "94608", "councildistrict": "CCD3", "source": "SeeClickFix", "tract_id": "401500", "tract_geoid": "06001401500"}}, {"type": "Feature", "geometry": {"type": "Point", "coordinates": [-122.19506103521852, 37.78599600675271]}, "properties": {"case_id": "1532186", "category": "ENVIRON_ENF", "complaint_type": "Illegal Dumping (Enforcement Potential)", "status": "EVALUATED - NO FURTHER ACTION", "date_opened": "2025-06-30T09:29:17.000", "date_closed": null, "address": "COURTLAND AV & REDDING ST", "zipcode": "94619", "councildistrict": "CCD6", "source": "Phone", "tract_id": "407800", "tract_geoid": "06001407800"}}, {"type": "Feature", "geometry": {"type": "Point", "coordinates": [-122.1772434905447, 37.76138237876878]}, "properties": {"case_id": "1532236", "category": "ENVIRON_ENF", "complaint_type": "Illegal Dumping (Enforcement Potential)", "status": "GONE ON ARRIVAL", "date_opened": "2025-06-30T10:49:06.000", "date_closed": null, "address": "7800 ARTHUR ST", "zipcode": "94605", "councildistrict": "CCD6", "source": "SeeClickFix", "tract_id": "408500", "tract_geoid": "06001408500"}}, {"type": "Feature", "geometry": {"type": "Point", "coordinates": [-122.23920604491686, 37.78667101735525]}, "properties": {"case_id": "1532623", "category": "ENVIRON_ENF", "complaint_type": "Illegal Dumping (Enforcement Potential)", "status": "EVALUATED - NO FURTHER ACTION", "date_opened": "2025-07-01T08:41:55.000", "date_closed": null, "address": "E 15TH ST & 20TH AV", "zipcode": "94606", "councildistrict": "CCD2", "source": "Phone", "tract_id": "405901", "tract_geoid": "06001405901"}}, {"type": "Feature", "geometry": {"type": "Point", "coordinates": [-122.29304773928793, 37.80938925122521]}, "properties": {"case_id": "1532891", "category": "ENVIRON_ENF", "complaint_type": "Illegal Dumping (Enforcement Potential)", "status": "GONE ON ARRIVAL", "date_opened": "2025-07-01T16:01:23.000", "date_closed": null, "address": "1432 12TH ST", "zipcode": "94607", "councildistrict": "CCD3", "source": "Email", "tract_id": "402200", "tract_geoid": "06001402200"}}, {"type": "Feature", "geometry": {"type": "Point", "coordinates": [-122.16770742464479, 37.764048201631915]}, "properties": {"case_id": "1532920", "category": "ENVIRON_ENF", "complaint_type": "Illegal Dumping (Enforcement Potential)", "status": "EVALUATED - NO FURTHER ACTION", "date_opened": "2025-07-01T17:01:15.000", "date_closed": null, "address": "2754 RITCHIE ST", "zipcode": "94605", "councildistrict": "CCD6", "source": "SeeClickFix", "tract_id": "408400", "tract_geoid": "06001408400"}}, {"type": "Feature", "geometry": {"type": "Point", "coordinates": [-122.18349127334662, 37.74748009480107]}, "properties": {"case_id": "1532961", "category": "ENVIRON_ENF", "complaint_type": "Illegal Dumping (Enforcement Potential)", "status": "CLOSED", "date_opened": "2025-07-01T20:57:41.000", "date_closed": "2026-04-28T07:56:22.000", "address": "939 88TH AVE", "zipcode": "94621", "councildistrict": "CCD7", "source": "SeeClickFix", "tract_id": "409500", "tract_geoid": "06001409500"}}, {"type": "Feature", "geometry": {"type": "Point", "coordinates": [-122.22659306950537, 37.77858397348118]}, "properties": {"case_id": "1533099", "category": "ENVIRON_ENF", "complaint_type": "Illegal Dumping (Enforcement Potential)", "status": "GONE ON ARRIVAL", "date_opened": "2025-07-02T12:17:58.000", "date_closed": null, "address": "1429 31ST AVE", "zipcode": "94601", "councildistrict": "CCD5", "source": "SeeClickFix", "tract_id": "406202", "tract_geoid": "06001406202"}}, {"type": "Feature", "geometry": {"type": "Point", "coordinates": [-122.26460204682316, 37.797910017486586]}, "properties": {"case_id": "1533365", "category": "ENVIRON_ENF", "complaint_type": "Illegal Dumping (Enforcement Potential)", "status": "CLOSED", "date_opened": "2025-07-02T23:16:31.000", "date_closed": "2026-03-02T10:14:29.000", "address": "920 OAK ST", "zipcode": "94607", "councildistrict": "CCD2", "source": "SeeClickFix", "tract_id": "403302", "tract_geoid": "06001403302"}}, {"type": "Feature", "geometry": {"type": "Point", "coordinates": [-122.26460204682316, 37.797910017486586]}, "properties": {"case_id": "1533688", "category": "ENVIRON_ENF", "complaint_type": "Illegal Dumping (Enforcement Potential)", "status": "WOCREATE", "date_opened": "2025-07-03T15:00:50.000", "date_closed": null, "address": "920 OAK ST", "zipcode": "94607", "councildistrict": "CCD2", "source": "SeeClickFix", "tract_id": "403302", "tract_geoid": "06001403302"}}, {"type": "Feature", "geometry": {"type": "Point", "coordinates": [-122.17945056136655, 37.750220998751445]}, "properties": {"case_id": "1533746", "category": "ENVIRON_ENF", "complaint_type": "Illegal Dumping (Enforcement Potential)", "status": "WOCREATE", "date_opened": "2025-07-03T18:02:51.000", "date_closed": null, "address": "87TH AV & B ST", "zipcode": "94621", "councildistrict": "CCD7", "source": "Phone", "tract_id": "409500", "tract_geoid": "06001409500"}}, {"type": "Feature", "geometry": {"type": "Point", "coordinates": [-122.26460204682316, 37.797910017486586]}, "properties": {"case_id": "1533929", "category": "ENVIRON_ENF", "complaint_type": "Illegal Dumping (Enforcement Potential)", "status": "CLOSED", "date_opened": "2025-07-05T10:13:47.000", "date_closed": "2026-03-02T10:15:20.000", "address": "920 OAK ST", "zipcode": "94607", "councildistrict": "CCD2", "source": "SeeClickFix", "tract_id": "403302", "tract_geoid": "06001403302"}}, {"type": "Feature", "geometry": {"type": "Point", "coordinates": [-122.19635353124949, 37.781401397629494]}, "properties": {"case_id": "1534305", "category": "ENVIRON_ENF", "complaint_type": "Illegal Dumping (Enforcement Potential)", "status": "CLOSED", "date_opened": "2025-07-07T05:52:14.000", "date_closed": "2026-04-28T07:57:13.000", "address": "4718 VIRGINIA AVE", "zipcode": "94619", "councildistrict": "CCD6", "source": "SeeClickFix", "tract_id": "407800", "tract_geoid": "06001407800"}}, {"type": "Feature", "geometry": {"type": "Point", "coordinates": [-122.1709376765754, 37.75125545264519]}, "properties": {"case_id": "1534476", "category": "ENVIRON_ENF", "complaint_type": "Illegal Dumping (Enforcement Potential)", "status": "GONE ON ARRIVAL", "date_opened": "2025-07-07T11:31:32.000", "date_closed": null, "address": "1709 90TH AV", "zipcode": "94621", "councildistrict": "CCD7", "source": "Phone", "tract_id": "409600", "tract_geoid": "06001409600"}}, {"type": "Feature", "geometry": {"type": "Point", "coordinates": [-122.24803702315016, 37.790410015742204]}, "properties": {"case_id": "1534538", "category": "ENVIRON_ENF", "complaint_type": "Illegal Dumping (Enforcement Potential)", "status": "GONE ON ARRIVAL", "date_opened": "2025-07-07T13:23:28.000", "date_closed": null, "address": "1143 INTERNATIONAL BLVD", "zipcode": "94606", "councildistrict": "CCD2", "source": "SeeClickFix", "tract_id": "406000", "tract_geoid": "06001406000"}}, {"type": "Feature", "geometry": {"type": "Point", "coordinates": [-122.24804941990108, 37.79053211852208]}, "properties": {"case_id": "1534549", "category": "ENVIRON_ENF", "complaint_type": "Illegal Dumping (Enforcement Potential)", "status": "WOCREATE", "date_opened": "2025-07-07T13:38:10.000", "date_closed": null, "address": "1201 INTERNATIONAL BLVD", "zipcode": "94606", "councildistrict": "CCD2", "source": "Phone", "tract_id": "406000", "tract_geoid": "06001406000"}}, {"type": "Feature", "geometry": {"type": "Point", "coordinates": [-122.29419147430782, 37.819160996797464]}, "properties": {"case_id": "1534605", "category": "ENVIRON_ENF", "complaint_type": "Illegal Dumping (Enforcement Potential)", "status": "GONE ON ARRIVAL", "date_opened": "2025-07-07T14:53:09.000", "date_closed": null, "address": "W GRAND AV & FRONTAGE RD", "zipcode": "94607", "councildistrict": "CCD3", "source": "Email", "tract_id": "401700", "tract_geoid": "06001401700"}}, {"type": "Feature", "geometry": {"type": "Point", "coordinates": [-122.22311101980058, 37.7900109796108]}, "properties": {"case_id": "1534724", "category": "ENVIRON_ENF", "complaint_type": "Illegal Dumping (Enforcement Potential)", "status": "CLOSED", "date_opened": "2025-07-08T06:52:50.000", "date_closed": "2026-04-28T07:58:07.000", "address": "29 PEROLY CT", "zipcode": "94601", "councildistrict": "CCD5", "source": "SeeClickFix", "tract_id": "406300", "tract_geoid": "06001406300"}}, {"type": "Feature", "geometry": {"type": "Point", "coordinates": [-122.22311317575726, 37.78974760464493]}, "properties": {"case_id": "1534745", "category": "ENVIRON_ENF", "complaint_type": "Illegal Dumping (Enforcement Potential)", "status": "CLOSED", "date_opened": "2025-07-08T08:35:02.000", "date_closed": "2026-04-28T07:58:08.000", "address": "29 PEROLY CT", "zipcode": "94601", "councildistrict": "CCD5", "source": "Phone", "tract_id": "406300", "tract_geoid": "06001406300"}}, {"type": "Feature", "geometry": {"type": "Point", "coordinates": [-122.27506104184609, 37.79719180961228]}, "properties": {"case_id": "1534882", "category": "ENVIRON_ENF", "complaint_type": "Illegal Dumping (Enforcement Potential)", "status": "WOCREATE", "date_opened": "2025-07-08T11:51:47.000", "date_closed": null, "address": "435 4TH ST", "zipcode": "94607", "councildistrict": "CCD2", "source": "SeeClickFix", "tract_id": "983200", "tract_geoid": "06001983200"}}, {"type": "Feature", "geometry": {"type": "Point", "coordinates": [-122.16856208180623, 37.752224192392525]}, "properties": {"case_id": "1534957", "category": "ENVIRON_ENF", "complaint_type": "Illegal Dumping (Enforcement Potential)", "status": "WOCREATE", "date_opened": "2025-07-08T14:45:04.000", "date_closed": null, "address": "1930 90TH AV", "zipcode": "94603", "councildistrict": "CCD7", "source": "Phone", "tract_id": "409600", "tract_geoid": "06001409600"}}, {"type": "Feature", "geometry": {"type": "Point", "coordinates": [-122.24862047892726, 37.7982278779637]}, "properties": {"case_id": "1535441", "category": "ENVIRON_ENF", "complaint_type": "Illegal Dumping (Enforcement Potential)", "status": "WOCREATE", "date_opened": "2025-07-09T19:34:04.000", "date_closed": null, "address": "1849 6TH AVE", "zipcode": "94606", "councildistrict": "CCD2", "source": "SeeClickFix", "tract_id": "405401", "tract_geoid": "06001405401"}}, {"type": "Feature", "geometry": {"type": "Point", "coordinates": [-122.18395399554953, 37.745139009123186]}, "properties": {"case_id": "1535549", "category": "ENVIRON_ENF", "complaint_type": "Illegal Dumping (Enforcement Potential)", "status": "WOCREATE", "date_opened": "2025-07-10T10:44:56.000", "date_closed": null, "address": "9015 G ST", "zipcode": "94621", "councildistrict": "CCD7", "source": "SeeClickFix", "tract_id": "409400", "tract_geoid": "06001409400"}}, {"type": "Feature", "geometry": {"type": "Point", "coordinates": [-122.26413618051674, 37.80623690007534]}, "properties": {"case_id": "1535614", "category": "HE_CLEAN", "complaint_type": "Homeless Encampment - Closure Needed", "status": "OPEN", "date_opened": "2025-07-10T12:59:46.000", "date_closed": null, "address": "SNOW PARK", "zipcode": "94612", "councildistrict": "CCD3", "source": "SeeClickFix", "tract_id": "403401", "tract_geoid": "06001403401"}}, {"type": "Feature", "geometry": {"type": "Point", "coordinates": [-122.2549194657004, 37.82880806152153]}, "properties": {"case_id": "1535804", "category": "ENVIRON_ENF", "complaint_type": "Illegal Dumping (Enforcement Potential)", "status": "WOCREATE", "date_opened": "2025-07-11T06:26:01.000", "date_closed": null, "address": "4113 TERRACE ST", "zipcode": "94611", "councildistrict": "CCD1", "source": "SeeClickFix", "tract_id": "404101", "tract_geoid": "06001404101"}}, {"type": "Feature", "geometry": {"type": "Point", "coordinates": [-122.17383420437793, 37.79655153538889]}, "properties": {"case_id": "1535896", "category": "ENVIRON_ENF", "complaint_type": "Illegal Dumping (Enforcement Potential)", "status": "GONE ON ARRIVAL", "date_opened": "2025-07-11T10:17:20.000", "date_closed": null, "address": "OLD REDWOOD RD & REDWOOD RD", "zipcode": "94619", "councildistrict": "CCD6", "source": "SeeClickFix", "tract_id": "408100", "tract_geoid": "06001408100"}}, {"type": "Feature", "geometry": {"type": "Point", "coordinates": [-122.17366253632711, 37.79604286124649]}, "properties": {"case_id": "1535899", "category": "ENVIRON_ENF", "complaint_type": "Illegal Dumping (Enforcement Potential)", "status": "GONE ON ARRIVAL", "date_opened": "2025-07-11T10:20:10.000", "date_closed": null, "address": "OLD REDWOOD RD & REDWOOD RD", "zipcode": "94619", "councildistrict": "CCD6", "source": "SeeClickFix", "tract_id": "408100", "tract_geoid": "06001408100"}}, {"type": "Feature", "geometry": {"type": "Point", "coordinates": [-122.16714687590742, 37.759513234360696]}, "properties": {"case_id": "1535915", "category": "ENVIRON_ENF", "complaint_type": "Illegal Dumping (Enforcement Potential)", "status": "WOCREATE", "date_opened": "2025-07-11T10:39:49.000", "date_closed": null, "address": "2369 84TH AV", "zipcode": "94605", "councildistrict": "CCD7", "source": "Email", "tract_id": "409700", "tract_geoid": "06001409700"}}, {"type": "Feature", "geometry": {"type": "Point", "coordinates": [-122.1825892749697, 37.77281751130527]}, "properties": {"case_id": "1536427", "category": "ENVIRON_ENF", "complaint_type": "Illegal Dumping (Enforcement Potential)", "status": "WOCREATE", "date_opened": "2025-07-13T18:14:20.000", "date_closed": null, "address": "6325 CAMDEN ST", "zipcode": "94605", "councildistrict": "CCD6", "source": "SeeClickFix", "tract_id": "408700", "tract_geoid": "06001408700"}}, {"type": "Feature", "geometry": {"type": "Point", "coordinates": [-122.2014698859509, 37.77706523777981]}, "properties": {"case_id": "1536526", "category": "ENVIRON_ENF", "complaint_type": "Illegal Dumping (Enforcement Potential)", "status": "WOCREATE", "date_opened": "2025-07-14T09:04:51.000", "date_closed": null, "address": "2405 MONTICELLO AV", "zipcode": "94601", "councildistrict": "CCD5", "source": "Phone", "tract_id": "407600", "tract_geoid": "06001407600"}}, {"type": "Feature", "geometry": {"type": "Point", "coordinates": [-122.27204198383879, 37.79945707230111]}, "properties": {"case_id": "1536593", "category": "ENVIRON_ENF", "complaint_type": "Illegal Dumping (Enforcement Potential)", "status": "CLOSED", "date_opened": "2025-07-14T10:07:54.000", "date_closed": "2026-04-28T07:52:20.000", "address": "377 8TH ST", "zipcode": "94607", "councildistrict": "CCD2", "source": "Phone or Email", "tract_id": "403000", "tract_geoid": "06001403000"}}, {"type": "Feature", "geometry": {"type": "Point", "coordinates": [-122.1996912216881, 37.77602610353387]}, "properties": {"case_id": "1536811", "category": "ENVIRON_ENF", "complaint_type": "Illegal Dumping (Enforcement Potential)", "status": "CLOSED", "date_opened": "2025-07-14T16:12:52.000", "date_closed": "2026-04-28T07:51:57.000", "address": "BELVEDERE ST & TRASK ST", "zipcode": "94601", "councildistrict": "CCD6", "source": "SeeClickFix", "tract_id": "407700", "tract_geoid": "06001407700"}}, {"type": "Feature", "geometry": {"type": "Point", "coordinates": [-122.16975585298746, 37.74344334857739]}, "properties": {"case_id": "1537209", "category": "ENVIRON_ENF", "complaint_type": "Illegal Dumping (Enforcement Potential)", "status": "GONE ON ARRIVAL", "date_opened": "2025-07-15T15:09:03.000", "date_closed": null, "address": "9920 INTERNATIONAL BLVD", "zipcode": "94603", "councildistrict": "CCD7", "source": "Phone", "tract_id": "409300", "tract_geoid": "06001409300"}}, {"type": "Feature", "geometry": {"type": "Point", "coordinates": [-122.28021602410472, 37.821884980785825]}, "properties": {"case_id": "1537495", "category": "ENVIRON_ENF", "complaint_type": "Illegal Dumping (Enforcement Potential)", "status": "GONE ON ARRIVAL", "date_opened": "2025-07-16T13:20:55.000", "date_closed": null, "address": "1080 30TH ST", "zipcode": "94608", "councildistrict": "CCD3", "source": "SeeClickFix", "tract_id": "401500", "tract_geoid": "06001401500"}}, {"type": "Feature", "geometry": {"type": "Point", "coordinates": [-122.2834000127982, 37.818899996571]}, "properties": {"case_id": "1537572", "category": "ENVIRON_ENF", "complaint_type": "Illegal Dumping (Enforcement Potential)", "status": "WOCREATE", "date_opened": "2025-07-16T15:44:02.000", "date_closed": null, "address": "2601 ADELINE ST", "zipcode": "94607", "councildistrict": "CCD3", "source": "SeeClickFix", "tract_id": "401600", "tract_geoid": "06001401600"}}, {"type": "Feature", "geometry": {"type": "Point", "coordinates": [-122.17379279204333, 37.761525124662164]}, "properties": {"case_id": "1537663", "category": "ENVIRON_ENF", "complaint_type": "Illegal Dumping (Enforcement Potential)", "status": "WOCREATE", "date_opened": "2025-07-16T20:42:11.000", "date_closed": null, "address": "OLIVE ST & RITCHIE ST", "zipcode": "94621", "councildistrict": "CCD6", "source": "SeeClickFix", "tract_id": "408500", "tract_geoid": "06001408500"}}, {"type": "Feature", "geometry": {"type": "Point", "coordinates": [-122.19363217492739, 37.78530025946052]}, "properties": {"case_id": "1538196", "category": "ENVIRON_ENF", "complaint_type": "Illegal Dumping (Enforcement Potential)", "status": "CLOSED", "date_opened": "2025-07-18T15:00:25.000", "date_closed": "2026-04-28T08:15:33.000", "address": "BIRDSALL AVE & REDDING ST", "zipcode": "94619", "councildistrict": "CCD6", "source": "SeeClickFix", "tract_id": "407800", "tract_geoid": "06001407800"}}, {"type": "Feature", "geometry": {"type": "Point", "coordinates": [-122.18377334434587, 37.77282262380517]}, "properties": {"case_id": "1538518", "category": "ENVIRON_ENF", "complaint_type": "Illegal Dumping (Enforcement Potential)", "status": "WOCREATE", "date_opened": "2025-07-20T08:38:31.000", "date_closed": null, "address": "BRANN ST & 62ND AVE", "zipcode": "94605", "councildistrict": "CCD6", "source": "SeeClickFix", "tract_id": "408700", "tract_geoid": "06001408700"}}, {"type": "Feature", "geometry": {"type": "Point", "coordinates": [-122.185254396755, 37.76137811769309]}, "properties": {"case_id": "1538738", "category": "ENVIRON_ENF", "complaint_type": "Illegal Dumping (Enforcement Potential)", "status": "GONE ON ARRIVAL", "date_opened": "2025-07-21T09:13:42.000", "date_closed": null, "address": "7218 ORRAL ST", "zipcode": "94621", "councildistrict": "CCD6", "source": "Phone", "tract_id": "408600", "tract_geoid": "06001408600"}}, {"type": "Feature", "geometry": {"type": "Point", "coordinates": [-122.15686952023496, 37.77149698334818]}, "properties": {"case_id": "1539047", "category": "ENVIRON_ENF", "complaint_type": "Illegal Dumping (Enforcement Potential)", "status": "WOCREATE", "date_opened": "2025-07-21T17:14:27.000", "date_closed": null, "address": "FONTAINE ST & KELLER AV", "zipcode": "94605", "councildistrict": "CCD6", "source": "Phone", "tract_id": "408300", "tract_geoid": "06001408300"}}, {"type": "Feature", "geometry": {"type": "Point", "coordinates": [-122.16481799353302, 37.74869997580574]}, "properties": {"case_id": "1539138", "category": "ENVIRON_ENF", "complaint_type": "Illegal Dumping (Enforcement Potential)", "status": "WOCREATE", "date_opened": "2025-07-22T07:54:49.000", "date_closed": null, "address": "9615 OLIVE ST", "zipcode": "94603", "councildistrict": "CCD7", "source": "SeeClickFix", "tract_id": "410300", "tract_geoid": "06001410300"}}, {"type": "Feature", "geometry": {"type": "Point", "coordinates": [-122.1637111792713, 37.74912835710345]}, "properties": {"case_id": "1539489", "category": "ENVIRON_ENF", "complaint_type": "Illegal Dumping (Enforcement Potential)", "status": "GONE ON ARRIVAL", "date_opened": "2025-07-22T20:21:11.000", "date_closed": null, "address": "9600 SUNNYSIDE ST", "zipcode": "94603", "councildistrict": "CCD7", "source": "SeeClickFix", "tract_id": "410300", "tract_geoid": "06001410300"}}, {"type": "Feature", "geometry": {"type": "Point", "coordinates": [-122.18571262738149, 37.74924079701664]}, "properties": {"case_id": "1539495", "category": "ENVIRON_ENF", "complaint_type": "Illegal Dumping (Enforcement Potential)", "status": "WOCREATE", "date_opened": "2025-07-22T20:39:10.000", "date_closed": null, "address": "85TH AVE & G ST", "zipcode": "94621", "councildistrict": "CCD7", "source": "SeeClickFix", "tract_id": "409500", "tract_geoid": "06001409500"}}, {"type": "Feature", "geometry": {"type": "Point", "coordinates": [-122.13603740913028, 37.768769933625094]}, "properties": {"case_id": "1539867", "category": "ENVIRON_ENF", "complaint_type": "Illegal Dumping (Enforcement Potential)", "status": "WOCREATE", "date_opened": "2025-07-23T18:07:17.000", "date_closed": null, "address": "8971 RIDGEMOOR RD", "zipcode": "94605", "councildistrict": "CCD7", "source": "Phone", "tract_id": "409900", "tract_geoid": "06001409900"}}, {"type": "Feature", "geometry": {"type": "Point", "coordinates": [-122.2740383997265, 37.8394820474195]}, "properties": {"case_id": "1540249", "category": "ENVIRON_ENF", "complaint_type": "Illegal Dumping (Enforcement Potential)", "status": "WOCREATE", "date_opened": "2025-07-24T17:52:48.000", "date_closed": null, "address": "1767 28TH AV", "zipcode": "94608", "councildistrict": "CCD1", "source": "SeeClickFix", "tract_id": "400700", "tract_geoid": "06001400700"}}, {"type": "Feature", "geometry": {"type": "Point", "coordinates": [-122.18669313851424, 37.739618717509124]}, "properties": {"case_id": "1540687", "category": "ENVIRON_ENF", "complaint_type": "Illegal Dumping (Enforcement Potential)", "status": "WOCREATE", "date_opened": "2025-07-26T11:17:44.000", "date_closed": null, "address": "655 LOUISIANA ST", "zipcode": "94603", "councildistrict": "CCD7", "source": "SeeClickFix", "tract_id": "409000", "tract_geoid": "06001409000"}}, {"type": "Feature", "geometry": {"type": "Point", "coordinates": [-122.1623430450934, 37.753731008870375]}, "properties": {"case_id": "1540711", "category": "ENVIRON_ENF", "complaint_type": "Illegal Dumping (Enforcement Potential)", "status": "CLOSED", "date_opened": "2025-07-26T14:04:53.000", "date_closed": "2026-03-03T15:08:04.000", "address": "9206 HILLSIDE ST", "zipcode": "94603", "councildistrict": "CCD7", "source": "SeeClickFix", "tract_id": "409700", "tract_geoid": "06001409700"}}, {"type": "Feature", "geometry": {"type": "Point", "coordinates": [-122.21484121912535, 37.774339458510184]}, "properties": {"case_id": "1540926", "category": "ENVIRON_ENF", "complaint_type": "Illegal Dumping (Enforcement Potential)", "status": "WOCREATE", "date_opened": "2025-07-27T20:01:41.000", "date_closed": null, "address": "4116 E 16TH ST", "zipcode": "94601", "councildistrict": "CCD5", "source": "SeeClickFix", "tract_id": "407200", "tract_geoid": "06001407200"}}, {"type": "Feature", "geometry": {"type": "Point", "coordinates": [-122.26079390867018, 37.83711741254012]}, "properties": {"case_id": "1540937", "category": "ENVIRON_ENF", "complaint_type": "Recycling Hotline - Miscellaneous", "status": "OPEN", "date_opened": "2025-07-27T21:14:27.000", "date_closed": null, "address": "5100 CLARKE ST", "zipcode": "94609", "councildistrict": "CCD1", "source": "SeeClickFix", "tract_id": "400300", "tract_geoid": "06001400300"}}, {"type": "Feature", "geometry": {"type": "Point", "coordinates": [-122.17693500907609, 37.74132902829506]}, "properties": {"case_id": "1541102", "category": "ENVIRON_ENF", "complaint_type": "Illegal Dumping (Enforcement Potential)", "status": "GONE ON ARRIVAL", "date_opened": "2025-07-28T11:02:47.000", "date_closed": null, "address": "E ST & 98TH AV", "zipcode": "94603", "councildistrict": "CCD7", "source": "Phone", "tract_id": "409300", "tract_geoid": "06001409300"}}, {"type": "Feature", "geometry": {"type": "Point", "coordinates": [-122.16725745851892, 37.759460963827955]}, "properties": {"case_id": "1541118", "category": "ENVIRON_ENF", "complaint_type": "Illegal Dumping (Enforcement Potential)", "status": "GONE ON ARRIVAL", "date_opened": "2025-07-28T11:32:35.000", "date_closed": null, "address": "2349 84TH AV", "zipcode": "94605", "councildistrict": "CCD7", "source": "Email", "tract_id": "409700", "tract_geoid": "06001409700"}}, {"type": "Feature", "geometry": {"type": "Point", "coordinates": [-122.19317565109993, 37.77093857264753]}, "properties": {"case_id": "1541146", "category": "ENVIRON_ENF", "complaint_type": "Illegal Dumping (Enforcement Potential)", "status": "GONE ON ARRIVAL", "date_opened": "2025-07-28T12:34:46.000", "date_closed": null, "address": "5815 AVENAL AV", "zipcode": "94605", "councildistrict": "CCD6", "source": "Phone", "tract_id": "407500", "tract_geoid": "06001407500"}}, {"type": "Feature", "geometry": {"type": "Point", "coordinates": [-122.28056097717388, 37.821771019264006]}, "properties": {"case_id": "1541317", "category": "ENVIRON_ENF", "complaint_type": "Illegal Dumping (Enforcement Potential)", "status": "GONE ON ARRIVAL", "date_opened": "2025-07-28T15:32:07.000", "date_closed": null, "address": "30TH ST & CHESTNUT ST", "zipcode": "94608", "councildistrict": "CCD3", "source": "Phone", "tract_id": "401500", "tract_geoid": "06001401500"}}, {"type": "Feature", "geometry": {"type": "Point", "coordinates": [-122.29758486029407, 37.81107935453974]}, "properties": {"case_id": "1541342", "category": "ENVIRON_ENF", "complaint_type": "Illegal Dumping (Enforcement Potential)", "status": "WOCREATE", "date_opened": "2025-07-28T16:41:35.000", "date_closed": null, "address": "WILLOW ST & 12TH ST", "zipcode": "94607", "councildistrict": "CCD3", "source": "SeeClickFix", "tract_id": "401800", "tract_geoid": "06001401800"}}, {"type": "Feature", "geometry": {"type": "Point", "coordinates": [-122.29735785602173, 37.81127601265889]}, "properties": {"case_id": "1541345", "category": "ENVIRON_ENF", "complaint_type": "Illegal Dumping (Enforcement Potential)", "status": "GONE ON ARRIVAL", "date_opened": "2025-07-28T16:47:22.000", "date_closed": null, "address": "1688 12TH ST", "zipcode": "94607", "councildistrict": "CCD3", "source": "SeeClickFix", "tract_id": "401800", "tract_geoid": "06001401800"}}, {"type": "Feature", "geometry": {"type": "Point", "coordinates": [-122.27561000231628, 37.82668901555808]}, "properties": {"case_id": "1541520", "category": "ENVIRON_ENF", "complaint_type": "Illegal Dumping (Enforcement Potential)", "status": "GONE ON ARRIVAL", "date_opened": "2025-07-29T10:08:31.000", "date_closed": null, "address": "926 36TH ST", "zipcode": "94608", "councildistrict": "CCD3", "source": "SeeClickFix", "tract_id": "401000", "tract_geoid": "06001401000"}}, {"type": "Feature", "geometry": {"type": "Point", "coordinates": [-122.25920757370973, 37.79598018178727]}, "properties": {"case_id": "1541780", "category": "ENVIRON_ENF", "complaint_type": "Illegal Dumping (Enforcement Potential)", "status": "GONE ON ARRIVAL", "date_opened": "2025-07-29T22:05:28.000", "date_closed": null, "address": "E 10TH ST & 2ND AVE", "zipcode": "94606", "councildistrict": "CCD2", "source": "SeeClickFix", "tract_id": "406000", "tract_geoid": "06001406000"}}, {"type": "Feature", "geometry": {"type": "Point", "coordinates": [-122.28057454173467, 37.84347900259989]}, "properties": {"case_id": "1541914", "category": "ENVIRON_ENF", "complaint_type": "Illegal Dumping (Enforcement Potential)", "status": "CLOSED", "date_opened": "2025-07-30T10:52:04.000", "date_closed": "2026-01-02T11:36:58.000", "address": "60TH ST & IDAHO ST", "zipcode": "94608", "councildistrict": "CCD1", "source": "SeeClickFix", "tract_id": "400800", "tract_geoid": "06001400800"}}, {"type": "Feature", "geometry": {"type": "Point", "coordinates": [-122.2426553959453, 37.79928217403736]}, "properties": {"case_id": "1542098", "category": "ENVIRON_ENF", "complaint_type": "Illegal Dumping (Enforcement Potential)", "status": "WOCREATE", "date_opened": "2025-07-30T18:14:02.000", "date_closed": null, "address": "808 E 23RD ST", "zipcode": "94606", "councildistrict": "CCD2", "source": "SeeClickFix", "tract_id": "405500", "tract_geoid": "06001405500"}}, {"type": "Feature", "geometry": {"type": "Point", "coordinates": [-122.17312094204223, 37.76607417126973]}, "properties": {"case_id": "1542167", "category": "ENVIRON_ENF", "complaint_type": "Illegal Dumping (Enforcement Potential)", "status": "GONE ON ARRIVAL", "date_opened": "2025-07-31T06:28:05.000", "date_closed": null, "address": "2649 76TH AVE", "zipcode": "94605", "councildistrict": "CCD6", "source": "SeeClickFix", "tract_id": "408400", "tract_geoid": "06001408400"}}, {"type": "Feature", "geometry": {"type": "Point", "coordinates": [-122.24013660971981, 37.798970067624715]}, "properties": {"case_id": "1542186", "category": "ENVIRON_ENF", "complaint_type": "Illegal Dumping (Enforcement Potential)", "status": "CLOSED", "date_opened": "2025-07-31T07:43:20.000", "date_closed": "2026-03-03T15:11:56.000", "address": "2445 10TH AV", "zipcode": "94606", "councildistrict": "CCD2", "source": "Email", "tract_id": "405600", "tract_geoid": "06001405600"}}, {"type": "Feature", "geometry": {"type": "Point", "coordinates": [-122.19235198581582, 37.749762010251175]}, "properties": {"case_id": "1542383", "category": "ENVIRON_ENF", "complaint_type": "Illegal Dumping (Enforcement Potential)", "status": "WOCREATE", "date_opened": "2025-07-31T12:23:38.000", "date_closed": null, "address": "13TH AV & BELLA VISTA AV", "zipcode": "94621", "councildistrict": "CCD7", "source": "Phone", "tract_id": "409500", "tract_geoid": "06001409500"}}, {"type": "Feature", "geometry": {"type": "Point", "coordinates": [-122.269812994124, 37.82609029333777]}, "properties": {"case_id": "1542573", "category": "ENVIRON_ENF", "complaint_type": "Illegal Dumping (Enforcement Potential)", "status": "GONE ON ARRIVAL", "date_opened": "2025-07-31T21:19:25.000", "date_closed": null, "address": "3639 MARTIN LUTHER KING JR WAY", "zipcode": "94609", "councildistrict": "CCD3", "source": "SeeClickFix", "tract_id": "401000", "tract_geoid": "06001401000"}}, {"type": "Feature", "geometry": {"type": "Point", "coordinates": [-122.16673652548559, 37.76163605436519]}, "properties": {"case_id": "1542615", "category": "ENVIRON_ENF", "complaint_type": "Illegal Dumping (Enforcement Potential)", "status": "WOCREATE", "date_opened": "2025-08-01T08:23:15.000", "date_closed": null, "address": "1703 94TH AVE", "zipcode": "94605", "councildistrict": "CCD7", "source": "SeeClickFix", "tract_id": "409700", "tract_geoid": "06001409700"}}, {"type": "Feature", "geometry": {"type": "Point", "coordinates": [-122.16399980797213, 37.75433663888167]}, "properties": {"case_id": "1542659", "category": "ENVIRON_ENF", "complaint_type": "Illegal Dumping (Enforcement Potential)", "status": "WOCREATE", "date_opened": "2025-08-01T09:43:36.000", "date_closed": null, "address": "2320 90TH AV", "zipcode": "94603", "councildistrict": "CCD7", "source": "SeeClickFix", "tract_id": "409700", "tract_geoid": "06001409700"}}, {"type": "Feature", "geometry": {"type": "Point", "coordinates": [-122.27394695123057, 37.82232308527163]}, "properties": {"case_id": "1542723", "category": "ENVIRON_ENF", "complaint_type": "Illegal Dumping (Enforcement Potential)", "status": "CLOSED", "date_opened": "2025-08-01T11:21:56.000", "date_closed": "2026-03-03T15:13:14.000", "address": "829 BROCKHURST ST", "zipcode": "94608", "councildistrict": "CCD3", "source": "SeeClickFix", "tract_id": "401400", "tract_geoid": "06001401400"}}, {"type": "Feature", "geometry": {"type": "Point", "coordinates": [-122.27356013666918, 37.822483311368046]}, "properties": {"case_id": "1542735", "category": "ENVIRON_ENF", "complaint_type": "Illegal Dumping (Enforcement Potential)", "status": "WOCREATE", "date_opened": "2025-08-01T11:37:03.000", "date_closed": null, "address": "819 BROCKHURST ST", "zipcode": "94608", "councildistrict": "CCD3", "source": "SeeClickFix", "tract_id": "401400", "tract_geoid": "06001401400"}}, {"type": "Feature", "geometry": {"type": "Point", "coordinates": [-122.27503795514328, 37.828807351990136]}, "properties": {"case_id": "1543104", "category": "ENVIRON_ENF", "complaint_type": "Illegal Dumping (Enforcement Potential)", "status": "WOCREATE", "date_opened": "2025-08-02T14:09:07.000", "date_closed": null, "address": "915 APGAR ST", "zipcode": "94608", "councildistrict": "CCD1", "source": "SeeClickFix", "tract_id": "401000", "tract_geoid": "06001401000"}}, {"type": "Feature", "geometry": {"type": "Point", "coordinates": [-122.20077710520368, 37.77576317575812]}, "properties": {"case_id": "1543148", "category": "ENVIRON_ENF", "complaint_type": "Illegal Dumping (Enforcement Potential)", "status": "GONE ON ARRIVAL", "date_opened": "2025-08-02T17:50:04.000", "date_closed": null, "address": "5044 FAIRFAX AVE", "zipcode": "94601", "councildistrict": "CCD5", "source": "SeeClickFix", "tract_id": "407600", "tract_geoid": "06001407600"}}, {"type": "Feature", "geometry": {"type": "Point", "coordinates": [-122.22749255259949, 37.78094700454615]}, "properties": {"case_id": "1543776", "category": "ENVIRON_ENF", "complaint_type": "Illegal Dumping (Enforcement Potential)", "status": "WOCREATE", "date_opened": "2025-08-04T18:55:39.000", "date_closed": null, "address": "E 16TH ST & 29TH AV", "zipcode": "94601", "councildistrict": "CCD5", "source": "Phone", "tract_id": "406202", "tract_geoid": "06001406202"}}, {"type": "Feature", "geometry": {"type": "Point", "coordinates": [-122.28729304174553, 37.819727984321524]}, "properties": {"case_id": "1543836", "category": "ENVIRON_ENF", "complaint_type": "Illegal Dumping (Enforcement Potential)", "status": "GONE ON ARRIVAL", "date_opened": "2025-08-05T07:02:49.000", "date_closed": null, "address": "26TH ST & PERALTA ST", "zipcode": "94607", "councildistrict": "CCD3", "source": "Email", "tract_id": "401600", "tract_geoid": "06001401600"}}, {"type": "Feature", "geometry": {"type": "Point", "coordinates": [-122.22329885752652, 37.79091631502249]}, "properties": {"case_id": "1543858", "category": "ENVIRON_ENF", "complaint_type": "Illegal Dumping (Enforcement Potential)", "status": "GONE ON ARRIVAL", "date_opened": "2025-08-05T08:19:42.000", "date_closed": null, "address": "2619 26TH AV", "zipcode": "94601", "councildistrict": "CCD5", "source": "Email", "tract_id": "406300", "tract_geoid": "06001406300"}}, {"type": "Feature", "geometry": {"type": "Point", "coordinates": [-122.25380968699824, 37.83148599730285]}, "properties": {"case_id": "1544117", "category": "ENVIRON_ENF", "complaint_type": "Illegal Dumping (Enforcement Potential)", "status": "GONE ON ARRIVAL", "date_opened": "2025-08-05T16:24:43.000", "date_closed": null, "address": "296 MATHER ST", "zipcode": "94611", "councildistrict": "CCD1", "source": "SeeClickFix", "tract_id": "404101", "tract_geoid": "06001404101"}}, {"type": "Feature", "geometry": {"type": "Point", "coordinates": [-122.20856442073975, 37.76987783633333]}, "properties": {"case_id": "1544148", "category": "ENVIRON_ENF", "complaint_type": "Illegal Dumping (Enforcement Potential)", "status": "WOCREATE", "date_opened": "2025-08-05T17:42:32.000", "date_closed": null, "address": "1448 50TH AV", "zipcode": "94601", "councildistrict": "CCD5", "source": "SeeClickFix", "tract_id": "407400", "tract_geoid": "06001407400"}}, {"type": "Feature", "geometry": {"type": "Point", "coordinates": [-122.25158671599584, 37.79846999899497]}, "properties": {"case_id": "1544804", "category": "ENVIRON_ENF", "complaint_type": "Illegal Dumping (Enforcement Potential)", "status": "WOCREATE", "date_opened": "2025-08-07T10:53:14.000", "date_closed": null, "address": "1738 4TH AVE", "zipcode": "94606", "councildistrict": "CCD2", "source": "SeeClickFix", "tract_id": "405302", "tract_geoid": "06001405302"}}, {"type": "Feature", "geometry": {"type": "Point", "coordinates": [-122.28330003030706, 37.818899996571]}, "properties": {"case_id": "1544881", "category": "ENVIRON_ENF", "complaint_type": "Illegal Dumping (Enforcement Potential)", "status": "WOCREATE", "date_opened": "2025-08-07T13:10:18.000", "date_closed": null, "address": "2601 ADELINE ST", "zipcode": "94607", "councildistrict": "CCD3", "source": "SeeClickFix", "tract_id": "401600", "tract_geoid": "06001401600"}}, {"type": "Feature", "geometry": {"type": "Point", "coordinates": [-122.24955068440411, 37.789197140835846]}, "properties": {"case_id": "1545207", "category": "ENVIRON_ENF", "complaint_type": "Illegal Dumping (Enforcement Potential)", "status": "WOCREATE", "date_opened": "2025-08-08T13:08:24.000", "date_closed": null, "address": "1143 INTERNATIONAL BLVD", "zipcode": "94606", "councildistrict": "CCD2", "source": "SeeClickFix", "tract_id": "406000", "tract_geoid": "06001406000"}}, {"type": "Feature", "geometry": {"type": "Point", "coordinates": [-122.29700589609337, 37.81193830168558]}, "properties": {"case_id": "1545325", "category": "ENVIRON_ENF", "complaint_type": "Illegal Dumping (Enforcement Potential)", "status": "GONE ON ARRIVAL", "date_opened": "2025-08-08T18:11:41.000", "date_closed": null, "address": "1240 WILLOW ST", "zipcode": "94607", "councildistrict": "CCD3", "source": "SeeClickFix", "tract_id": "401800", "tract_geoid": "06001401800"}}, {"type": "Feature", "geometry": {"type": "Point", "coordinates": [-122.27188765327296, 37.820710019116504]}, "properties": {"case_id": "1545623", "category": "ENVIRON_ENF", "complaint_type": "Illegal Dumping (Enforcement Potential)", "status": "GONE ON ARRIVAL", "date_opened": "2025-08-10T11:06:00.000", "date_closed": null, "address": "715 31ST ST", "zipcode": "94609", "councildistrict": "CCD3", "source": "Email", "tract_id": "401400", "tract_geoid": "06001401400"}}, {"type": "Feature", "geometry": {"type": "Point", "coordinates": [-122.22792670837636, 37.78127750479235]}, "properties": {"case_id": "1545644", "category": "ENVIRON_ENF", "complaint_type": "Illegal Dumping (Enforcement Potential)", "status": "GONE ON ARRIVAL", "date_opened": "2025-08-10T12:17:50.000", "date_closed": null, "address": "2822 E 16TH ST", "zipcode": "94601", "councildistrict": "CCD5", "source": "Email", "tract_id": "406202", "tract_geoid": "06001406202"}}, {"type": "Feature", "geometry": {"type": "Point", "coordinates": [-122.14739669573108, 37.75858762855277]}, "properties": {"case_id": "1545712", "category": "ENVIRON_ENF", "complaint_type": "Illegal Dumping (Enforcement Potential)", "status": "WOCREATE", "date_opened": "2025-08-10T16:42:15.000", "date_closed": null, "address": "9416 MOUNTAIN BLVD", "zipcode": "94605", "councildistrict": "CCD7", "source": "Email", "tract_id": "409900", "tract_geoid": "06001409900"}}, {"type": "Feature", "geometry": {"type": "Point", "coordinates": [-122.19506103521852, 37.78599600675271]}, "properties": {"case_id": "1546166", "category": "ENVIRON_ENF", "complaint_type": "Illegal Dumping (Enforcement Potential)", "status": "CLOSED", "date_opened": "2025-08-11T17:08:29.000", "date_closed": "2025-10-14T12:18:44.000", "address": "REDDING ST & COURTLAND AV", "zipcode": "94619", "councildistrict": "CCD6", "source": "SeeClickFix", "tract_id": "407800", "tract_geoid": "06001407800"}}, {"type": "Feature", "geometry": {"type": "Point", "coordinates": [-122.19108545109655, 37.797879707807354]}, "properties": {"case_id": "1546721", "category": "ENVIRON_ENF", "complaint_type": "Illegal Dumping (Enforcement Potential)", "status": "WOCREATE", "date_opened": "2025-08-13T08:04:19.000", "date_closed": null, "address": "3550 JORDAN RD", "zipcode": "94619", "councildistrict": "CCD4", "source": "SeeClickFix", "tract_id": "406900", "tract_geoid": "06001406900"}}, {"type": "Feature", "geometry": {"type": "Point", "coordinates": [-122.28100654155486, 37.82702697429676]}, "properties": {"case_id": "1546914", "category": "ENVIRON_ENF", "complaint_type": "Illegal Dumping (Enforcement Potential)", "status": "CLOSED", "date_opened": "2025-08-13T12:48:57.000", "date_closed": "2025-09-02T08:36:09.000", "address": "MAGNOLIA ST & 35TH ST", "zipcode": "94608", "councildistrict": "CCD3", "source": "Phone", "tract_id": "401500", "tract_geoid": "06001401500"}}, {"type": "Feature", "geometry": {"type": "Point", "coordinates": [-122.23215301229415, 37.84881888669134]}, "properties": {"case_id": "1546975", "category": "ENVIRON_ENF", "complaint_type": "Illegal Dumping (Enforcement Potential)", "status": "CLOSED", "date_opened": "2025-08-13T14:42:25.000", "date_closed": "2026-05-01T15:12:44.000", "address": "6500 BROADWAY", "zipcode": "94618", "councildistrict": "CCD1", "source": "SeeClickFix", "tract_id": "404300", "tract_geoid": "06001404300"}}, {"type": "Feature", "geometry": {"type": "Point", "coordinates": [-122.18682617900784, 37.759499953671785]}, "properties": {"case_id": "1547343", "category": "ENVIRON_ENF", "complaint_type": "Illegal Dumping (Enforcement Potential)", "status": "GONE ON ARRIVAL", "date_opened": "2025-08-14T12:03:38.000", "date_closed": null, "address": "1437 73RD AV", "zipcode": "94621", "councildistrict": "CCD6", "source": "Phone", "tract_id": "408500", "tract_geoid": "06001408500"}}, {"type": "Feature", "geometry": {"type": "Point", "coordinates": [-122.29678976143597, 37.81257269405846]}, "properties": {"case_id": "1547606", "category": "ENVIRON_ENF", "complaint_type": "Illegal Dumping (Enforcement Potential)", "status": "GONE ON ARRIVAL", "date_opened": "2025-08-14T19:45:40.000", "date_closed": null, "address": "1367 WILLOW ST", "zipcode": "94607", "councildistrict": "CCD3", "source": "SeeClickFix", "tract_id": "401800", "tract_geoid": "06001401800"}}, {"type": "Feature", "geometry": {"type": "Point", "coordinates": [-122.26828630729842, 37.801986094654765]}, "properties": {"case_id": "1547828", "category": "ENVIRON_ENF", "complaint_type": "Illegal Dumping (Enforcement Potential)", "status": "WOCREATE", "date_opened": "2025-08-15T11:36:14.000", "date_closed": null, "address": "1261 HARRISON ST", "zipcode": "94612", "councildistrict": "CCD2", "source": "SeeClickFix", "tract_id": "403000", "tract_geoid": "06001403000"}}, {"type": "Feature", "geometry": {"type": "Point", "coordinates": [-122.27276378016968, 37.80795688428567]}, "properties": {"case_id": "1547903", "category": "ENVIRON_ENF", "complaint_type": "Illegal Dumping (Enforcement Potential)", "status": "CLOSED", "date_opened": "2025-08-15T13:42:57.000", "date_closed": "2026-04-22T08:38:10.000", "address": "579 18TH ST", "zipcode": "94612", "councildistrict": "CCD3", "source": "Phone", "tract_id": "402802", "tract_geoid": "06001402802"}}, {"type": "Feature", "geometry": {"type": "Point", "coordinates": [-122.26467247474143, 37.82867679809508]}, "properties": {"case_id": "1548128", "category": "ENVIRON_ENF", "complaint_type": "Illegal Dumping (Enforcement Potential)", "status": "EVALUATED - NO FURTHER ACTION", "date_opened": "2025-08-16T11:17:13.000", "date_closed": null, "address": "3933 TELEGRAPH AV", "zipcode": "94609", "councildistrict": "CCD1", "source": "SeeClickFix", "tract_id": "401100", "tract_geoid": "06001401100"}}, {"type": "Feature", "geometry": {"type": "Point", "coordinates": [-122.16347671898211, 37.75115182323443]}, "properties": {"case_id": "1548185", "category": "ENVIRON_ENF", "complaint_type": "Illegal Dumping (Enforcement Potential)", "status": "WOCREATE", "date_opened": "2025-08-16T14:41:33.000", "date_closed": null, "address": "2226 94TH AVE", "zipcode": "94603", "councildistrict": "CCD7", "source": "SeeClickFix", "tract_id": "410200", "tract_geoid": "06001410200"}}, {"type": "Feature", "geometry": {"type": "Point", "coordinates": [-122.27807057771136, 37.795805488246025]}, "properties": {"case_id": "1548378", "category": "ENVIRON_ENF", "complaint_type": "Illegal Dumping (Enforcement Potential)", "status": "WOCREATE", "date_opened": "2025-08-17T15:04:24.000", "date_closed": null, "address": "499 EMBARCADERO WEST", "zipcode": "94607", "councildistrict": "CCD3", "source": "SeeClickFix", "tract_id": "983200", "tract_geoid": "06001983200"}}, {"type": "Feature", "geometry": {"type": "Point", "coordinates": [-122.21973928321269, 37.772052478516855]}, "properties": {"case_id": "1548432", "category": "ENVIRON_ENF", "complaint_type": "Illegal Dumping (Enforcement Potential)", "status": "WOCREATE", "date_opened": "2025-08-17T18:56:12.000", "date_closed": null, "address": "3928 SAN LEANDRO ST", "zipcode": "94601", "councildistrict": "CCD5", "source": "SeeClickFix", "tract_id": "406100", "tract_geoid": "06001406100"}}, {"type": "Feature", "geometry": {"type": "Point", "coordinates": [-122.1992629947921, 37.76987343372753]}, "properties": {"case_id": "1548938", "category": "ENVIRON_ENF", "complaint_type": "Illegal Dumping (Enforcement Potential)", "status": "CLOSED", "date_opened": "2025-08-18T21:49:47.000", "date_closed": "2025-09-02T09:04:01.000", "address": "5525 EDGERLY ST", "zipcode": "94621", "councildistrict": "CCD6", "source": "SeeClickFix", "tract_id": "407500", "tract_geoid": "06001407500"}}, {"type": "Feature", "geometry": {"type": "Point", "coordinates": [-122.19798810574069, 37.84253564933409]}, "properties": {"case_id": "1549043", "category": "ENVIRON_ENF", "complaint_type": "Illegal Dumping (Enforcement Potential)", "status": "CLOSED", "date_opened": "2025-08-19T09:34:57.000", "date_closed": "2025-09-04T11:34:33.000", "address": "7087 SKYLINE BLVD", "zipcode": "94611", "councildistrict": "CCD4", "source": "Email", "tract_id": "404502", "tract_geoid": "06001404502"}}, {"type": "Feature", "geometry": {"type": "Point", "coordinates": [-122.2427520546699, 37.78813801535094]}, "properties": {"case_id": "1549365", "category": "ENVIRON_ENF", "complaint_type": "Illegal Dumping (Enforcement Potential)", "status": "CLOSED", "date_opened": "2025-08-19T18:09:18.000", "date_closed": "2025-10-06T13:30:48.000", "address": "MARIN WY & 17TH AV", "zipcode": "94606", "councildistrict": "CCD2", "source": "SeeClickFix", "tract_id": "405902", "tract_geoid": "06001405902"}}, {"type": "Feature", "geometry": {"type": "Point", "coordinates": [-122.29066028675699, 37.81786471496741]}, "properties": {"case_id": "1549775", "category": "ENVIRON_ENF", "complaint_type": "Illegal Dumping (Enforcement Potential)", "status": "CLOSED", "date_opened": "2025-08-20T16:31:15.000", "date_closed": "2025-09-04T11:42:01.000", "address": "2225 CAMPBELL ST", "zipcode": "94607", "councildistrict": "CCD3", "source": "Phone", "tract_id": "401700", "tract_geoid": "06001401700"}}, {"type": "Feature", "geometry": {"type": "Point", "coordinates": [-122.25443455510995, 37.81720318874696]}, "properties": {"case_id": "1549972", "category": "ENVIRON_ENF", "complaint_type": "Illegal Dumping (Enforcement Potential)", "status": "EVALUATED - NO FURTHER ACTION", "date_opened": "2025-08-21T10:13:18.000", "date_closed": null, "address": "424 ORANGE ST", "zipcode": "94610", "councildistrict": "CCD1", "source": "Email", "tract_id": "403502", "tract_geoid": "06001403502"}}, {"type": "Feature", "geometry": {"type": "Point", "coordinates": [-122.1738249517305, 37.76209298072227]}, "properties": {"case_id": "1550187", "category": "ENVIRON_ENF", "complaint_type": "Illegal Dumping (Enforcement Potential)", "status": "WOCREATE", "date_opened": "2025-08-21T16:24:42.000", "date_closed": null, "address": "7868 OLIVE ST", "zipcode": "94605", "councildistrict": "CCD6", "source": "Phone", "tract_id": "408500", "tract_geoid": "06001408500"}}, {"type": "Feature", "geometry": {"type": "Point", "coordinates": [-122.22238572004008, 37.768306515480546]}, "properties": {"case_id": "1550645", "category": "ENVIRON_ENF", "complaint_type": "Illegal Dumping (Enforcement Potential)", "status": "GONE ON ARRIVAL", "date_opened": "2025-08-23T09:34:05.000", "date_closed": null, "address": "4200 ALAMEDA AVE", "zipcode": "94612", "councildistrict": "CCD5", "source": "SeeClickFix", "tract_id": "406100", "tract_geoid": "06001406100"}}, {"type": "Feature", "geometry": {"type": "Point", "coordinates": [-122.19228164772906, 37.75844736271677]}, "properties": {"case_id": "1551199", "category": "ENVIRON_ENF", "complaint_type": "Illegal Dumping (Enforcement Potential)", "status": "GONE ON ARRIVAL", "date_opened": "2025-08-25T12:29:48.000", "date_closed": null, "address": "1101 70TH AV", "zipcode": "94621", "councildistrict": "CCD6", "source": "Email", "tract_id": "408800", "tract_geoid": "06001408800"}}, {"type": "Feature", "geometry": {"type": "Point", "coordinates": [-122.21425497857085, 37.7707195103296]}, "properties": {"case_id": "1551428", "category": "ENVIRON_ENF", "complaint_type": "Illegal Dumping (Enforcement Potential)", "status": "CLOSED", "date_opened": "2025-08-25T21:28:27.000", "date_closed": "2025-10-14T12:52:36.000", "address": "1201 45TH AVE", "zipcode": "94601", "councildistrict": "CCD5", "source": "SeeClickFix", "tract_id": "407300", "tract_geoid": "06001407300"}}, {"type": "Feature", "geometry": {"type": "Point", "coordinates": [-122.29582155722262, 37.80569131447503]}, "properties": {"case_id": "1551439", "category": "ENVIRON_ENF", "complaint_type": "Illegal Dumping (Enforcement Potential)", "status": "CLOSED", "date_opened": "2025-08-26T02:56:26.000", "date_closed": "2026-04-28T08:15:47.000", "address": "1498 7TH ST", "zipcode": "94607", "councildistrict": "CCD3", "source": "SeeClickFix", "tract_id": "402200", "tract_geoid": "06001402200"}}, {"type": "Feature", "geometry": {"type": "Point", "coordinates": [-122.24927642874783, 37.81418324128214]}, "properties": {"case_id": "1551486", "category": "ENVIRON_ENF", "complaint_type": "Illegal Dumping (Enforcement Potential)", "status": "CLOSED", "date_opened": "2025-08-26T08:34:25.000", "date_closed": "2026-02-27T13:54:55.000", "address": "479 CRESCENT ST", "zipcode": "94610", "councildistrict": "CCD1", "source": "Email", "tract_id": "403900", "tract_geoid": "06001403900"}}, {"type": "Feature", "geometry": {"type": "Point", "coordinates": [-122.17010242302412, 37.764791586750995]}, "properties": {"case_id": "1551647", "category": "ENVIRON_ENF", "complaint_type": "Illegal Dumping (Enforcement Potential)", "status": "WOCREATE", "date_opened": "2025-08-26T12:19:42.000", "date_closed": null, "address": "7852 HILLSIDE ST", "zipcode": "94605", "councildistrict": "CCD6", "source": "Phone", "tract_id": "408400", "tract_geoid": "06001408400"}}, {"type": "Feature", "geometry": {"type": "Point", "coordinates": [-122.16927426616357, 37.74875545029362]}, "properties": {"case_id": "1551828", "category": "ENVIRON_ENF", "complaint_type": "Illegal Dumping (Enforcement Potential)", "status": "GONE ON ARRIVAL", "date_opened": "2025-08-26T21:38:34.000", "date_closed": null, "address": "94TH AVE & PLYMOUTH ST", "zipcode": "94603", "councildistrict": "CCD7", "source": "SeeClickFix", "tract_id": "409600", "tract_geoid": "06001409600"}}, {"type": "Feature", "geometry": {"type": "Point", "coordinates": [-122.20752551911352, 37.768162788515305]}, "properties": {"case_id": "1552007", "category": "ENVIRON_ENF", "complaint_type": "Illegal Dumping (Enforcement Potential)", "status": "GONE ON ARRIVAL", "date_opened": "2025-08-27T11:06:57.000", "date_closed": null, "address": "1353 52ND AV", "zipcode": "94601", "councildistrict": "CCD5", "source": "Phone", "tract_id": "407300", "tract_geoid": "06001407300"}}, {"type": "Feature", "geometry": {"type": "Point", "coordinates": [-122.17833898603384, 37.7333010370445]}, "properties": {"case_id": "1552122", "category": "ENVIRON_ENF", "complaint_type": "Illegal Dumping (Enforcement Potential)", "status": "CLOSED", "date_opened": "2025-08-27T14:40:05.000", "date_closed": "2025-09-02T10:00:08.000", "address": "EDES AV & 105TH AV", "zipcode": "94603", "councildistrict": "CCD7", "source": "Phone", "tract_id": "409200", "tract_geoid": "06001409200"}}, {"type": "Feature", "geometry": {"type": "Point", "coordinates": [-122.26842617498818, 37.83723780636071]}, "properties": {"case_id": "1552270", "category": "ENVIRON_ENF", "complaint_type": "Illegal Dumping (Enforcement Potential)", "status": "CLOSED", "date_opened": "2025-08-27T22:39:18.000", "date_closed": "2025-10-14T12:53:50.000", "address": "MARTIN LUTHER KING JR WAY & 52ND ST", "zipcode": "94609", "councildistrict": "CCD1", "source": "SeeClickFix", "tract_id": "401000", "tract_geoid": "06001401000"}}, {"type": "Feature", "geometry": {"type": "Point", "coordinates": [-122.17885030709363, 37.76832916807458]}, "properties": {"case_id": "1552416", "category": "HE_CLEAN", "complaint_type": "Homeless Encampment - Closure Needed", "status": "OPEN", "date_opened": "2025-08-28T10:43:38.000", "date_closed": null, "address": "6900 BANCROFT AVE", "zipcode": "94605", "councildistrict": "CCD6", "source": "SeeClickFix", "tract_id": "408600", "tract_geoid": "06001408600"}}, {"type": "Feature", "geometry": {"type": "Point", "coordinates": [-122.21330501015777, 37.76994664476701]}, "properties": {"case_id": "1552479", "category": "ENVIRON_ENF", "complaint_type": "Illegal Dumping (Enforcement Potential)", "status": "WOCREATE", "date_opened": "2025-08-28T12:21:22.000", "date_closed": null, "address": "1201 46TH AV", "zipcode": "94601", "councildistrict": "CCD5", "source": "Phone", "tract_id": "407300", "tract_geoid": "06001407300"}}, {"type": "Feature", "geometry": {"type": "Point", "coordinates": [-122.20639903174708, 37.78320559460024]}, "properties": {"case_id": "1553021", "category": "ENVIRON_ENF", "complaint_type": "Illegal Dumping (Enforcement Potential)", "status": "GONE ON ARRIVAL", "date_opened": "2025-08-29T17:44:40.000", "date_closed": null, "address": "4025 NEVIL ST", "zipcode": "94601", "councildistrict": "CCD5", "source": "SeeClickFix", "tract_id": "407102", "tract_geoid": "06001407102"}}, {"type": "Feature", "geometry": {"type": "Point", "coordinates": [-122.24144249064851, 37.78605003338574]}, "properties": {"case_id": "1553748", "category": "ENVIRON_ENF", "complaint_type": "Illegal Dumping (Enforcement Potential)", "status": "CLOSED", "date_opened": "2025-09-02T11:45:58.000", "date_closed": "2025-10-26T15:16:34.000", "address": "SOLANO WY & 19TH AV", "zipcode": "94606", "councildistrict": "CCD2", "source": "SeeClickFix", "tract_id": "406000", "tract_geoid": "06001406000"}}, {"type": "Feature", "geometry": {"type": "Point", "coordinates": [-122.28773707899053, 37.8221414290463]}, "properties": {"case_id": "1553886", "category": "ENVIRON_ENF", "complaint_type": "Illegal Dumping (Enforcement Potential)", "status": "CANCEL", "date_opened": "2025-09-02T15:14:07.000", "date_closed": null, "address": "19 EALING LN", "zipcode": "94608", "councildistrict": "CCD3", "source": "SeeClickFix", "tract_id": "401700", "tract_geoid": "06001401700"}}, {"type": "Feature", "geometry": {"type": "Point", "coordinates": [-122.24503934504664, 37.81373245624585]}, "properties": {"case_id": "1554104", "category": "ENVIRON_ENF", "complaint_type": "Illegal Dumping (Enforcement Potential)", "status": "GONE ON ARRIVAL", "date_opened": "2025-09-03T09:14:05.000", "date_closed": null, "address": "888 VERMONT ST", "zipcode": "94610", "councildistrict": "CCD2", "source": "Phone", "tract_id": "403800", "tract_geoid": "06001403800"}}, {"type": "Feature", "geometry": {"type": "Point", "coordinates": [-122.24144249064851, 37.78605003338574]}, "properties": {"case_id": "1554136", "category": "ENVIRON_ENF", "complaint_type": "Illegal Dumping (Enforcement Potential)", "status": "CLOSED", "date_opened": "2025-09-03T09:45:13.000", "date_closed": "2026-03-05T08:37:54.000", "address": "SOLANO WY & 19TH AV", "zipcode": "94606", "councildistrict": "CCD2", "source": "SeeClickFix", "tract_id": "406000", "tract_geoid": "06001406000"}}, {"type": "Feature", "geometry": {"type": "Point", "coordinates": [-122.2416263757872, 37.786739029230134]}, "properties": {"case_id": "1554146", "category": "ENVIRON_ENF", "complaint_type": "Illegal Dumping (Enforcement Potential)", "status": "WOCREATE", "date_opened": "2025-09-03T09:55:04.000", "date_closed": null, "address": "1853  INTERNATIONAL BLVD", "zipcode": "94606", "councildistrict": "CCD2", "source": "Phone", "tract_id": "406000", "tract_geoid": "06001406000"}}, {"type": "Feature", "geometry": {"type": "Point", "coordinates": [-122.20811553259222, 37.77839099140445]}, "properties": {"case_id": "1555280", "category": "ENVIRON_ENF", "complaint_type": "Illegal Dumping (Enforcement Potential)", "status": "CLOSED", "date_opened": "2025-09-05T11:09:51.000", "date_closed": "2026-03-03T15:28:18.000", "address": "SAN CARLOS AV & HIGH ST", "zipcode": "94601", "councildistrict": "CCD5", "source": "Email", "tract_id": "407102", "tract_geoid": "06001407102"}}, {"type": "Feature", "geometry": {"type": "Point", "coordinates": [-122.15223367437909, 37.76460630929038]}, "properties": {"case_id": "1555493", "category": "ENVIRON_ENF", "complaint_type": "Illegal Dumping (Enforcement Potential)", "status": "GONE ON ARRIVAL", "date_opened": "2025-09-05T19:41:02.000", "date_closed": null, "address": "8472 FONTAINE ST", "zipcode": "94605", "councildistrict": "CCD6", "source": "SeeClickFix", "tract_id": "409800", "tract_geoid": "06001409800"}}, {"type": "Feature", "geometry": {"type": "Point", "coordinates": [-122.12859154323377, 37.769445030527486]}, "properties": {"case_id": "1555620", "category": "ENVIRON_ENF", "complaint_type": "Illegal Dumping (Enforcement Potential)", "status": "GONE ON ARRIVAL", "date_opened": "2025-09-06T16:36:29.000", "date_closed": null, "address": "SKYLINE BLVD & GRASS VALLEY RD", "zipcode": "94605", "councildistrict": null, "source": "SeeClickFix", "tract_id": "409900", "tract_geoid": "06001409900"}}, {"type": "Feature", "geometry": {"type": "Point", "coordinates": [-122.27805404871013, 37.823109452883905]}, "properties": {"case_id": "1555753", "category": "ENVIRON_ENF", "complaint_type": "Illegal Dumping (Enforcement Potential)", "status": "GONE ON ARRIVAL", "date_opened": "2025-09-07T12:58:18.000", "date_closed": null, "address": "3201 FILBERT ST", "zipcode": "94608", "councildistrict": "CCD3", "source": "SeeClickFix", "tract_id": "401500", "tract_geoid": "06001401500"}}, {"type": "Feature", "geometry": {"type": "Point", "coordinates": [-122.17080158180984, 37.751185632434414]}, "properties": {"case_id": "1555982", "category": "ENVIRON_ENF", "complaint_type": "Illegal Dumping (Enforcement Potential)", "status": "WOCREATE", "date_opened": "2025-09-08T10:45:15.000", "date_closed": null, "address": "1716 90TH AV", "zipcode": "94603", "councildistrict": "CCD7", "source": "Phone", "tract_id": "409600", "tract_geoid": "06001409600"}}, {"type": "Feature", "geometry": {"type": "Point", "coordinates": [-122.17836872026973, 37.76889526763815]}, "properties": {"case_id": "1555995", "category": "HE_CLEAN", "complaint_type": "Homeless Encampment - Closure Needed", "status": "OPEN", "date_opened": "2025-09-08T10:58:08.000", "date_closed": null, "address": "2517 CHURCH ST", "zipcode": "94605", "councildistrict": "CCD6", "source": "SeeClickFix", "tract_id": "408600", "tract_geoid": "06001408600"}}, {"type": "Feature", "geometry": {"type": "Point", "coordinates": [-122.17542799535524, 37.73524472836856]}, "properties": {"case_id": "1556074", "category": "ENVIRON_ENF", "complaint_type": "Illegal Dumping (Enforcement Potential)", "status": "GONE ON ARRIVAL", "date_opened": "2025-09-08T12:33:48.000", "date_closed": null, "address": "871 105TH AV", "zipcode": "94603", "councildistrict": "CCD7", "source": "Phone", "tract_id": "409300", "tract_geoid": "06001409300"}}, {"type": "Feature", "geometry": {"type": "Point", "coordinates": [-122.20557087488653, 37.79116442311999]}, "properties": {"case_id": "1556186", "category": "ENVIRON_ENF", "complaint_type": "Illegal Dumping (Enforcement Potential)", "status": "CANCEL", "date_opened": "2025-09-08T15:39:10.000", "date_closed": null, "address": "3478 SCHOOL ST", "zipcode": "94602", "councildistrict": "CCD5", "source": "SeeClickFix", "tract_id": "406601", "tract_geoid": "06001406601"}}, {"type": "Feature", "geometry": {"type": "Point", "coordinates": [-122.17779020522669, 37.74811063671311]}, "properties": {"case_id": "1556271", "category": "ENVIRON_ENF", "complaint_type": "Illegal Dumping (Enforcement Potential)", "status": "GONE ON ARRIVAL", "date_opened": "2025-09-08T18:57:29.000", "date_closed": null, "address": "1200 90TH AVE", "zipcode": "94603", "councildistrict": "CCD7", "source": "SeeClickFix", "tract_id": "409400", "tract_geoid": "06001409400"}}, {"type": "Feature", "geometry": {"type": "Point", "coordinates": [-122.2154235070926, 37.79831703197429]}, "properties": {"case_id": "1556353", "category": "HE_CLEAN", "complaint_type": "Homeless Encampment - Closure Needed", "status": "OPEN", "date_opened": "2025-09-09T08:45:45.000", "date_closed": null, "address": "CHAMPION ST & MONTANA ST", "zipcode": "94602", "councildistrict": "CCD4", "source": "SeeClickFix", "tract_id": "406602", "tract_geoid": "06001406602"}}, {"type": "Feature", "geometry": {"type": "Point", "coordinates": [-122.26715398088264, 37.820150986820344]}, "properties": {"case_id": "1556621", "category": "ENVIRON_ENF", "complaint_type": "Illegal Dumping (Enforcement Potential)", "status": "CLOSED", "date_opened": "2025-09-10T08:07:09.000", "date_closed": "2026-03-03T15:24:49.000", "address": "3101 TELEGRAPH AVE", "zipcode": "94609", "councildistrict": "CCD3", "source": "SeeClickFix", "tract_id": "401300", "tract_geoid": "06001401300"}}, {"type": "Feature", "geometry": {"type": "Point", "coordinates": [-122.27611135207643, 37.80105768449559]}, "properties": {"case_id": "1556693", "category": "ENVIRON_ENF", "complaint_type": "Illegal Dumping (Enforcement Potential)", "status": "CLOSED", "date_opened": "2025-09-10T09:39:03.000", "date_closed": "2026-03-03T15:23:40.000", "address": "547 8TH ST", "zipcode": "94607", "councildistrict": "CCD3", "source": "SeeClickFix", "tract_id": "403100", "tract_geoid": "06001403100"}}, {"type": "Feature", "geometry": {"type": "Point", "coordinates": [-122.23929587644528, 37.787957481890274]}, "properties": {"case_id": "1557239", "category": "ENVIRON_ENF", "complaint_type": "Illegal Dumping (Enforcement Potential)", "status": "GONE ON ARRIVAL", "date_opened": "2025-09-11T12:26:00.000", "date_closed": null, "address": "1917 FOOTHILL BLVD", "zipcode": "94606", "councildistrict": "CCD2", "source": "Phone", "tract_id": "405901", "tract_geoid": "06001405901"}}, {"type": "Feature", "geometry": {"type": "Point", "coordinates": [-122.2784328682655, 37.80212918802667]}, "properties": {"case_id": "1557280", "category": "ENVIRON_ENF", "complaint_type": "Illegal Dumping (Enforcement Potential)", "status": "GONE ON ARRIVAL", "date_opened": "2025-09-11T13:09:31.000", "date_closed": null, "address": "804 MARTIN LUTHER KING JR WY", "zipcode": "94607", "councildistrict": "CCD3", "source": "Phone", "tract_id": "403100", "tract_geoid": "06001403100"}}, {"type": "Feature", "geometry": {"type": "Point", "coordinates": [-122.25695989903703, 37.82025629355775]}, "properties": {"case_id": "1557789", "category": "ENVIRON_ENF", "complaint_type": "Illegal Dumping (Enforcement Potential)", "status": "WOCREATE", "date_opened": "2025-09-12T15:57:31.000", "date_closed": null, "address": "STANLEY PL & KEMPTON AVE", "zipcode": "94611", "councildistrict": "CCD3", "source": "SeeClickFix", "tract_id": "403501", "tract_geoid": "06001403501"}}, {"type": "Feature", "geometry": {"type": "Point", "coordinates": [-122.19539772378705, 37.78599905950703]}, "properties": {"case_id": "1557800", "category": "ENVIRON_ENF", "complaint_type": "Illegal Dumping (Enforcement Potential)", "status": "CLOSED", "date_opened": "2025-09-12T16:14:34.000", "date_closed": "2026-03-03T15:15:04.000", "address": "3337 COURTLAND AVE", "zipcode": "94619", "councildistrict": "CCD6", "source": "SeeClickFix", "tract_id": "407800", "tract_geoid": "06001407800"}}, {"type": "Feature", "geometry": {"type": "Point", "coordinates": [-122.27775140629088, 37.82464930982462]}, "properties": {"case_id": "1558140", "category": "ENVIRON_ENF", "complaint_type": "Illegal Dumping (Enforcement Potential)", "status": "CLOSED", "date_opened": "2025-09-15T00:32:22.000", "date_closed": "2026-03-03T15:16:31.000", "address": "3314 SAN PABLO AV", "zipcode": "94608", "councildistrict": "CCD3", "source": "SeeClickFix", "tract_id": "401400", "tract_geoid": "06001401400"}}, {"type": "Feature", "geometry": {"type": "Point", "coordinates": [-122.23708664966674, 37.785321912918874]}, "properties": {"case_id": "1558222", "category": "ENVIRON_ENF", "complaint_type": "Illegal Dumping (Enforcement Potential)", "status": "GONE ON ARRIVAL", "date_opened": "2025-09-15T09:17:05.000", "date_closed": null, "address": "2201 E 15TH ST", "zipcode": "94606", "councildistrict": "CCD2", "source": "SeeClickFix", "tract_id": "405901", "tract_geoid": "06001405901"}}, {"type": "Feature", "geometry": {"type": "Point", "coordinates": [-122.2495885933091, 37.79054461274865]}, "properties": {"case_id": "1558515", "category": "ENVIRON_ENF", "complaint_type": "Illegal Dumping (Enforcement Potential)", "status": "GONE ON ARRIVAL", "date_opened": "2025-09-15T17:03:25.000", "date_closed": null, "address": "1118 E 12TH ST", "zipcode": "94606", "councildistrict": "CCD2", "source": "Phone", "tract_id": "406000", "tract_geoid": "06001406000"}}, {"type": "Feature", "geometry": {"type": "Point", "coordinates": [-122.25765941714887, 37.813298771759406]}, "properties": {"case_id": "1558538", "category": "ENVIRON_ENF", "complaint_type": "Illegal Dumping (Enforcement Potential)", "status": "WOCREATE", "date_opened": "2025-09-15T17:57:31.000", "date_closed": null, "address": "260 LEE ST", "zipcode": "94610", "councildistrict": "CCD1", "source": "SeeClickFix", "tract_id": "403600", "tract_geoid": "06001403600"}}, {"type": "Feature", "geometry": {"type": "Point", "coordinates": [-122.17807021010078, 37.75282955063313]}, "properties": {"case_id": "1558663", "category": "ENVIRON_ENF", "complaint_type": "Illegal Dumping (Enforcement Potential)", "status": "GONE ON ARRIVAL", "date_opened": "2025-09-16T09:44:46.000", "date_closed": null, "address": "1351 85TH AV", "zipcode": "94621", "councildistrict": "CCD7", "source": "Phone", "tract_id": "409500", "tract_geoid": "06001409500"}}, {"type": "Feature", "geometry": {"type": "Point", "coordinates": [-122.23444560273106, 37.774188074663684]}, "properties": {"case_id": "1558798", "category": "ENVIRON_ENF", "complaint_type": "Illegal Dumping (Enforcement Potential)", "status": "GONE ON ARRIVAL", "date_opened": "2025-09-16T13:51:28.000", "date_closed": null, "address": "2846 CHAPMAN ST", "zipcode": "94601", "councildistrict": "CCD5", "source": "SeeClickFix", "tract_id": "406100", "tract_geoid": "06001406100"}}, {"type": "Feature", "geometry": {"type": "Point", "coordinates": [-122.1898928477252, 37.7707986852779]}, "properties": {"case_id": "1558822", "category": "ENVIRON_ENF", "complaint_type": "Illegal Dumping (Enforcement Potential)", "status": "WOCREATE", "date_opened": "2025-09-16T14:42:31.000", "date_closed": null, "address": "2560 60TH AV", "zipcode": "94605", "councildistrict": "CCD6", "source": "Phone", "tract_id": "408700", "tract_geoid": "06001408700"}}, {"type": "Feature", "geometry": {"type": "Point", "coordinates": [-122.24892213319973, 37.79132166430126]}, "properties": {"case_id": "1559436", "category": "ENVIRON_ENF", "complaint_type": "Illegal Dumping (Enforcement Potential)", "status": "WOCREATE", "date_opened": "2025-09-18T10:33:23.000", "date_closed": null, "address": "11TH AVE & INTERNATIONAL BLVD", "zipcode": "94606", "councildistrict": "CCD2", "source": "SeeClickFix", "tract_id": "406000", "tract_geoid": "06001406000"}}, {"type": "Feature", "geometry": {"type": "Point", "coordinates": [-122.23737357156853, 37.78503516382002]}, "properties": {"case_id": "1559598", "category": "ENVIRON_ENF", "complaint_type": "Illegal Dumping (Enforcement Potential)", "status": "GONE ON ARRIVAL", "date_opened": "2025-09-18T16:15:31.000", "date_closed": null, "address": "1432 22ND AVE", "zipcode": "94606", "councildistrict": "CCD2", "source": "SeeClickFix", "tract_id": "405901", "tract_geoid": "06001405901"}}, {"type": "Feature", "geometry": {"type": "Point", "coordinates": [-122.2154064391022, 37.798232633793425]}, "properties": {"case_id": "1559953", "category": "ENVIRON_ENF", "complaint_type": "Illegal Dumping (Enforcement Potential)", "status": "GONE ON ARRIVAL", "date_opened": "2025-09-19T15:37:57.000", "date_closed": null, "address": "CHAMPION ST & MONTANA ST", "zipcode": "94602", "councildistrict": "CCD4", "source": "SeeClickFix", "tract_id": "406602", "tract_geoid": "06001406602"}}, {"type": "Feature", "geometry": {"type": "Point", "coordinates": [-122.23056407221937, 37.78181957879567]}, "properties": {"case_id": "1560003", "category": "ENVIRON_ENF", "complaint_type": "Illegal Dumping (Enforcement Potential)", "status": "GONE ON ARRIVAL", "date_opened": "2025-09-19T18:40:29.000", "date_closed": null, "address": "1526 27TH AV", "zipcode": "94601", "councildistrict": "CCD5", "source": "Phone", "tract_id": "406201", "tract_geoid": "06001406201"}}, {"type": "Feature", "geometry": {"type": "Point", "coordinates": [-122.2035822743418, 37.78133203186604]}, "properties": {"case_id": "1560062", "category": "ENVIRON_ENF", "complaint_type": "Illegal Dumping (Enforcement Potential)", "status": "CLOSED", "date_opened": "2025-09-20T10:30:18.000", "date_closed": "2026-03-03T15:20:07.000", "address": "2550 COURTLAND AVE", "zipcode": "94601", "councildistrict": "CCD5", "source": "SeeClickFix", "tract_id": "407600", "tract_geoid": "06001407600"}}, {"type": "Feature", "geometry": {"type": "Point", "coordinates": [-122.1953242415968, 37.78610895857778]}, "properties": {"case_id": "1560070", "category": "ENVIRON_ENF", "complaint_type": "Illegal Dumping (Enforcement Potential)", "status": "CLOSED", "date_opened": "2025-09-20T10:41:45.000", "date_closed": "2026-03-03T15:19:00.000", "address": "3345 COURTLAND AVE", "zipcode": "94619", "councildistrict": "CCD6", "source": "SeeClickFix", "tract_id": "407800", "tract_geoid": "06001407800"}}, {"type": "Feature", "geometry": {"type": "Point", "coordinates": [-122.26889284977835, 37.81733837561058]}, "properties": {"case_id": "1560151", "category": "ENVIRON_ENF", "complaint_type": "Illegal Dumping (Enforcement Potential)", "status": "GONE ON ARRIVAL", "date_opened": "2025-09-20T17:15:32.000", "date_closed": null, "address": "537 28TH ST", "zipcode": "94609", "councildistrict": "CCD3", "source": "SeeClickFix", "tract_id": "401300", "tract_geoid": "06001401300"}}, {"type": "Feature", "geometry": {"type": "Point", "coordinates": [-122.26630004237343, 37.833499972560475]}, "properties": {"case_id": "1560291", "category": "ENVIRON_ENF", "complaint_type": "Illegal Dumping (Enforcement Potential)", "status": "WOCREATE", "date_opened": "2025-09-21T15:35:34.000", "date_closed": null, "address": "45TH ST & MARTIN LUTHER KING JR WY", "zipcode": "94609", "councildistrict": "CCD1", "source": "SeeClickFix", "tract_id": "401100", "tract_geoid": "06001401100"}}, {"type": "Feature", "geometry": {"type": "Point", "coordinates": [-122.21864181142993, 37.80103830700324]}, "properties": {"case_id": "1560293", "category": "ENVIRON_ENF", "complaint_type": "Illegal Dumping (Enforcement Potential)", "status": "WOCREATE", "date_opened": "2025-09-21T15:36:20.000", "date_closed": null, "address": "2006 MACARTHUR BLVD", "zipcode": "94602", "councildistrict": "CCD4", "source": "SeeClickFix", "tract_id": "404900", "tract_geoid": "06001404900"}}, {"type": "Feature", "geometry": {"type": "Point", "coordinates": [-122.28649291232185, 37.82035535555364]}, "properties": {"case_id": "1560549", "category": "ENVIRON_ENF", "complaint_type": "Illegal Dumping (Enforcement Potential)", "status": "WOCREATE", "date_opened": "2025-09-22T13:30:42.000", "date_closed": null, "address": "2730 PERALTA ST", "zipcode": "94607", "councildistrict": "CCD3", "source": "SeeClickFix", "tract_id": "401600", "tract_geoid": "06001401600"}}, {"type": "Feature", "geometry": {"type": "Point", "coordinates": [-122.1840935937447, 37.73592489105734]}, "properties": {"case_id": "1560627", "category": "ENVIRON_ENF", "complaint_type": "Illegal Dumping (Enforcement Potential)", "status": "WOCREATE", "date_opened": "2025-09-22T15:56:46.000", "date_closed": null, "address": "555 98TH AV", "zipcode": "94603", "councildistrict": "CCD7", "source": "SeeClickFix", "tract_id": "409000", "tract_geoid": "06001409000"}}, {"type": "Feature", "geometry": {"type": "Point", "coordinates": [-122.2452630255524, 37.79258398295846]}, "properties": {"case_id": "1561610", "category": "ENVIRON_ENF", "complaint_type": "Illegal Dumping (Enforcement Potential)", "status": "CLOSED", "date_opened": "2025-09-25T09:18:48.000", "date_closed": "2026-05-05T07:43:53.000", "address": "E 17TH ST & 12TH AV", "zipcode": "94606", "councildistrict": "CCD2", "source": "Phone", "tract_id": "405402", "tract_geoid": "06001405402"}}, {"type": "Feature", "geometry": {"type": "Point", "coordinates": [-122.22416609110192, 37.77224895650686]}, "properties": {"case_id": "1561845", "category": "ENVIRON_ENF", "complaint_type": "Illegal Dumping (Enforcement Potential)", "status": "GONE ON ARRIVAL", "date_opened": "2025-09-25T16:45:50.000", "date_closed": null, "address": "834 36TH AVE", "zipcode": "94601", "councildistrict": "CCD5", "source": "SeeClickFix", "tract_id": "406100", "tract_geoid": "06001406100"}}, {"type": "Feature", "geometry": {"type": "Point", "coordinates": [-122.24318342566939, 37.786473796762905]}, "properties": {"case_id": "1562135", "category": "ENVIRON_ENF", "complaint_type": "Illegal Dumping (Enforcement Potential)", "status": "GONE ON ARRIVAL", "date_opened": "2025-09-26T15:20:55.000", "date_closed": null, "address": "1750 E 12TH ST", "zipcode": "94606", "councildistrict": "CCD2", "source": "SeeClickFix", "tract_id": "406000", "tract_geoid": "06001406000"}}, {"type": "Feature", "geometry": {"type": "Point", "coordinates": [-122.18011962659025, 37.772421007458576]}, "properties": {"case_id": "1562240", "category": "ENVIRON_ENF", "complaint_type": "Illegal Dumping (Enforcement Potential)", "status": "WOCREATE", "date_opened": "2025-09-27T09:14:33.000", "date_closed": null, "address": "3221 64TH AV", "zipcode": "94605", "councildistrict": "CCD6", "source": "SeeClickFix", "tract_id": "408600", "tract_geoid": "06001408600"}}, {"type": "Feature", "geometry": {"type": "Point", "coordinates": [-122.26723994965533, 37.82020605289584]}, "properties": {"case_id": "1562253", "category": "ENVIRON_ENF", "complaint_type": "Illegal Dumping (Enforcement Potential)", "status": "CLOSED", "date_opened": "2025-09-27T10:14:57.000", "date_closed": "2025-09-30T03:08:09.000", "address": "508 31ST ST", "zipcode": "94609", "councildistrict": "CCD3", "source": "SeeClickFix", "tract_id": "401300", "tract_geoid": "06001401300"}}, {"type": "Feature", "geometry": {"type": "Point", "coordinates": [-122.17886081738244, 37.74038060489445]}, "properties": {"case_id": "1562427", "category": "ENVIRON_ENF", "complaint_type": "Illegal Dumping (Enforcement Potential)", "status": "WOCREATE", "date_opened": "2025-09-28T12:11:04.000", "date_closed": null, "address": "BLAKE DR & 98TH AV", "zipcode": "94603", "councildistrict": "CCD7", "source": "SeeClickFix", "tract_id": "409400", "tract_geoid": "06001409400"}}, {"type": "Feature", "geometry": {"type": "Point", "coordinates": [-122.20947279715517, 37.7645040478638]}, "properties": {"case_id": "1562601", "category": "ENVIRON_ENF", "complaint_type": "Illegal Dumping (Enforcement Potential)", "status": "WOCREATE", "date_opened": "2025-09-29T09:16:06.000", "date_closed": null, "address": "902 54TH AV", "zipcode": "94601", "councildistrict": "CCD5", "source": "Phone", "tract_id": "407300", "tract_geoid": "06001407300"}}, {"type": "Feature", "geometry": {"type": "Point", "coordinates": [-122.16240251356521, 37.74999143382833]}, "properties": {"case_id": "1562799", "category": "ENVIRON_ENF", "complaint_type": "Illegal Dumping (Enforcement Potential)", "status": "GONE ON ARRIVAL", "date_opened": "2025-09-29T13:06:04.000", "date_closed": null, "address": "2236 96TH AV", "zipcode": "94603", "councildistrict": "CCD7", "source": "Phone", "tract_id": "410200", "tract_geoid": "06001410200"}}, {"type": "Feature", "geometry": {"type": "Point", "coordinates": [-122.26723994965533, 37.82020605289584]}, "properties": {"case_id": "1563037", "category": "ENVIRON_ENF", "complaint_type": "Illegal Dumping (Enforcement Potential)", "status": "WOCREATE", "date_opened": "2025-09-30T08:16:02.000", "date_closed": null, "address": "516 31ST ST", "zipcode": "94609", "councildistrict": "CCD3", "source": "SeeClickFix", "tract_id": "401300", "tract_geoid": "06001401300"}}, {"type": "Feature", "geometry": {"type": "Point", "coordinates": [-122.1684074817458, 37.74152700863729]}, "properties": {"case_id": "1563129", "category": "ENVIRON_ENF", "complaint_type": "Illegal Dumping (Enforcement Potential)", "status": "GONE ON ARRIVAL", "date_opened": "2025-09-30T10:12:40.000", "date_closed": null, "address": "102ND AV & INTERNATIONAL BLVD", "zipcode": "94603", "councildistrict": "CCD7", "source": "Phone", "tract_id": "409300", "tract_geoid": "06001409300"}}, {"type": "Feature", "geometry": {"type": "Point", "coordinates": [-122.21505223338562, 37.77608382965275]}, "properties": {"case_id": "1563289", "category": "ENVIRON_ENF", "complaint_type": "Illegal Dumping (Enforcement Potential)", "status": "GONE ON ARRIVAL", "date_opened": "2025-09-30T14:53:07.000", "date_closed": null, "address": "4064 E 18TH ST", "zipcode": "94601", "councildistrict": "CCD5", "source": "SeeClickFix", "tract_id": "407200", "tract_geoid": "06001407200"}}, {"type": "Feature", "geometry": {"type": "Point", "coordinates": [-122.26810781205144, 37.79726946555426]}, "properties": {"case_id": "1563546", "category": "ENVIRON_ENF", "complaint_type": "Illegal Dumping (Enforcement Potential)", "status": "GONE ON ARRIVAL", "date_opened": "2025-10-01T09:59:35.000", "date_closed": null, "address": "702 JACKSON ST", "zipcode": "94607", "councildistrict": "CCD2", "source": "SeeClickFix", "tract_id": "403301", "tract_geoid": "06001403301"}}, {"type": "Feature", "geometry": {"type": "Point", "coordinates": [-122.19205913503315, 37.76744031484527]}, "properties": {"case_id": "1563744", "category": "ENVIRON_ENF", "complaint_type": "Illegal Dumping (Enforcement Potential)", "status": "WOCREATE", "date_opened": "2025-10-01T14:56:33.000", "date_closed": null, "address": "6205 HAYES ST", "zipcode": "94605", "councildistrict": "CCD6", "source": "Phone", "tract_id": "408700", "tract_geoid": "06001408700"}}, {"type": "Feature", "geometry": {"type": "Point", "coordinates": [-122.23439053600414, 37.789518091409214]}, "properties": {"case_id": "1564001", "category": "ENVIRON_ENF", "complaint_type": "Illegal Dumping (Enforcement Potential)", "status": "WOCREATE", "date_opened": "2025-10-02T10:19:35.000", "date_closed": null, "address": "2111 SAN ANTONIO WAY", "zipcode": "94606", "councildistrict": "CCD2", "source": "SeeClickFix", "tract_id": "405901", "tract_geoid": "06001405901"}}, {"type": "Feature", "geometry": {"type": "Point", "coordinates": [-122.19500111758906, 37.768209443000565]}, "properties": {"case_id": "1564610", "category": "ENVIRON_ENF", "complaint_type": "Illegal Dumping (Enforcement Potential)", "status": "CLOSED", "date_opened": "2025-10-03T17:04:05.000", "date_closed": "2026-04-24T15:16:40.000", "address": "5902 HARMON AV", "zipcode": "94621", "councildistrict": "CCD6", "source": "Email", "tract_id": "408700", "tract_geoid": "06001408700"}}, {"type": "Feature", "geometry": {"type": "Point", "coordinates": [-122.29706204079864, 37.81152469110398]}, "properties": {"case_id": "1564782", "category": "ENVIRON_ENF", "complaint_type": "Illegal Dumping (Enforcement Potential)", "status": "GONE ON ARRIVAL", "date_opened": "2025-10-04T13:10:52.000", "date_closed": null, "address": "1228 WILLOW ST", "zipcode": "94607", "councildistrict": "CCD3", "source": "SeeClickFix", "tract_id": "401800", "tract_geoid": "06001401800"}}, {"type": "Feature", "geometry": {"type": "Point", "coordinates": [-122.18192730643675, 37.72709521998458]}, "properties": {"case_id": "1564890", "category": "ENVIRON_ENF", "complaint_type": "Illegal Dumping (Enforcement Potential)", "status": "GONE ON ARRIVAL", "date_opened": "2025-10-05T11:03:12.000", "date_closed": null, "address": "335 105TH AVE", "zipcode": "94603", "councildistrict": "CCD7", "source": "SeeClickFix", "tract_id": "409200", "tract_geoid": "06001409200"}}, {"type": "Feature", "geometry": {"type": "Point", "coordinates": [-122.27041477553291, 37.81904930187061]}, "properties": {"case_id": "1564979", "category": "ENVIRON_ENF", "complaint_type": "Illegal Dumping (Enforcement Potential)", "status": "WOCREATE", "date_opened": "2025-10-05T20:41:02.000", "date_closed": null, "address": "2904 MARTIN LUTHER KING JR WAY", "zipcode": "94609", "councildistrict": "CCD3", "source": "SeeClickFix", "tract_id": "401400", "tract_geoid": "06001401400"}}, {"type": "Feature", "geometry": {"type": "Point", "coordinates": [-122.17790824385503, 37.75425588376493]}, "properties": {"case_id": "1565188", "category": "ENVIRON_ENF", "complaint_type": "Illegal Dumping (Enforcement Potential)", "status": "WOCREATE", "date_opened": "2025-10-06T11:08:37.000", "date_closed": null, "address": "8417 INTERNATIONAL BLVD", "zipcode": "94621", "councildistrict": "CCD7", "source": "Phone", "tract_id": "409500", "tract_geoid": "06001409500"}}, {"type": "Feature", "geometry": {"type": "Point", "coordinates": [-122.23109704267752, 37.86590700918026]}, "properties": {"case_id": "1565271", "category": "ENVIRON_ENF", "complaint_type": "Illegal Dumping (Enforcement Potential)", "status": "CLOSED", "date_opened": "2025-10-06T13:11:52.000", "date_closed": "2025-11-03T10:56:55.000", "address": "CLAREMONT AV & ALVARADO RD", "zipcode": "94705", "councildistrict": "CCD4", "source": "SeeClickFix", "tract_id": "400100", "tract_geoid": "06001400100"}}, {"type": "Feature", "geometry": {"type": "Point", "coordinates": [-122.2473573578061, 37.81078724068282]}, "properties": {"case_id": "1565455", "category": "ENVIRON_ENF", "complaint_type": "Illegal Dumping (Enforcement Potential)", "status": "WOCREATE", "date_opened": "2025-10-07T08:43:28.000", "date_closed": null, "address": "476 LAKE PARK AV", "zipcode": "94610", "councildistrict": "CCD2", "source": "Email", "tract_id": "403800", "tract_geoid": "06001403800"}}, {"type": "Feature", "geometry": {"type": "Point", "coordinates": [-122.28691053909749, 37.819656028949616]}, "properties": {"case_id": "1565691", "category": "ENVIRON_ENF", "complaint_type": "Illegal Dumping (Enforcement Potential)", "status": "WOCREATE", "date_opened": "2025-10-07T16:01:48.000", "date_closed": null, "address": "KIRKHAM ST & 26TH ST", "zipcode": "94607", "councildistrict": "CCD3", "source": "SeeClickFix", "tract_id": "401600", "tract_geoid": "06001401600"}}, {"type": "Feature", "geometry": {"type": "Point", "coordinates": [-122.1720974914389, 37.76913002867966]}, "properties": {"case_id": "1565844", "category": "ENVIRON_ENF", "complaint_type": "Illegal Dumping (Enforcement Potential)", "status": "GONE ON ARRIVAL", "date_opened": "2025-10-08T09:05:07.000", "date_closed": null, "address": "73RD AV & FOOTHILL BLVD", "zipcode": "94605", "councildistrict": "CCD6", "source": "SeeClickFix", "tract_id": "408300", "tract_geoid": "06001408300"}}, {"type": "Feature", "geometry": {"type": "Point", "coordinates": [-122.14908525897087, 37.74154952735814]}, "properties": {"case_id": "1565930", "category": "ENVIRON_ENF", "complaint_type": "Illegal Dumping (Enforcement Potential)", "status": "WOCREATE", "date_opened": "2025-10-08T11:34:41.000", "date_closed": null, "address": "2637 109TH AV", "zipcode": "94605", "councildistrict": "CCD7", "source": "Phone", "tract_id": "410100", "tract_geoid": "06001410100"}}, {"type": "Feature", "geometry": {"type": "Point", "coordinates": [-122.21258510028898, 37.76935243318938]}, "properties": {"case_id": "1565961", "category": "ENVIRON_ENF", "complaint_type": "Illegal Dumping (Enforcement Potential)", "status": "GONE ON ARRIVAL", "date_opened": "2025-10-08T12:22:03.000", "date_closed": null, "address": "4700 E 12TH ST", "zipcode": "94601", "councildistrict": "CCD5", "source": "SeeClickFix", "tract_id": "407300", "tract_geoid": "06001407300"}}, {"type": "Feature", "geometry": {"type": "Point", "coordinates": [-122.28832790095298, 37.81833080282735]}, "properties": {"case_id": "1566052", "category": "ENVIRON_ENF", "complaint_type": "Illegal Dumping (Enforcement Potential)", "status": "GONE ON ARRIVAL", "date_opened": "2025-10-08T16:32:26.000", "date_closed": null, "address": "2400 PERALTA ST", "zipcode": "94607", "councildistrict": "CCD3", "source": "Email", "tract_id": "401600", "tract_geoid": "06001401600"}}, {"type": "Feature", "geometry": {"type": "Point", "coordinates": [-122.24408811899214, 37.808498052842886]}, "properties": {"case_id": "1566107", "category": "ENVIRON_ENF", "complaint_type": "Illegal Dumping (Enforcement Potential)", "status": "GONE ON ARRIVAL", "date_opened": "2025-10-08T19:24:41.000", "date_closed": null, "address": "687 MACARTHUR BLVD", "zipcode": "94610", "councildistrict": "CCD2", "source": "SeeClickFix", "tract_id": "405200", "tract_geoid": "06001405200"}}, {"type": "Feature", "geometry": {"type": "Point", "coordinates": [-122.27162848931346, 37.803644995433515]}, "properties": {"case_id": "1566125", "category": "ENVIRON_ENF", "complaint_type": "Illegal Dumping (Enforcement Potential)", "status": "WOCREATE", "date_opened": "2025-10-09T00:04:54.000", "date_closed": null, "address": "8429 INTERNATIONAL BLVD", "zipcode": "94612", "councildistrict": "CCD2", "source": "SeeClickFix", "tract_id": "403000", "tract_geoid": "06001403000"}}, {"type": "Feature", "geometry": {"type": "Point", "coordinates": [-122.26807277775536, 37.79733895832527]}, "properties": {"case_id": "1566282", "category": "ENVIRON_ENF", "complaint_type": "Illegal Dumping (Enforcement Potential)", "status": "GONE ON ARRIVAL", "date_opened": "2025-10-09T11:45:18.000", "date_closed": null, "address": "722 JACKSON ST", "zipcode": "94607", "councildistrict": "CCD2", "source": "SeeClickFix", "tract_id": "403301", "tract_geoid": "06001403301"}}, {"type": "Feature", "geometry": {"type": "Point", "coordinates": [-122.26802902980101, 37.797394609281675]}, "properties": {"case_id": "1566303", "category": "ENVIRON_ENF", "complaint_type": "Illegal Dumping (Enforcement Potential)", "status": "GONE ON ARRIVAL", "date_opened": "2025-10-09T12:19:48.000", "date_closed": null, "address": "710 JACKSON ST", "zipcode": "94607", "councildistrict": "CCD2", "source": "SeeClickFix", "tract_id": "403301", "tract_geoid": "06001403301"}}, {"type": "Feature", "geometry": {"type": "Point", "coordinates": [-122.19864315724597, 37.79611363289358]}, "properties": {"case_id": "1566797", "category": "ENVIRON_ENF", "complaint_type": "Illegal Dumping (Enforcement Potential)", "status": "GONE ON ARRIVAL", "date_opened": "2025-10-11T11:15:34.000", "date_closed": null, "address": "3803 MIDVALE AVE", "zipcode": "94602", "councildistrict": "CCD4", "source": "SeeClickFix", "tract_id": "406800", "tract_geoid": "06001406800"}}, {"type": "Feature", "geometry": {"type": "Point", "coordinates": [-122.1624644074883, 37.75411553869098]}, "properties": {"case_id": "1566855", "category": "ENVIRON_ENF", "complaint_type": "Illegal Dumping (Enforcement Potential)", "status": "WOCREATE", "date_opened": "2025-10-11T15:50:48.000", "date_closed": null, "address": "9046 HILLSIDE ST", "zipcode": "94603", "councildistrict": "CCD7", "source": "SeeClickFix", "tract_id": "409700", "tract_geoid": "06001409700"}}, {"type": "Feature", "geometry": {"type": "Point", "coordinates": [-122.25735758321336, 37.811283251598056]}, "properties": {"case_id": "1567009", "category": "ENVIRON_ENF", "complaint_type": "Illegal Dumping (Enforcement Potential)", "status": "WOCREATE", "date_opened": "2025-10-12T16:43:01.000", "date_closed": null, "address": "270 VAN BUREN AVE", "zipcode": "94612", "councildistrict": null, "source": "SeeClickFix", "tract_id": "403701", "tract_geoid": "06001403701"}}, {"type": "Feature", "geometry": {"type": "Point", "coordinates": [-122.1861323202823, 37.809293510192944]}, "properties": {"case_id": "1567175", "category": "ENVIRON_ENF", "complaint_type": "Illegal Dumping (Enforcement Potential)", "status": "WOCREATE", "date_opened": "2025-10-13T10:01:06.000", "date_closed": null, "address": "JOAQUIN MILLER PARK", "zipcode": "94602", "councildistrict": "CCD4", "source": "SeeClickFix", "tract_id": "408000", "tract_geoid": "06001408000"}}, {"type": "Feature", "geometry": {"type": "Point", "coordinates": [-122.29576828712626, 37.806836422104155]}, "properties": {"case_id": "1567336", "category": "ENVIRON_ENF", "complaint_type": "Illegal Dumping (Enforcement Potential)", "status": "CLOSED", "date_opened": "2025-10-13T15:00:28.000", "date_closed": "2025-12-23T15:11:02.000", "address": "1502 8TH ST", "zipcode": "94607", "councildistrict": "CCD3", "source": "SeeClickFix", "tract_id": "402200", "tract_geoid": "06001402200"}}, {"type": "Feature", "geometry": {"type": "Point", "coordinates": [-122.24181169823034, 37.78556464420314]}, "properties": {"case_id": "1567345", "category": "ENVIRON_ENF", "complaint_type": "Illegal Dumping (Enforcement Potential)", "status": "GONE ON ARRIVAL", "date_opened": "2025-10-13T15:18:17.000", "date_closed": null, "address": "1901 E 12TH ST", "zipcode": "94606", "councildistrict": "CCD2", "source": "Email", "tract_id": "406000", "tract_geoid": "06001406000"}}, {"type": "Feature", "geometry": {"type": "Point", "coordinates": [-122.24825297814449, 37.8017809652799]}, "properties": {"case_id": "1567639", "category": "ENVIRON_ENF", "complaint_type": "Illegal Dumping (Enforcement Potential)", "status": "GONE ON ARRIVAL", "date_opened": "2025-10-14T11:20:14.000", "date_closed": null, "address": "321 ATHOL AVE", "zipcode": "94606", "councildistrict": "CCD2", "source": "SeeClickFix", "tract_id": "405200", "tract_geoid": "06001405200"}}, {"type": "Feature", "geometry": {"type": "Point", "coordinates": [-122.20488384335714, 37.802198960140714]}, "properties": {"case_id": "1567926", "category": "ENVIRON_ENF", "complaint_type": "Illegal Dumping (Enforcement Potential)", "status": "WOCREATE", "date_opened": "2025-10-15T08:42:43.000", "date_closed": null, "address": "2844 CARMEL ST", "zipcode": "94602", "councildistrict": "CCD4", "source": "Email", "tract_id": "406700", "tract_geoid": "06001406700"}}, {"type": "Feature", "geometry": {"type": "Point", "coordinates": [-122.26698015687514, 37.820064200898855]}, "properties": {"case_id": "1567945", "category": "ENVIRON_ENF", "complaint_type": "Illegal Dumping (Enforcement Potential)", "status": "CLOSED", "date_opened": "2025-10-15T09:09:26.000", "date_closed": "2026-03-26T14:55:44.000", "address": "508 31ST ST", "zipcode": "94609", "councildistrict": "CCD3", "source": "SeeClickFix", "tract_id": "401300", "tract_geoid": "06001401300"}}, {"type": "Feature", "geometry": {"type": "Point", "coordinates": [-122.28305317326695, 37.8109008643102]}, "properties": {"case_id": "1568376", "category": "ENVIRON_ENF", "complaint_type": "Illegal Dumping (Enforcement Potential)", "status": "WOCREATE", "date_opened": "2025-10-16T11:21:35.000", "date_closed": null, "address": "1030 16TH ST", "zipcode": "94607", "councildistrict": "CCD3", "source": "SeeClickFix", "tract_id": "402400", "tract_geoid": "06001402400"}}, {"type": "Feature", "geometry": {"type": "Point", "coordinates": [-122.28060005388873, 37.82540003253826]}, "properties": {"case_id": "1568377", "category": "ENVIRON_ENF", "complaint_type": "Illegal Dumping (Enforcement Potential)", "status": "CLOSED", "date_opened": "2025-10-16T11:21:52.000", "date_closed": "2026-04-21T12:49:31.000", "address": "1163 34TH ST", "zipcode": "94608", "councildistrict": "CCD3", "source": "SeeClickFix", "tract_id": "401500", "tract_geoid": "06001401500"}}, {"type": "Feature", "geometry": {"type": "Point", "coordinates": [-122.17790824385503, 37.75425588376493]}, "properties": {"case_id": "1568422", "category": "ENVIRON_ENF", "complaint_type": "Illegal Dumping (Enforcement Potential)", "status": "WOCREATE", "date_opened": "2025-10-16T11:57:43.000", "date_closed": null, "address": "8417 INTERNATIONAL BLVD", "zipcode": "94621", "councildistrict": "CCD7", "source": "Email", "tract_id": "409500", "tract_geoid": "06001409500"}}, {"type": "Feature", "geometry": {"type": "Point", "coordinates": [-122.2154235070926, 37.79831703197429]}, "properties": {"case_id": "1568501", "category": "ENVIRON_ENF", "complaint_type": "Illegal Dumping (Enforcement Potential)", "status": "GONE ON ARRIVAL", "date_opened": "2025-10-16T14:32:19.000", "date_closed": null, "address": "CHAMPION ST & MONTANA ST", "zipcode": "94602", "councildistrict": "CCD4", "source": "Email", "tract_id": "406602", "tract_geoid": "06001406602"}}, {"type": "Feature", "geometry": {"type": "Point", "coordinates": [-122.2930811566165, 37.81036744918787]}, "properties": {"case_id": "1568999", "category": "ENVIRON_ENF", "complaint_type": "Illegal Dumping (Enforcement Potential)", "status": "WOCREATE", "date_opened": "2025-10-18T17:57:28.000", "date_closed": null, "address": "13TH ST & CENTER ST", "zipcode": "94607", "councildistrict": "CCD3", "source": "SeeClickFix", "tract_id": "402200", "tract_geoid": "06001402200"}}, {"type": "Feature", "geometry": {"type": "Point", "coordinates": [-122.25231273440858, 37.81291164002574]}, "properties": {"case_id": "1569193", "category": "ENVIRON_ENF", "complaint_type": "Illegal Dumping (Enforcement Potential)", "status": "WOCREATE", "date_opened": "2025-10-20T08:25:43.000", "date_closed": null, "address": "353 EUCLID AV", "zipcode": "94610", "councildistrict": "CCD1", "source": "Email", "tract_id": "403600", "tract_geoid": "06001403600"}}, {"type": "Feature", "geometry": {"type": "Point", "coordinates": [-122.19709580916886, 37.769231999668165]}, "properties": {"case_id": "1569269", "category": "ENVIRON_ENF", "complaint_type": "Illegal Dumping (Enforcement Potential)", "status": "GONE ON ARRIVAL", "date_opened": "2025-10-20T10:25:28.000", "date_closed": null, "address": "2006 57TH AV", "zipcode": "94621", "councildistrict": "CCD6", "source": "Phone", "tract_id": "407500", "tract_geoid": "06001407500"}}, {"type": "Feature", "geometry": {"type": "Point", "coordinates": [-122.22429562816592, 37.77119725707092]}, "properties": {"case_id": "1569507", "category": "ENVIRON_ENF", "complaint_type": "Illegal Dumping (Enforcement Potential)", "status": "CANCEL", "date_opened": "2025-10-20T16:40:22.000", "date_closed": null, "address": "737 37TH AV", "zipcode": "94601", "councildistrict": "CCD5", "source": "SeeClickFix", "tract_id": "406100", "tract_geoid": "06001406100"}}, {"type": "Feature", "geometry": {"type": "Point", "coordinates": [-122.21483304445627, 37.769941532068266]}, "properties": {"case_id": "1570008", "category": "ENVIRON_ENF", "complaint_type": "Illegal Dumping (Enforcement Potential)", "status": "CLOSED", "date_opened": "2025-10-22T10:59:30.000", "date_closed": "2026-04-21T14:04:05.000", "address": "1038 45TH AVE", "zipcode": "94601", "councildistrict": "CCD5", "source": "SeeClickFix", "tract_id": "407300", "tract_geoid": "06001407300"}}, {"type": "Feature", "geometry": {"type": "Point", "coordinates": [-122.16931280388927, 37.748759925186484]}, "properties": {"case_id": "1570166", "category": "ENVIRON_ENF", "complaint_type": "Illegal Dumping (Enforcement Potential)", "status": "WOCREATE", "date_opened": "2025-10-22T16:22:58.000", "date_closed": null, "address": "94TH AVE & PLYMOUTH ST", "zipcode": "94603", "councildistrict": "CCD7", "source": "SeeClickFix", "tract_id": "409600", "tract_geoid": "06001409600"}}, {"type": "Feature", "geometry": {"type": "Point", "coordinates": [-122.24084115839725, 37.78626926326]}, "properties": {"case_id": "1570281", "category": "ENVIRON_ENF", "complaint_type": "Illegal Dumping (Enforcement Potential)", "status": "WOCREATE", "date_opened": "2025-10-23T09:39:34.000", "date_closed": null, "address": "1921 INTERNATIONAL BLVD", "zipcode": "94606", "councildistrict": "CCD2", "source": "Email", "tract_id": "406000", "tract_geoid": "06001406000"}}, {"type": "Feature", "geometry": {"type": "Point", "coordinates": [-122.24335653102466, 37.78909391954122]}, "properties": {"case_id": "1570305", "category": "ENVIRON_ENF", "complaint_type": "Illegal Dumping (Enforcement Potential)", "status": "EVALUATED - NO FURTHER ACTION", "date_opened": "2025-10-23T10:09:32.000", "date_closed": null, "address": "1605 E 15TH ST", "zipcode": "94606", "councildistrict": "CCD2", "source": "SeeClickFix", "tract_id": "405902", "tract_geoid": "06001405902"}}, {"type": "Feature", "geometry": {"type": "Point", "coordinates": [-122.19260405308458, 37.76722202329935]}, "properties": {"case_id": "1570469", "category": "ENVIRON_ENF", "complaint_type": "Illegal Dumping (Enforcement Potential)", "status": "CLOSED", "date_opened": "2025-10-23T15:17:54.000", "date_closed": "2026-05-05T08:18:21.000", "address": "2212 62ND AV", "zipcode": "94621", "councildistrict": "CCD6", "source": "Phone", "tract_id": "408700", "tract_geoid": "06001408700"}}, {"type": "Feature", "geometry": {"type": "Point", "coordinates": [-122.18384260445428, 37.77246510299503]}, "properties": {"case_id": "1570519", "category": "ENVIRON_ENF", "complaint_type": "Illegal Dumping (Enforcement Potential)", "status": "GONE ON ARRIVAL", "date_opened": "2025-10-23T17:47:03.000", "date_closed": null, "address": "BRANN ST & 62ND AVE", "zipcode": "94605", "councildistrict": "CCD6", "source": "SeeClickFix", "tract_id": "408700", "tract_geoid": "06001408700"}}, {"type": "Feature", "geometry": {"type": "Point", "coordinates": [-122.24413932296335, 37.790025461657166]}, "properties": {"case_id": "1571066", "category": "ENVIRON_ENF", "complaint_type": "Illegal Dumping (Enforcement Potential)", "status": "CLOSED", "date_opened": "2025-10-26T13:48:51.000", "date_closed": "2025-12-09T13:42:28.000", "address": "1508 E 15TH ST", "zipcode": "94606", "councildistrict": "CCD2", "source": "SeeClickFix", "tract_id": "405902", "tract_geoid": "06001405902"}}, {"type": "Feature", "geometry": {"type": "Point", "coordinates": [-122.25745262497044, 37.813446172254366]}, "properties": {"case_id": "1571312", "category": "ENVIRON_ENF", "complaint_type": "Illegal Dumping (Enforcement Potential)", "status": "WOCREATE", "date_opened": "2025-10-27T12:08:10.000", "date_closed": null, "address": "266 ADAMS ST", "zipcode": "94610", "councildistrict": "CCD1", "source": "Email", "tract_id": "403600", "tract_geoid": "06001403600"}}, {"type": "Feature", "geometry": {"type": "Point", "coordinates": [-122.19315202540797, 37.75354982318097]}, "properties": {"case_id": "1571362", "category": "ENVIRON_ENF", "complaint_type": "Illegal Dumping (Enforcement Potential)", "status": "WOCREATE", "date_opened": "2025-10-27T13:33:27.000", "date_closed": null, "address": "75TH AVE & HAWLEY ST", "zipcode": "94621", "councildistrict": "CCD7", "source": "SeeClickFix", "tract_id": "408900", "tract_geoid": "06001408900"}}, {"type": "Feature", "geometry": {"type": "Point", "coordinates": [-122.17766399192925, 37.7407890017201]}, "properties": {"case_id": "1571424", "category": "ENVIRON_ENF", "complaint_type": "Illegal Dumping (Enforcement Potential)", "status": "GONE ON ARRIVAL", "date_opened": "2025-10-27T16:25:56.000", "date_closed": null, "address": "98TH AV & ARMSTRONG DR", "zipcode": "94603", "councildistrict": "CCD7", "source": "Phone", "tract_id": "409300", "tract_geoid": "06001409300"}}, {"type": "Feature", "geometry": {"type": "Point", "coordinates": [-122.16740747717138, 37.74099863365633]}, "properties": {"case_id": "1571566", "category": "ENVIRON_ENF", "complaint_type": "Illegal Dumping (Enforcement Potential)", "status": "GONE ON ARRIVAL", "date_opened": "2025-10-28T10:05:36.000", "date_closed": null, "address": "1456 103RD AV", "zipcode": "94603", "councildistrict": "CCD7", "source": "Phone", "tract_id": "410400", "tract_geoid": "06001410400"}}, {"type": "Feature", "geometry": {"type": "Point", "coordinates": [-122.21977054458459, 37.78887597589394]}, "properties": {"case_id": "1571858", "category": "ENVIRON_ENF", "complaint_type": "Illegal Dumping (Enforcement Potential)", "status": "GONE ON ARRIVAL", "date_opened": "2025-10-29T09:08:30.000", "date_closed": null, "address": "PRENTISS ST & PRENTISS PL", "zipcode": "94601", "councildistrict": "CCD5", "source": "Phone", "tract_id": "406500", "tract_geoid": "06001406500"}}, {"type": "Feature", "geometry": {"type": "Point", "coordinates": [-122.14725754669355, 37.743209997755024]}, "properties": {"case_id": "1572101", "category": "ENVIRON_ENF", "complaint_type": "Illegal Dumping (Enforcement Potential)", "status": "CLOSED", "date_opened": "2025-10-29T16:44:13.000", "date_closed": "2026-03-27T14:43:55.000", "address": "108TH AV & FOOTHILL BLVD", "zipcode": "94605", "councildistrict": "CCD7", "source": "Phone", "tract_id": "410100", "tract_geoid": "06001410100"}}, {"type": "Feature", "geometry": {"type": "Point", "coordinates": [-122.19922589437085, 37.76243869185651]}, "properties": {"case_id": "1572303", "category": "ENVIRON_ENF", "complaint_type": "Illegal Dumping (Enforcement Potential)", "status": "WOCREATE", "date_opened": "2025-10-30T11:47:51.000", "date_closed": null, "address": "6217 EASTLAWN ST", "zipcode": "94621", "councildistrict": "CCD6", "source": "Phone", "tract_id": "408800", "tract_geoid": "06001408800"}}, {"type": "Feature", "geometry": {"type": "Point", "coordinates": [-122.17311932507472, 37.755690783230975]}, "properties": {"case_id": "1572319", "category": "ENVIRON_ENF", "complaint_type": "Illegal Dumping (Enforcement Potential)", "status": "WOCREATE", "date_opened": "2025-10-30T12:18:09.000", "date_closed": null, "address": "1755 85TH AV", "zipcode": "94621", "councildistrict": "CCD7", "source": "Phone", "tract_id": "409600", "tract_geoid": "06001409600"}}, {"type": "Feature", "geometry": {"type": "Point", "coordinates": [-122.21748451184924, 37.772091035677136]}, "properties": {"case_id": "1573150", "category": "ENVIRON_ENF", "complaint_type": "Illegal Dumping (Enforcement Potential)", "status": "CLOSED", "date_opened": "2025-11-03T08:38:03.000", "date_closed": "2026-02-27T14:02:18.000", "address": "E 12TH ST & 42ND AV", "zipcode": "94601", "councildistrict": "CCD5", "source": "Phone", "tract_id": "406100", "tract_geoid": "06001406100"}}, {"type": "Feature", "geometry": {"type": "Point", "coordinates": [-122.24333775623522, 37.80356266168522]}, "properties": {"case_id": "1573240", "category": "ENVIRON_ENF", "complaint_type": "Illegal Dumping (Enforcement Potential)", "status": "GONE ON ARRIVAL", "date_opened": "2025-11-03T10:38:04.000", "date_closed": null, "address": "527 MONTCLAIR AV", "zipcode": "94606", "councildistrict": "CCD2", "source": "SeeClickFix", "tract_id": "405200", "tract_geoid": "06001405200"}}, {"type": "Feature", "geometry": {"type": "Point", "coordinates": [-122.29066028675699, 37.81786471496741]}, "properties": {"case_id": "1573263", "category": "ENVIRON_ENF", "complaint_type": "Illegal Dumping (Enforcement Potential)", "status": "WOCREATE", "date_opened": "2025-11-03T11:19:58.000", "date_closed": null, "address": "2225 CAMPBELL ST", "zipcode": "94607", "councildistrict": "CCD3", "source": "SeeClickFix", "tract_id": "401700", "tract_geoid": "06001401700"}}, {"type": "Feature", "geometry": {"type": "Point", "coordinates": [-122.2773403372168, 37.8020196676781]}, "properties": {"case_id": "1573502", "category": "ENVIRON_ENF", "complaint_type": "Illegal Dumping (Enforcement Potential)", "status": "GONE ON ARRIVAL", "date_opened": "2025-11-03T16:54:45.000", "date_closed": null, "address": "815 JEFFERSON ST", "zipcode": "94607", "councildistrict": "CCD3", "source": "SeeClickFix", "tract_id": "403100", "tract_geoid": "06001403100"}}, {"type": "Feature", "geometry": {"type": "Point", "coordinates": [-122.27023358534008, 37.8229365265252]}, "properties": {"case_id": "1573635", "category": "ENVIRON_ENF", "complaint_type": "Illegal Dumping (Enforcement Potential)", "status": "GONE ON ARRIVAL", "date_opened": "2025-11-04T09:30:16.000", "date_closed": null, "address": "3301 MARTIN LUTHER KING JR WY", "zipcode": "94609", "councildistrict": "CCD3", "source": "SeeClickFix", "tract_id": "401400", "tract_geoid": "06001401400"}}, {"type": "Feature", "geometry": {"type": "Point", "coordinates": [-122.1691220017229, 37.748869382402106]}, "properties": {"case_id": "1573800", "category": "ENVIRON_ENF", "complaint_type": "Illegal Dumping (Enforcement Potential)", "status": "WOCREATE", "date_opened": "2025-11-04T14:11:08.000", "date_closed": null, "address": "1719 94TH AV", "zipcode": "94603", "councildistrict": "CCD7", "source": "Email", "tract_id": "409600", "tract_geoid": "06001409600"}}, {"type": "Feature", "geometry": {"type": "Point", "coordinates": [-122.21418383200034, 37.785692860523476]}, "properties": {"case_id": "1574059", "category": "ENVIRON_ENF", "complaint_type": "Illegal Dumping (Enforcement Potential)", "status": "GONE ON ARRIVAL", "date_opened": "2025-11-05T09:54:02.000", "date_closed": null, "address": "2286 35TH AV", "zipcode": "94601", "councildistrict": "CCD5", "source": "SeeClickFix", "tract_id": "407101", "tract_geoid": "06001407101"}}, {"type": "Feature", "geometry": {"type": "Point", "coordinates": [-122.17859554487902, 37.74007798203261]}, "properties": {"case_id": "1574291", "category": "ENVIRON_ENF", "complaint_type": "Illegal Dumping (Enforcement Potential)", "status": "WOCREATE", "date_opened": "2025-11-05T19:44:55.000", "date_closed": null, "address": "MEDFORD AV & 98TH AV", "zipcode": "94603", "councildistrict": "CCD7", "source": "SeeClickFix", "tract_id": "409300", "tract_geoid": "06001409300"}}, {"type": "Feature", "geometry": {"type": "Point", "coordinates": [-122.22670005885573, 37.78559999955622]}, "properties": {"case_id": "1574729", "category": "ENVIRON_ENF", "complaint_type": "Illegal Dumping (Enforcement Potential)", "status": "WOCREATE", "date_opened": "2025-11-07T08:06:46.000", "date_closed": null, "address": "2705 E 21ST ST", "zipcode": "94601", "councildistrict": "CCD5", "source": "SeeClickFix", "tract_id": "406201", "tract_geoid": "06001406201"}}, {"type": "Feature", "geometry": {"type": "Point", "coordinates": [-122.18082031251197, 37.817654307409974]}, "properties": {"case_id": "1574915", "category": "ENVIRON_ENF", "complaint_type": "Illegal Dumping (Enforcement Potential)", "status": "WOCREATE", "date_opened": "2025-11-07T12:47:47.000", "date_closed": null, "address": "9981 SKYLINE BLVD", "zipcode": "94611", "councildistrict": "CCD4", "source": "SeeClickFix", "tract_id": "404600", "tract_geoid": "06001404600"}}, {"type": "Feature", "geometry": {"type": "Point", "coordinates": [-122.25346464409756, 37.816430241568135]}, "properties": {"case_id": "1575179", "category": "ENVIRON_ENF", "complaint_type": "Illegal Dumping (Enforcement Potential)", "status": "GONE ON ARRIVAL", "date_opened": "2025-11-09T06:04:43.000", "date_closed": null, "address": "418 VERNON ST", "zipcode": "94610", "councildistrict": "CCD1", "source": "SeeClickFix", "tract_id": "403600", "tract_geoid": "06001403600"}}, {"type": "Feature", "geometry": {"type": "Point", "coordinates": [-122.19145205356406, 37.772685012226276]}, "properties": {"case_id": "1575491", "category": "ENVIRON_ENF", "complaint_type": "Illegal Dumping (Enforcement Potential)", "status": "WOCREATE", "date_opened": "2025-11-10T12:12:00.000", "date_closed": null, "address": "WALNUT ST & KINGSLEY CI", "zipcode": "94605", "councildistrict": "CCD6", "source": "Phone", "tract_id": "407700", "tract_geoid": "06001407700"}}, {"type": "Feature", "geometry": {"type": "Point", "coordinates": [-122.18220946726753, 37.76023550139193]}, "properties": {"case_id": "1575538", "category": "ENVIRON_ENF", "complaint_type": "Illegal Dumping (Enforcement Potential)", "status": "CLOSED", "date_opened": "2025-11-10T13:16:25.000", "date_closed": "2025-11-10T14:59:51.000", "address": "1547 76TH AV", "zipcode": "94621", "councildistrict": "CCD6", "source": "Phone", "tract_id": "408500", "tract_geoid": "06001408500"}}, {"type": "Feature", "geometry": {"type": "Point", "coordinates": [-122.26322987022647, 37.8154193376391]}, "properties": {"case_id": "1575574", "category": "ENVIRON_ENF", "complaint_type": "Illegal Dumping (Enforcement Potential)", "status": "GONE ON ARRIVAL", "date_opened": "2025-11-10T14:31:42.000", "date_closed": null, "address": "314 27TH ST", "zipcode": "94612", "councildistrict": "CCD3", "source": "SeeClickFix", "tract_id": "403501", "tract_geoid": "06001403501"}}, {"type": "Feature", "geometry": {"type": "Point", "coordinates": [-122.29707955794667, 37.81208187255884]}, "properties": {"case_id": "1575940", "category": "ENVIRON_ENF", "complaint_type": "Illegal Dumping (Enforcement Potential)", "status": "GONE ON ARRIVAL", "date_opened": "2025-11-12T08:12:49.000", "date_closed": null, "address": "1706 13TH ST", "zipcode": "94607", "councildistrict": "CCD3", "source": "SeeClickFix", "tract_id": "401800", "tract_geoid": "06001401800"}}, {"type": "Feature", "geometry": {"type": "Point", "coordinates": [-122.2973763613166, 37.81222288826592]}, "properties": {"case_id": "1575971", "category": "ENVIRON_ENF", "complaint_type": "Illegal Dumping (Enforcement Potential)", "status": "GONE ON ARRIVAL", "date_opened": "2025-11-12T09:00:52.000", "date_closed": null, "address": "1712 13TH ST", "zipcode": "94607", "councildistrict": "CCD3", "source": "Phone", "tract_id": "401800", "tract_geoid": "06001401800"}}, {"type": "Feature", "geometry": {"type": "Point", "coordinates": [-122.16257615790965, 37.75354371499239]}, "properties": {"case_id": "1576069", "category": "ENVIRON_ENF", "complaint_type": "Illegal Dumping (Enforcement Potential)", "status": "WOCREATE", "date_opened": "2025-11-12T12:17:08.000", "date_closed": null, "address": "9206 HILLSIDE ST", "zipcode": "94603", "councildistrict": "CCD7", "source": "SeeClickFix", "tract_id": "409700", "tract_geoid": "06001409700"}}, {"type": "Feature", "geometry": {"type": "Point", "coordinates": [-122.17455007182794, 37.77676610210047]}, "properties": {"case_id": "1576190", "category": "ENVIRON_ENF", "complaint_type": "Illegal Dumping - debris, appliances, etc.", "status": "WOCREATE", "date_opened": "2025-11-12T15:55:56.000", "date_closed": null, "address": "6460 MOKELUMNE AV", "zipcode": "94605", "councildistrict": "CCD6", "source": "Phone", "tract_id": "408200", "tract_geoid": "06001408200"}}, {"type": "Feature", "geometry": {"type": "Point", "coordinates": [-122.22212520860765, 37.76419619750735]}, "properties": {"case_id": "1576768", "category": "ENVIRON_ENF", "complaint_type": "Illegal Dumping (Enforcement Potential)", "status": "GONE ON ARRIVAL", "date_opened": "2025-11-14T10:48:09.000", "date_closed": null, "address": "4575 TIDEWATER AV", "zipcode": "94601", "councildistrict": "CCD6", "source": "Email", "tract_id": "407300", "tract_geoid": "06001407300"}}, {"type": "Feature", "geometry": {"type": "Point", "coordinates": [-122.26790497246026, 37.82043383867379]}, "properties": {"case_id": "1577040", "category": "ENVIRON_ENF", "complaint_type": "Illegal Dumping (Enforcement Potential)", "status": "CLOSED", "date_opened": "2025-11-15T12:48:29.000", "date_closed": "2025-11-18T14:18:00.000", "address": "528 31ST ST", "zipcode": "94609", "councildistrict": "CCD3", "source": "SeeClickFix", "tract_id": "401300", "tract_geoid": "06001401300"}}, {"type": "Feature", "geometry": {"type": "Point", "coordinates": [-122.27845505665302, 37.82128501326447]}, "properties": {"case_id": "1577090", "category": "ENVIRON_ENF", "complaint_type": "Illegal Dumping (Enforcement Potential)", "status": "GONE ON ARRIVAL", "date_opened": "2025-11-15T16:54:56.000", "date_closed": null, "address": "30TH ST & FILBERT ST", "zipcode": "94608", "councildistrict": "CCD3", "source": "SeeClickFix", "tract_id": "401500", "tract_geoid": "06001401500"}}, {"type": "Feature", "geometry": {"type": "Point", "coordinates": [-122.25666228718336, 37.82137683593095]}, "properties": {"case_id": "1577158", "category": "ENVIRON_ENF", "complaint_type": "Illegal Dumping (Enforcement Potential)", "status": "GONE ON ARRIVAL", "date_opened": "2025-11-16T09:28:43.000", "date_closed": null, "address": "3504 RICHMOND BLVD", "zipcode": "94611", "councildistrict": "CCD1", "source": "SeeClickFix", "tract_id": "403501", "tract_geoid": "06001403501"}}, {"type": "Feature", "geometry": {"type": "Point", "coordinates": [-122.17098393981254, 37.75849707722072]}, "properties": {"case_id": "1577201", "category": "ENVIRON_ENF", "complaint_type": "Illegal Dumping (Enforcement Potential)", "status": "WOCREATE", "date_opened": "2025-11-16T14:12:04.000", "date_closed": null, "address": "2026 83RD AVE", "zipcode": "94621", "councildistrict": "CCD7", "source": "SeeClickFix", "tract_id": "409700", "tract_geoid": "06001409700"}}, {"type": "Feature", "geometry": {"type": "Point", "coordinates": [-122.25422497815414, 37.81604497135577]}, "properties": {"case_id": "1577225", "category": "ENVIRON_ENF", "complaint_type": "Illegal Dumping (Enforcement Potential)", "status": "CLOSED", "date_opened": "2025-11-16T16:19:26.000", "date_closed": "2025-11-17T08:31:36.000", "address": "394 VERNON ST", "zipcode": "94610", "councildistrict": "CCD1", "source": "SeeClickFix", "tract_id": "403600", "tract_geoid": "06001403600"}}, {"type": "Feature", "geometry": {"type": "Point", "coordinates": [-122.20154516477172, 37.766125798008815]}, "properties": {"case_id": "1577458", "category": "ENVIRON_ENF", "complaint_type": "Illegal Dumping (Enforcement Potential)", "status": "WOCREATE", "date_opened": "2025-11-17T13:44:03.000", "date_closed": null, "address": "5700 INTERNATIONAL BLVD", "zipcode": "94621", "councildistrict": "CCD6", "source": "Phone", "tract_id": "407500", "tract_geoid": "06001407500"}}, {"type": "Feature", "geometry": {"type": "Point", "coordinates": [-122.17790249463721, 37.761120038085174]}, "properties": {"case_id": "1577476", "category": "ENVIRON_ENF", "complaint_type": "Illegal Dumping (Enforcement Potential)", "status": "WOCREATE", "date_opened": "2025-11-17T14:27:46.000", "date_closed": null, "address": "ARTHUR ST & 78TH AV", "zipcode": "94621", "councildistrict": "CCD6", "source": "Phone", "tract_id": "408500", "tract_geoid": "06001408500"}}, {"type": "Feature", "geometry": {"type": "Point", "coordinates": [-122.18201552099765, 37.77238798904448]}, "properties": {"case_id": "1577588", "category": "ENVIRON_ENF", "complaint_type": "Illegal Dumping \u2013 mattress/boxspring", "status": "CLOSED", "date_opened": "2025-11-18T07:29:54.000", "date_closed": "2026-05-05T08:17:32.000", "address": "64TH AV & CAMDEN ST", "zipcode": "94605", "councildistrict": "CCD6", "source": "SeeClickFix", "tract_id": "408700", "tract_geoid": "06001408700"}}, {"type": "Feature", "geometry": {"type": "Point", "coordinates": [-122.1668295011175, 37.74427147167642]}, "properties": {"case_id": "1577730", "category": "ENVIRON_ENF", "complaint_type": "Illegal Dumping (Enforcement Potential)", "status": "CLOSED", "date_opened": "2025-11-18T10:55:25.000", "date_closed": "2026-05-05T08:00:29.000", "address": "1616 99TH AV", "zipcode": "94603", "councildistrict": "CCD7", "source": "Phone", "tract_id": "410300", "tract_geoid": "06001410300"}}, {"type": "Feature", "geometry": {"type": "Point", "coordinates": [-122.16973582055662, 37.75243478631151]}, "properties": {"case_id": "1577855", "category": "ENVIRON_ENF", "complaint_type": "Illegal Dumping (Enforcement Potential)", "status": "CLOSED", "date_opened": "2025-11-18T14:16:44.000", "date_closed": "2026-05-05T08:00:47.000", "address": "8914 BIRCH ST", "zipcode": "94621", "councildistrict": "CCD7", "source": "Email", "tract_id": "409600", "tract_geoid": "06001409600"}}, {"type": "Feature", "geometry": {"type": "Point", "coordinates": [-122.25407190522971, 37.8163596313187]}, "properties": {"case_id": "1577924", "category": "ENVIRON_ENF", "complaint_type": "Illegal Dumping (Enforcement Potential)", "status": "CANCEL", "date_opened": "2025-11-18T17:37:35.000", "date_closed": null, "address": "418 VERNON ST", "zipcode": "94610", "councildistrict": "CCD1", "source": "Email", "tract_id": "403600", "tract_geoid": "06001403600"}}, {"type": "Feature", "geometry": {"type": "Point", "coordinates": [-122.16976771074921, 37.74345940251864]}, "properties": {"case_id": "1578152", "category": "ENVIRON_ENF", "complaint_type": "Illegal Dumping (Enforcement Potential)", "status": "CLOSED", "date_opened": "2025-11-19T11:24:17.000", "date_closed": "2026-05-05T07:59:40.000", "address": "9918 INTERNATIONAL BLVD", "zipcode": "94603", "councildistrict": "CCD7", "source": "Phone", "tract_id": "409300", "tract_geoid": "06001409300"}}, {"type": "Feature", "geometry": {"type": "Point", "coordinates": [-122.16269967626124, 37.75947204291135]}, "properties": {"case_id": "1578305", "category": "ENVIRON_ENF", "complaint_type": "Illegal Dumping (Enforcement Potential)", "status": "CLOSED", "date_opened": "2025-11-19T16:02:59.000", "date_closed": "2026-02-27T14:51:16.000", "address": "8624 MACARTHUR BLVD", "zipcode": "94605", "councildistrict": "CCD6", "source": "Phone", "tract_id": "409800", "tract_geoid": "06001409800"}}, {"type": "Feature", "geometry": {"type": "Point", "coordinates": [-122.15448287618779, 37.74659638947461]}, "properties": {"case_id": "1578492", "category": "ENVIRON_ENF", "complaint_type": "Illegal Dumping (Enforcement Potential)", "status": "CLOSED", "date_opened": "2025-11-20T10:54:17.000", "date_closed": "2026-05-05T07:59:25.000", "address": "2525 OLIVER AVE", "zipcode": "94605", "councildistrict": "CCD7", "source": "SeeClickFix", "tract_id": "410100", "tract_geoid": "06001410100"}}, {"type": "Feature", "geometry": {"type": "Point", "coordinates": [-122.2790330327069, 37.8237514127239]}, "properties": {"case_id": "1578911", "category": "ENVIRON_ENF", "complaint_type": "Illegal Dumping (Enforcement Potential)", "status": "WOCREATE", "date_opened": "2025-11-21T21:13:36.000", "date_closed": null, "address": "3217 LINDEN ST", "zipcode": "94608", "councildistrict": "CCD3", "source": "SeeClickFix", "tract_id": "401500", "tract_geoid": "06001401500"}}, {"type": "Feature", "geometry": {"type": "Point", "coordinates": [-122.22630704591886, 37.745116065293146]}, "properties": {"case_id": "1579130", "category": "ENVIRON_ENF", "complaint_type": "Illegal Dumping (Enforcement Potential)", "status": "WOCREATE", "date_opened": "2025-11-23T15:32:04.000", "date_closed": null, "address": "OTIS SPUNKMEYER FIELD", "zipcode": "94621", "councildistrict": "CCD7", "source": "Email", "tract_id": "409000", "tract_geoid": "06001409000"}}, {"type": "Feature", "geometry": {"type": "Point", "coordinates": [-122.24279463481436, 37.7984008621998]}, "properties": {"case_id": "1579253", "category": "ENVIRON_ENF", "complaint_type": "Illegal Dumping (Enforcement Potential)", "status": "GONE ON ARRIVAL", "date_opened": "2025-11-24T10:22:51.000", "date_closed": null, "address": "2241 9TH AV", "zipcode": "94606", "councildistrict": "CCD2", "source": "Phone", "tract_id": "405500", "tract_geoid": "06001405500"}}, {"type": "Feature", "geometry": {"type": "Point", "coordinates": [-122.18147141143, 37.72864183836364]}, "properties": {"case_id": "1579477", "category": "ENVIRON_ENF", "complaint_type": "Illegal Dumping (Enforcement Potential)", "status": "CLOSED", "date_opened": "2025-11-24T17:48:07.000", "date_closed": "2026-05-05T08:17:47.000", "address": "10463 WEST CT", "zipcode": "94603", "councildistrict": "CCD7", "source": "Phone", "tract_id": "409200", "tract_geoid": "06001409200"}}, {"type": "Feature", "geometry": {"type": "Point", "coordinates": [-122.17302769691574, 37.7660301429356]}, "properties": {"case_id": "1579585", "category": "ENVIRON_ENF", "complaint_type": "Illegal Dumping (Enforcement Potential)", "status": "WOCREATE", "date_opened": "2025-11-25T08:53:18.000", "date_closed": null, "address": "2649 76TH AVE", "zipcode": "94605", "councildistrict": "CCD6", "source": "SeeClickFix", "tract_id": "408400", "tract_geoid": "06001408400"}}, {"type": "Feature", "geometry": {"type": "Point", "coordinates": [-122.27735794419637, 37.841965219084514]}, "properties": {"case_id": "1579677", "category": "ENVIRON_ENF", "complaint_type": "Illegal Dumping (Enforcement Potential)", "status": "WOCREATE", "date_opened": "2025-11-25T11:41:54.000", "date_closed": null, "address": "965 ARLINGTON AV", "zipcode": "94608", "councildistrict": "CCD1", "source": "Phone", "tract_id": "400900", "tract_geoid": "06001400900"}}, {"type": "Feature", "geometry": {"type": "Point", "coordinates": [-122.29564342130175, 37.8102838454572]}, "properties": {"case_id": "1579794", "category": "ENVIRON_ENF", "complaint_type": "Illegal Dumping (Enforcement Potential)", "status": "WOCREATE", "date_opened": "2025-11-25T13:52:05.000", "date_closed": null, "address": "1622 12TH ST", "zipcode": "94607", "councildistrict": "CCD3", "source": "Phone", "tract_id": "401800", "tract_geoid": "06001401800"}}, {"type": "Feature", "geometry": {"type": "Point", "coordinates": [-122.18365862948407, 37.77265490522134]}, "properties": {"case_id": "1579917", "category": "ENVIRON_ENF", "complaint_type": "Illegal Dumping (Enforcement Potential)", "status": "WOCREATE", "date_opened": "2025-11-26T08:01:41.000", "date_closed": null, "address": "CONCORDIA PARK", "zipcode": "94605", "councildistrict": "CCD6", "source": "SeeClickFix", "tract_id": "408700", "tract_geoid": "06001408700"}}, {"type": "Feature", "geometry": {"type": "Point", "coordinates": [-122.18477999645339, 37.75350621354462]}, "properties": {"case_id": "1579981", "category": "ENVIRON_ENF", "complaint_type": "Illegal Dumping (Enforcement Potential)", "status": "CLOSED", "date_opened": "2025-11-26T10:29:56.000", "date_closed": "2026-05-05T08:14:33.000", "address": "1081 81ST AV", "zipcode": "94621", "councildistrict": "CCD7", "source": "Phone", "tract_id": "408900", "tract_geoid": "06001408900"}}, {"type": "Feature", "geometry": {"type": "Point", "coordinates": [-122.19565365381153, 37.78999465181002]}, "properties": {"case_id": "1580443", "category": "ENVIRON_ENF", "complaint_type": "Illegal Dumping (Enforcement Potential)", "status": "WOCREATE", "date_opened": "2025-11-30T11:22:25.000", "date_closed": null, "address": "3664 39TH AVE", "zipcode": "94619", "councildistrict": "CCD4", "source": "SeeClickFix", "tract_id": "406900", "tract_geoid": "06001406900"}}, {"type": "Feature", "geometry": {"type": "Point", "coordinates": [-122.3036200118682, 37.8109466401756]}, "properties": {"case_id": "1580444", "category": "ENVIRON_ENF", "complaint_type": "Illegal Dumping (Enforcement Potential)", "status": "GONE ON ARRIVAL", "date_opened": "2025-11-30T11:30:37.000", "date_closed": null, "address": "FRONTAGE RD & 7TH ST", "zipcode": "94607", "councildistrict": "CCD3", "source": "SeeClickFix", "tract_id": "401700", "tract_geoid": "06001401700"}}, {"type": "Feature", "geometry": {"type": "Point", "coordinates": [-122.29557883243281, 37.81247922815685]}, "properties": {"case_id": "1580491", "category": "ENVIRON_ENF", "complaint_type": "Illegal Dumping (Enforcement Potential)", "status": "WOCREATE", "date_opened": "2025-11-30T16:03:38.000", "date_closed": null, "address": "1666 14TH ST", "zipcode": "94607", "councildistrict": "CCD3", "source": "SeeClickFix", "tract_id": "401700", "tract_geoid": "06001401700"}}, {"type": "Feature", "geometry": {"type": "Point", "coordinates": [-122.29057665360403, 37.81845931709573]}, "properties": {"case_id": "1581091", "category": "ENVIRON_ENF", "complaint_type": "Illegal Dumping (Enforcement Potential)", "status": "GONE ON ARRIVAL", "date_opened": "2025-12-02T11:45:50.000", "date_closed": null, "address": "2225 CAMPBELL ST", "zipcode": "94607", "councildistrict": "CCD3", "source": "SeeClickFix", "tract_id": "401700", "tract_geoid": "06001401700"}}, {"type": "Feature", "geometry": {"type": "Point", "coordinates": [-122.17142483295406, 37.74753088214287]}, "properties": {"case_id": "1581193", "category": "ENVIRON_ENF", "complaint_type": "Illegal Dumping (Enforcement Potential)", "status": "CLOSED", "date_opened": "2025-12-02T14:40:35.000", "date_closed": "2025-12-03T11:01:03.000", "address": "9415 HOLLY ST", "zipcode": "94603", "councildistrict": "CCD7", "source": "Phone", "tract_id": "410300", "tract_geoid": "06001410300"}}, {"type": "Feature", "geometry": {"type": "Point", "coordinates": [-122.29068696672093, 37.82450604722166]}, "properties": {"case_id": "1581309", "category": "ENVIRON_ENF", "complaint_type": "Illegal Dumping (Enforcement Potential)", "status": "GONE ON ARRIVAL", "date_opened": "2025-12-03T06:25:30.000", "date_closed": null, "address": "WOOD ST & 34TH ST", "zipcode": "94608", "councildistrict": "CCD3", "source": "SeeClickFix", "tract_id": "401700", "tract_geoid": "06001401700"}}, {"type": "Feature", "geometry": {"type": "Point", "coordinates": [-122.17302769691574, 37.7660301429356]}, "properties": {"case_id": "1581310", "category": "ENVIRON_ENF", "complaint_type": "Illegal Dumping (Enforcement Potential)", "status": "CLOSED", "date_opened": "2025-12-03T06:33:57.000", "date_closed": "2026-05-05T08:18:53.000", "address": "2649 76TH AVE", "zipcode": "94605", "councildistrict": "CCD6", "source": "SeeClickFix", "tract_id": "408400", "tract_geoid": "06001408400"}}, {"type": "Feature", "geometry": {"type": "Point", "coordinates": [-122.23750050351819, 37.78499703938214]}, "properties": {"case_id": "1581439", "category": "ENVIRON_ENF", "complaint_type": "Illegal Dumping (Enforcement Potential)", "status": "WOCREATE", "date_opened": "2025-12-03T10:46:20.000", "date_closed": null, "address": "22ND AV & MARIN WY", "zipcode": "94606", "councildistrict": "CCD2", "source": "Phone", "tract_id": "405901", "tract_geoid": "06001405901"}}, {"type": "Feature", "geometry": {"type": "Point", "coordinates": [-122.22473535349755, 37.78797466204983]}, "properties": {"case_id": "1581539", "category": "ENVIRON_ENF", "complaint_type": "Illegal Dumping (Enforcement Potential)", "status": "WOCREATE", "date_opened": "2025-12-03T14:19:14.000", "date_closed": null, "address": "2406 27TH AV", "zipcode": "94601", "councildistrict": "CCD5", "source": "Phone", "tract_id": "406300", "tract_geoid": "06001406300"}}, {"type": "Feature", "geometry": {"type": "Point", "coordinates": [-122.28708193765374, 37.819550153659456]}, "properties": {"case_id": "1582089", "category": "ENVIRON_ENF", "complaint_type": "Illegal Dumping (Enforcement Potential)", "status": "WOCREATE", "date_opened": "2025-12-05T11:44:33.000", "date_closed": null, "address": "26 KIRKHAM ST", "zipcode": "94607", "councildistrict": "CCD3", "source": "SeeClickFix", "tract_id": "401600", "tract_geoid": "06001401600"}}, {"type": "Feature", "geometry": {"type": "Point", "coordinates": [-122.19145205356406, 37.772685012226276]}, "properties": {"case_id": "1582186", "category": "ENVIRON_ENF", "complaint_type": "Illegal Dumping (Enforcement Potential)", "status": "CLOSED", "date_opened": "2025-12-05T16:19:22.000", "date_closed": "2026-05-05T08:20:49.000", "address": "WALNUT ST & MASON ST", "zipcode": "94605", "councildistrict": "CCD6", "source": "Phone", "tract_id": "407700", "tract_geoid": "06001407700"}}, {"type": "Feature", "geometry": {"type": "Point", "coordinates": [-122.19307018888557, 37.76947840530652]}, "properties": {"case_id": "1582832", "category": "ENVIRON_ENF", "complaint_type": "Illegal Dumping (Enforcement Potential)", "status": "CLOSED", "date_opened": "2025-12-08T16:11:11.000", "date_closed": "2026-05-01T14:47:59.000", "address": "5913 HILTON ST", "zipcode": "94605", "councildistrict": "CCD6", "source": "SeeClickFix", "tract_id": "408700", "tract_geoid": "06001408700"}}, {"type": "Feature", "geometry": {"type": "Point", "coordinates": [-122.19526621042944, 37.785656014327955]}, "properties": {"case_id": "1583239", "category": "ENVIRON_ENF", "complaint_type": "Illegal Dumping (Enforcement Potential)", "status": "CLOSED", "date_opened": "2025-12-09T20:49:53.000", "date_closed": "2026-05-01T14:43:42.000", "address": "3407 STORER AVE", "zipcode": "94619", "councildistrict": "CCD6", "source": "SeeClickFix", "tract_id": "407800", "tract_geoid": "06001407800"}}, {"type": "Feature", "geometry": {"type": "Point", "coordinates": [-122.17525641713594, 37.7577890685136]}, "properties": {"case_id": "1583347", "category": "ENVIRON_ENF", "complaint_type": "Illegal Dumping (Enforcement Potential)", "status": "CLOSED", "date_opened": "2025-12-10T10:33:22.000", "date_closed": "2026-05-01T14:42:13.000", "address": "1757 82ND AV", "zipcode": "94621", "councildistrict": "CCD6", "source": "Phone", "tract_id": "408500", "tract_geoid": "06001408500"}}, {"type": "Feature", "geometry": {"type": "Point", "coordinates": [-122.19556813419646, 37.7858127702696]}, "properties": {"case_id": "1583403", "category": "ENVIRON_ENF", "complaint_type": "Illegal Dumping (Enforcement Potential)", "status": "CLOSED", "date_opened": "2025-12-10T12:33:25.000", "date_closed": "2026-02-27T15:54:41.000", "address": "3339 COURTLAND AVE", "zipcode": "94619", "councildistrict": "CCD6", "source": "SeeClickFix", "tract_id": "407800", "tract_geoid": "06001407800"}}, {"type": "Feature", "geometry": {"type": "Point", "coordinates": [-122.17816471286869, 37.735846105037034]}, "properties": {"case_id": "1583444", "category": "ENVIRON_ENF", "complaint_type": "Illegal Dumping (Enforcement Potential)", "status": "WOCREATE", "date_opened": "2025-12-10T13:59:55.000", "date_closed": null, "address": "10229 PEARMAIN ST", "zipcode": "94603", "councildistrict": "CCD7", "source": "SeeClickFix", "tract_id": "409300", "tract_geoid": "06001409300"}}, {"type": "Feature", "geometry": {"type": "Point", "coordinates": [-122.18528107671894, 37.76708056662493]}, "properties": {"case_id": "1583759", "category": "ENVIRON_ENF", "complaint_type": "Illegal Dumping (Enforcement Potential)", "status": "WOCREATE", "date_opened": "2025-12-11T15:09:32.000", "date_closed": null, "address": "2540 HAVENSCOURT BLVD", "zipcode": "94605", "councildistrict": "CCD6", "source": "Phone", "tract_id": "408600", "tract_geoid": "06001408600"}}, {"type": "Feature", "geometry": {"type": "Point", "coordinates": [-122.1803865160612, 37.74623398271202]}, "properties": {"case_id": "1583817", "category": "ENVIRON_ENF", "complaint_type": "Illegal Dumping (Enforcement Potential)", "status": "CLOSED", "date_opened": "2025-12-11T18:47:43.000", "date_closed": "2026-05-01T14:49:54.000", "address": "E ST & 91ST AV", "zipcode": "94603", "councildistrict": "CCD7", "source": "SeeClickFix", "tract_id": "409400", "tract_geoid": "06001409400"}}, {"type": "Feature", "geometry": {"type": "Point", "coordinates": [-122.17267986923767, 37.76593029793877]}, "properties": {"case_id": "1584034", "category": "ENVIRON_ENF", "complaint_type": "Illegal Dumping (Enforcement Potential)", "status": "CLOSED", "date_opened": "2025-12-12T16:04:40.000", "date_closed": "2026-05-01T14:47:40.000", "address": "2654 76TH AV", "zipcode": "94605", "councildistrict": "CCD6", "source": "SeeClickFix", "tract_id": "408400", "tract_geoid": "06001408400"}}, {"type": "Feature", "geometry": {"type": "Point", "coordinates": [-122.16985107440759, 37.770722066652105]}, "properties": {"case_id": "1584565", "category": "ENVIRON_ENF", "complaint_type": "Illegal Dumping (Enforcement Potential)", "status": "CLOSED", "date_opened": "2025-12-15T14:04:33.000", "date_closed": "2026-05-01T14:44:12.000", "address": "7307 OUTLOOK AV", "zipcode": "94605", "councildistrict": "CCD6", "source": "Phone", "tract_id": "408300", "tract_geoid": "06001408300"}}, {"type": "Feature", "geometry": {"type": "Point", "coordinates": [-122.25971727780201, 37.84301044881256]}, "properties": {"case_id": "1585960", "category": "ENVIRON_ENF", "complaint_type": "Illegal Dumping (Enforcement Potential)", "status": "GONE ON ARRIVAL", "date_opened": "2025-12-20T10:06:29.000", "date_closed": null, "address": "428 57TH ST", "zipcode": "94609", "councildistrict": "CCD1", "source": "SeeClickFix", "tract_id": "400400", "tract_geoid": "06001400400"}}, {"type": "Feature", "geometry": {"type": "Point", "coordinates": [-122.24665622272674, 37.810258863678925]}, "properties": {"case_id": "1586159", "category": "ENVIRON_ENF", "complaint_type": "Illegal Dumping (Enforcement Potential)", "status": "GONE ON ARRIVAL", "date_opened": "2025-12-21T19:59:46.000", "date_closed": null, "address": "528 LAKE PARK AV", "zipcode": "94610", "councildistrict": "CCD2", "source": "SeeClickFix", "tract_id": "403800", "tract_geoid": "06001403800"}}, {"type": "Feature", "geometry": {"type": "Point", "coordinates": [-122.2967964988006, 37.81179969839773]}, "properties": {"case_id": "1587347", "category": "ENVIRON_ENF", "complaint_type": "Illegal Dumping (Enforcement Potential)", "status": "WOCREATE", "date_opened": "2025-12-26T13:33:11.000", "date_closed": null, "address": "WILLOW ST & 13TH ST", "zipcode": "94607", "councildistrict": "CCD3", "source": "SeeClickFix", "tract_id": "401800", "tract_geoid": "06001401800"}}, {"type": "Feature", "geometry": {"type": "Point", "coordinates": [-122.2756280584535, 37.82363419001079]}, "properties": {"case_id": "1587736", "category": "ENVIRON_ENF", "complaint_type": "Illegal Dumping (Enforcement Potential)", "status": "GONE ON ARRIVAL", "date_opened": "2025-12-29T08:59:27.000", "date_closed": null, "address": "3276 MARKET ST", "zipcode": "94608", "councildistrict": "CCD3", "source": "SeeClickFix", "tract_id": "401400", "tract_geoid": "06001401400"}}, {"type": "Feature", "geometry": {"type": "Point", "coordinates": [-122.17759248603262, 37.77233622466242]}, "properties": {"case_id": "1587935", "category": "ENVIRON_ENF", "complaint_type": "Illegal Dumping (Enforcement Potential)", "status": "CLOSED", "date_opened": "2025-12-29T15:13:27.000", "date_closed": "2025-12-30T15:19:10.000", "address": "6638 MACARTHUR BLVD", "zipcode": "94605", "councildistrict": "CCD6", "source": "Phone", "tract_id": "408200", "tract_geoid": "06001408200"}}, {"type": "Feature", "geometry": {"type": "Point", "coordinates": [-122.17558762598125, 37.76476623451569]}, "properties": {"case_id": "1588836", "category": "ENVIRON_ENF", "complaint_type": "Illegal Dumping (Enforcement Potential)", "status": "CLOSED", "date_opened": "2026-01-02T14:18:20.000", "date_closed": "2026-05-01T14:53:35.000", "address": "7523 BANCROFT AV", "zipcode": "94605", "councildistrict": "CCD6", "source": "Phone", "tract_id": "408500", "tract_geoid": "06001408500"}}, {"type": "Feature", "geometry": {"type": "Point", "coordinates": [-122.22247950415576, 37.80170097176723]}, "properties": {"case_id": "1589105", "category": "ENVIRON_ENF", "complaint_type": "Storm Inlet Grate - Damaged/Missing", "status": "CLOSED", "date_opened": "2026-01-04T08:28:36.000", "date_closed": "2026-01-08T13:46:31.000", "address": "WOODRUFF AV & EXCELSIOR AV", "zipcode": "94602", "councildistrict": "CCD4", "source": "Phone", "tract_id": "404900", "tract_geoid": "06001404900"}}, {"type": "Feature", "geometry": {"type": "Point", "coordinates": [-122.1869275089719, 37.76277935919761]}, "properties": {"case_id": "1589904", "category": "ENVIRON_ENF", "complaint_type": "Illegal Dumping (Enforcement Potential)", "status": "CLOSED", "date_opened": "2026-01-06T12:04:25.000", "date_closed": "2026-05-01T14:59:20.000", "address": "1682 69TH AV", "zipcode": "94621", "councildistrict": "CCD6", "source": "Email", "tract_id": "408600", "tract_geoid": "06001408600"}}, {"type": "Feature", "geometry": {"type": "Point", "coordinates": [-122.17536502345381, 37.80825064171656]}, "properties": {"case_id": "1590259", "category": "ENVIRON_ENF", "complaint_type": "Illegal Dumping (Enforcement Potential)", "status": "CLOSED", "date_opened": "2026-01-07T10:40:03.000", "date_closed": "2026-04-21T13:39:53.000", "address": "10570 SKYLINE BLVD", "zipcode": "94619", "councildistrict": null, "source": "Phone", "tract_id": null, "tract_geoid": null}}, {"type": "Feature", "geometry": {"type": "Point", "coordinates": [-122.27858100045587, 37.82702697429676]}, "properties": {"case_id": "1590431", "category": "ENVIRON_ENF", "complaint_type": "Illegal Dumping (Enforcement Potential)", "status": "WOCREATE", "date_opened": "2026-01-07T15:27:05.000", "date_closed": null, "address": "36TH ST & SAN PABLO AV", "zipcode": "94608", "councildistrict": "CCD3", "source": "Phone", "tract_id": "401000", "tract_geoid": "06001401000"}}, {"type": "Feature", "geometry": {"type": "Point", "coordinates": [-122.26438384604062, 37.829187163176705]}, "properties": {"case_id": "1590487", "category": "ENVIRON_ENF", "complaint_type": "Illegal Dumping (Enforcement Potential)", "status": "GONE ON ARRIVAL", "date_opened": "2026-01-07T17:01:51.000", "date_closed": null, "address": "530 40TH ST", "zipcode": "94609", "councildistrict": "CCD1", "source": "Email", "tract_id": "401100", "tract_geoid": "06001401100"}}, {"type": "Feature", "geometry": {"type": "Point", "coordinates": [-122.21357297760706, 37.78984038940983]}, "properties": {"case_id": "1590576", "category": "ENVIRON_ENF", "complaint_type": "Illegal Dumping (Enforcement Potential)", "status": "WOCREATE", "date_opened": "2026-01-08T07:06:34.000", "date_closed": null, "address": "2 DEERING CT", "zipcode": "94601", "councildistrict": "CCD5", "source": "Email", "tract_id": "406500", "tract_geoid": "06001406500"}}, {"type": "Feature", "geometry": {"type": "Point", "coordinates": [-122.27064968497974, 37.821509531545445]}, "properties": {"case_id": "1590918", "category": "ENVIRON_ENF", "complaint_type": "Illegal Dumping (Enforcement Potential)", "status": "WOCREATE", "date_opened": "2026-01-08T17:09:59.000", "date_closed": null, "address": "651 32ND ST", "zipcode": "94609", "councildistrict": "CCD3", "source": "SeeClickFix", "tract_id": "401400", "tract_geoid": "06001401400"}}, {"type": "Feature", "geometry": {"type": "Point", "coordinates": [-122.18692517335217, 37.75940322473186]}, "properties": {"case_id": "1591132", "category": "HE_CLEAN", "complaint_type": "Homeless Encampment - Closure Needed", "status": "OPEN", "date_opened": "2026-01-09T12:30:01.000", "date_closed": null, "address": "1423 73RD AV", "zipcode": "94621", "councildistrict": "CCD6", "source": "SeeClickFix", "tract_id": "408500", "tract_geoid": "06001408500"}}, {"type": "Feature", "geometry": {"type": "Point", "coordinates": [-122.27584185749114, 37.838158028654185]}, "properties": {"case_id": "1591315", "category": "ENVIRON_ENF", "complaint_type": "Trash Service Issue", "status": "CLOSED", "date_opened": "2026-01-10T10:03:32.000", "date_closed": "2026-02-04T10:24:21.000", "address": "5325 ADELINE ST", "zipcode": "94608", "councildistrict": "CCD1", "source": "SeeClickFix", "tract_id": "400900", "tract_geoid": "06001400900"}}, {"type": "Feature", "geometry": {"type": "Point", "coordinates": [-122.20897692711827, 37.79237116075305]}, "properties": {"case_id": "1591893", "category": "ENVIRON_ENF", "complaint_type": "Illegal Dumping (Enforcement Potential)", "status": "WOCREATE", "date_opened": "2026-01-12T15:32:27.000", "date_closed": null, "address": "3147 BERLIN WY", "zipcode": "94602", "councildistrict": "CCD5", "source": "Phone", "tract_id": "406601", "tract_geoid": "06001406601"}}, {"type": "Feature", "geometry": {"type": "Point", "coordinates": [-122.18452649188018, 37.77273897758185]}, "properties": {"case_id": "1591927", "category": "ENVIRON_ENF", "complaint_type": "Illegal Dumping (Enforcement Potential)", "status": "WOCREATE", "date_opened": "2026-01-12T17:04:35.000", "date_closed": null, "address": "BRANN ST & 62ND AV", "zipcode": "94605", "councildistrict": "CCD6", "source": "SeeClickFix", "tract_id": "408700", "tract_geoid": "06001408700"}}, {"type": "Feature", "geometry": {"type": "Point", "coordinates": [-122.23244703088668, 37.79206470421886]}, "properties": {"case_id": "1592203", "category": "ENVIRON_ENF", "complaint_type": "Illegal Dumping (Enforcement Potential)", "status": "WOCREATE", "date_opened": "2026-01-13T13:42:22.000", "date_closed": null, "address": "2337 21ST AV", "zipcode": "94606", "councildistrict": "CCD2", "source": "Phone", "tract_id": "405800", "tract_geoid": "06001405800"}}, {"type": "Feature", "geometry": {"type": "Point", "coordinates": [-122.25271401184605, 37.825984994924255]}, "properties": {"case_id": "1593217", "category": "HE_CLEAN", "complaint_type": "Traffic - Repair Pavement Striping", "status": "CLOSED", "date_opened": "2026-01-16T10:45:35.000", "date_closed": "2026-03-19T07:20:07.000", "address": "4054 PIEDMONT AVE", "zipcode": "94611", "councildistrict": "CCD1", "source": "SeeClickFix", "tract_id": "404102", "tract_geoid": "06001404102"}}, {"type": "Feature", "geometry": {"type": "Point", "coordinates": [-122.19565365381153, 37.78999465181002]}, "properties": {"case_id": "1593625", "category": "ENVIRON_ENF", "complaint_type": "Illegal Dumping (Enforcement Potential)", "status": "CLOSED", "date_opened": "2026-01-18T07:49:50.000", "date_closed": "2026-04-24T15:09:34.000", "address": "3664 39TH AVE", "zipcode": "94619", "councildistrict": "CCD4", "source": "SeeClickFix", "tract_id": "406900", "tract_geoid": "06001406900"}}, {"type": "Feature", "geometry": {"type": "Point", "coordinates": [-122.29626990638099, 37.81080668658773]}, "properties": {"case_id": "1593788", "category": "ENVIRON_ENF", "complaint_type": "Illegal Dumping (Enforcement Potential)", "status": "GONE ON ARRIVAL", "date_opened": "2026-01-19T09:27:36.000", "date_closed": null, "address": "1215 CAMPBELL ST", "zipcode": "94607", "councildistrict": "CCD3", "source": "SeeClickFix", "tract_id": "401800", "tract_geoid": "06001401800"}}, {"type": "Feature", "geometry": {"type": "Point", "coordinates": [-122.29553337767943, 37.814086654858535]}, "properties": {"case_id": "1594454", "category": "ENVIRON_ENF", "complaint_type": "Illegal Dumping (Enforcement Potential)", "status": "WOCREATE", "date_opened": "2026-01-20T17:54:06.000", "date_closed": null, "address": "1714 16TH ST", "zipcode": "94607", "councildistrict": "CCD3", "source": "SeeClickFix", "tract_id": "401700", "tract_geoid": "06001401700"}}, {"type": "Feature", "geometry": {"type": "Point", "coordinates": [-122.16303241224253, 37.75309852612443]}, "properties": {"case_id": "1594522", "category": "ENVIRON_ENF", "complaint_type": "Illegal Dumping (Enforcement Potential)", "status": "WOCREATE", "date_opened": "2026-01-21T08:19:47.000", "date_closed": null, "address": "9227 HILLSIDE ST", "zipcode": "94603", "councildistrict": "CCD7", "source": "SeeClickFix", "tract_id": "409700", "tract_geoid": "06001409700"}}, {"type": "Feature", "geometry": {"type": "Point", "coordinates": [-122.1948160646405, 37.75264374602588]}, "properties": {"case_id": "1595207", "category": "ENVIRON_ENF", "complaint_type": "Illegal Dumping (Enforcement Potential)", "status": "CLOSED", "date_opened": "2026-01-22T16:01:06.000", "date_closed": "2026-04-24T15:07:31.000", "address": "807 75TH AV", "zipcode": "94621", "councildistrict": "CCD7", "source": "Phone", "tract_id": "408900", "tract_geoid": "06001408900"}}, {"type": "Feature", "geometry": {"type": "Point", "coordinates": [-122.26364102913207, 37.833723034711326]}, "properties": {"case_id": "1595557", "category": "ENVIRON_ENF", "complaint_type": "Illegal Dumping (Enforcement Potential)", "status": "WOCREATE", "date_opened": "2026-01-23T16:28:21.000", "date_closed": null, "address": "SHATTUCK AV & 46TH ST", "zipcode": "94609", "councildistrict": "CCD1", "source": "Phone", "tract_id": "401100", "tract_geoid": "06001401100"}}, {"type": "Feature", "geometry": {"type": "Point", "coordinates": [-122.16371854545663, 37.7564760136655]}, "properties": {"case_id": "1595579", "category": "ENVIRON_ENF", "complaint_type": "Illegal Dumping (Enforcement Potential)", "status": "WOCREATE", "date_opened": "2026-01-23T18:15:25.000", "date_closed": null, "address": "88TH AV & HILLSIDE ST", "zipcode": "94605", "councildistrict": "CCD7", "source": "Phone", "tract_id": "409700", "tract_geoid": "06001409700"}}, {"type": "Feature", "geometry": {"type": "Point", "coordinates": [-122.1968974611541, 37.76253399649067]}, "properties": {"case_id": "1596192", "category": "ENVIRON_ENF", "complaint_type": "Illegal Dumping (Enforcement Potential)", "status": "CLOSED", "date_opened": "2026-01-26T13:35:51.000", "date_closed": "2026-04-24T15:07:03.000", "address": "1364 64TH AV", "zipcode": "94621", "councildistrict": "CCD6", "source": "Phone", "tract_id": "408800", "tract_geoid": "06001408800"}}, {"type": "Feature", "geometry": {"type": "Point", "coordinates": [-122.25051915811206, 37.814882761667306]}, "properties": {"case_id": "1596250", "category": "ENVIRON_ENF", "complaint_type": "Illegal Dumping (Enforcement Potential)", "status": "GONE ON ARRIVAL", "date_opened": "2026-01-26T15:25:34.000", "date_closed": null, "address": "470 JEAN ST", "zipcode": "94610", "councildistrict": "CCD1", "source": "SeeClickFix", "tract_id": "403900", "tract_geoid": "06001403900"}}, {"type": "Feature", "geometry": {"type": "Point", "coordinates": [-122.28691053909749, 37.819656028949616]}, "properties": {"case_id": "1596374", "category": "ENVIRON_ENF", "complaint_type": "Illegal Dumping (Enforcement Potential)", "status": "CLOSED", "date_opened": "2026-01-27T06:59:12.000", "date_closed": "2026-04-22T14:24:58.000", "address": "KIRKHAM ST & 26TH ST", "zipcode": "94607", "councildistrict": "CCD3", "source": "Email", "tract_id": "401600", "tract_geoid": "06001401600"}}, {"type": "Feature", "geometry": {"type": "Point", "coordinates": [-122.16850611676402, 37.76067347443516]}, "properties": {"case_id": "1596485", "category": "ENVIRON_ENF", "complaint_type": "Illegal Dumping (Enforcement Potential)", "status": "REFERRED", "date_opened": "2026-01-27T10:34:19.000", "date_closed": null, "address": "8224 DOWLING ST", "zipcode": "94605", "councildistrict": "CCD7", "source": "Phone or Email", "tract_id": "409700", "tract_geoid": "06001409700"}}, {"type": "Feature", "geometry": {"type": "Point", "coordinates": [-122.28101103313128, 37.8237690103064]}, "properties": {"case_id": "1596519", "category": "ENVIRON_ENF", "complaint_type": "Illegal Dumping (Enforcement Potential)", "status": "WOCREATE", "date_opened": "2026-01-27T11:14:55.000", "date_closed": null, "address": "ADELINE ST & 32ND ST", "zipcode": "94608", "councildistrict": "CCD3", "source": "SeeClickFix", "tract_id": "401500", "tract_geoid": "06001401500"}}, {"type": "Feature", "geometry": {"type": "Point", "coordinates": [-122.30351302251785, 37.80828960583019]}, "properties": {"case_id": "1596699", "category": "ENVIRON_ENF", "complaint_type": "Illegal Dumping (Enforcement Potential)", "status": "WOCREATE", "date_opened": "2026-01-27T16:06:42.000", "date_closed": null, "address": "767 PINE ST", "zipcode": "94607", "councildistrict": "CCD3", "source": "Phone", "tract_id": "401700", "tract_geoid": "06001401700"}}, {"type": "Feature", "geometry": {"type": "Point", "coordinates": [-122.18155621239282, 37.77275942760106]}, "properties": {"case_id": "1596707", "category": "ENVIRON_ENF", "complaint_type": "Illegal Dumping (Enforcement Potential)", "status": "CLOSED", "date_opened": "2026-01-27T16:16:45.000", "date_closed": "2026-04-24T15:06:37.000", "address": "3141 64TH AV", "zipcode": "94605", "councildistrict": "CCD6", "source": "SeeClickFix", "tract_id": "408700", "tract_geoid": "06001408700"}}, {"type": "Feature", "geometry": {"type": "Point", "coordinates": [-122.23313199629091, 37.80031317345275]}, "properties": {"case_id": "1596812", "category": "ENVIRON_ENF", "complaint_type": "Illegal Dumping (Enforcement Potential)", "status": "CLOSED", "date_opened": "2026-01-28T08:36:20.000", "date_closed": "2026-04-24T15:06:22.000", "address": "1173 E 32ND ST", "zipcode": "94602", "councildistrict": "CCD2", "source": "SeeClickFix", "tract_id": "405700", "tract_geoid": "06001405700"}}, {"type": "Feature", "geometry": {"type": "Point", "coordinates": [-122.24130459925239, 37.78540149819822]}, "properties": {"case_id": "1597600", "category": "ENVIRON_ENF", "complaint_type": "Illegal Dumping (Enforcement Potential)", "status": "CLOSED", "date_opened": "2026-01-30T12:28:28.000", "date_closed": "2026-04-24T15:05:13.000", "address": "1944 E 12TH ST", "zipcode": "94606", "councildistrict": "CCD2", "source": "Phone", "tract_id": "406000", "tract_geoid": "06001406000"}}, {"type": "Feature", "geometry": {"type": "Point", "coordinates": [-122.27558979022238, 37.826705406202365]}, "properties": {"case_id": "1597918", "category": "ENVIRON_ENF", "complaint_type": "Illegal Dumping (Enforcement Potential)", "status": "WOCREATE", "date_opened": "2026-01-31T20:53:10.000", "date_closed": null, "address": "926 36TH ST", "zipcode": "94608", "councildistrict": "CCD3", "source": "SeeClickFix", "tract_id": "401000", "tract_geoid": "06001401000"}}, {"type": "Feature", "geometry": {"type": "Point", "coordinates": [-122.1768822779689, 37.73230356022872]}, "properties": {"case_id": "1597923", "category": "ENVIRON_ENF", "complaint_type": "Illegal Dumping (Enforcement Potential)", "status": "WOCREATE", "date_opened": "2026-01-31T21:35:59.000", "date_closed": null, "address": "105TH AVE & EDES AVE", "zipcode": "94603", "councildistrict": "CCD7", "source": "SeeClickFix", "tract_id": "409200", "tract_geoid": "06001409200"}}, {"type": "Feature", "geometry": {"type": "Point", "coordinates": [-122.2804567726009, 37.80636827438488]}, "properties": {"case_id": "1598244", "category": "ENVIRON_ENF", "complaint_type": "Illegal Dumping (Enforcement Potential)", "status": "WOCREATE", "date_opened": "2026-02-02T11:13:58.000", "date_closed": null, "address": "808 12TH ST", "zipcode": "94607", "councildistrict": "CCD3", "source": "Phone", "tract_id": "402600", "tract_geoid": "06001402600"}}, {"type": "Feature", "geometry": {"type": "Point", "coordinates": [-122.16977345996703, 37.749320137016795]}, "properties": {"case_id": "1598302", "category": "ENVIRON_ENF", "complaint_type": "Illegal Dumping (Enforcement Potential)", "status": "WOCREATE", "date_opened": "2026-02-02T12:41:00.000", "date_closed": null, "address": "9314 PLYMOUTH ST", "zipcode": "94603", "councildistrict": "CCD7", "source": "SeeClickFix", "tract_id": "409600", "tract_geoid": "06001409600"}}, {"type": "Feature", "geometry": {"type": "Point", "coordinates": [-122.25120097941279, 37.80284649615844]}, "properties": {"case_id": "1598444", "category": "ENVIRON_ENF", "complaint_type": "Illegal Dumping (Enforcement Potential)", "status": "WOCREATE", "date_opened": "2026-02-02T16:50:00.000", "date_closed": null, "address": "331 HANOVER AV", "zipcode": "94606", "councildistrict": "CCD2", "source": "Email", "tract_id": "405301", "tract_geoid": "06001405301"}}, {"type": "Feature", "geometry": {"type": "Point", "coordinates": [-122.26471846848399, 37.84457925876138]}, "properties": {"case_id": "1598449", "category": "ENVIRON_ENF", "complaint_type": "Illegal Dumping (Enforcement Potential)", "status": "WOCREATE", "date_opened": "2026-02-02T17:00:20.000", "date_closed": null, "address": "592 59TH ST", "zipcode": "94609", "councildistrict": "CCD1", "source": "SeeClickFix", "tract_id": "400600", "tract_geoid": "06001400600"}}, {"type": "Feature", "geometry": {"type": "Point", "coordinates": [-122.22792670837636, 37.78127750479235]}, "properties": {"case_id": "1598897", "category": "ENVIRON_ENF", "complaint_type": "Illegal Dumping (Enforcement Potential)", "status": "GONE ON ARRIVAL", "date_opened": "2026-02-04T07:18:15.000", "date_closed": null, "address": "2822 E 16TH ST", "zipcode": "94601", "councildistrict": "CCD5", "source": "Email", "tract_id": "406202", "tract_geoid": "06001406202"}}, {"type": "Feature", "geometry": {"type": "Point", "coordinates": [-122.25397982791307, 37.81641377767682]}, "properties": {"case_id": "1598921", "category": "ENVIRON_ENF", "complaint_type": "Illegal Dumping (Enforcement Potential)", "status": "GONE ON ARRIVAL", "date_opened": "2026-02-04T07:55:30.000", "date_closed": null, "address": "424 VERNON ST", "zipcode": "94610", "councildistrict": "CCD1", "source": "Email", "tract_id": "403600", "tract_geoid": "06001403600"}}, {"type": "Feature", "geometry": {"type": "Point", "coordinates": [-122.20245506832313, 37.783472258730924]}, "properties": {"case_id": "1599149", "category": "ENVIRON_ENF", "complaint_type": "Illegal Dumping (Enforcement Potential)", "status": "WOCREATE", "date_opened": "2026-02-04T14:09:20.000", "date_closed": null, "address": "2809 HIGH ST", "zipcode": "94619", "councildistrict": "CCD4", "source": "Phone", "tract_id": "407000", "tract_geoid": "06001407000"}}, {"type": "Feature", "geometry": {"type": "Point", "coordinates": [-122.21072666562893, 37.82246322990559]}, "properties": {"case_id": "1599203", "category": "ENVIRON_ENF", "complaint_type": "Recycling Hotline - Miscellaneous", "status": "WOCREATE", "date_opened": "2026-02-04T15:38:32.000", "date_closed": null, "address": "6708 LIGGETT DR", "zipcode": "94611", "councildistrict": "CCD4", "source": "Phone", "tract_id": "404501", "tract_geoid": "06001404501"}}, {"type": "Feature", "geometry": {"type": "Point", "coordinates": [-122.18544825319334, 37.758356314067214]}, "properties": {"case_id": "1599217", "category": "ENVIRON_ENF", "complaint_type": "Recycling Hotline - Miscellaneous", "status": "WOCREATE", "date_opened": "2026-02-04T15:53:37.000", "date_closed": null, "address": "7515 INTERNATIONAL BLVD", "zipcode": "94621", "councildistrict": "CCD6", "source": "Phone", "tract_id": "408900", "tract_geoid": "06001408900"}}, {"type": "Feature", "geometry": {"type": "Point", "coordinates": [-122.26927777787765, 37.813963597468636]}, "properties": {"case_id": "1599282", "category": "ENVIRON_ENF", "complaint_type": "Illegal Dumping (Enforcement Potential)", "status": "CLOSED", "date_opened": "2026-02-04T18:57:28.000", "date_closed": "2026-03-04T15:25:13.000", "address": "525 25TH ST", "zipcode": "94612", "councildistrict": "CCD3", "source": "SeeClickFix", "tract_id": "401300", "tract_geoid": "06001401300"}}, {"type": "Feature", "geometry": {"type": "Point", "coordinates": [-122.24104651327121, 37.78646399961391]}, "properties": {"case_id": "1599329", "category": "ENVIRON_ENF", "complaint_type": "Illegal Dumping (Enforcement Potential)", "status": "GONE ON ARRIVAL", "date_opened": "2026-02-05T07:12:33.000", "date_closed": null, "address": "19TH AV & INTERNATIONAL BLVD", "zipcode": "94606", "councildistrict": "CCD2", "source": "Email", "tract_id": "406000", "tract_geoid": "06001406000"}}, {"type": "Feature", "geometry": {"type": "Point", "coordinates": [-122.1962849897933, 37.78660797497691]}, "properties": {"case_id": "1600354", "category": "ENVIRON_ENF", "complaint_type": "Illegal Dumping (Enforcement Potential)", "status": "GONE ON ARRIVAL", "date_opened": "2026-02-09T08:22:59.000", "date_closed": null, "address": "HIGH ST & REDDING ST", "zipcode": "94619", "councildistrict": "CCD4", "source": "Phone", "tract_id": "407000", "tract_geoid": "06001407000"}}, {"type": "Feature", "geometry": {"type": "Point", "coordinates": [-122.21289906148081, 37.76571001355013]}, "properties": {"case_id": "1600374", "category": "ENVIRON_ENF", "complaint_type": "Illegal Dumping (Enforcement Potential)", "status": "WOCREATE", "date_opened": "2026-02-09T09:07:27.000", "date_closed": null, "address": "E 8TH ST & 50TH AV", "zipcode": "94601", "councildistrict": "CCD5", "source": "Phone", "tract_id": "407300", "tract_geoid": "06001407300"}}, {"type": "Feature", "geometry": {"type": "Point", "coordinates": [-122.18061477797494, 37.773547885139]}, "properties": {"case_id": "1600959", "category": "ENVIRON_ENF", "complaint_type": "Illegal Dumping (Enforcement Potential)", "status": "WOCREATE", "date_opened": "2026-02-10T13:50:27.000", "date_closed": null, "address": "3221 64TH AVE", "zipcode": "94605", "councildistrict": "CCD6", "source": "SeeClickFix", "tract_id": "408700", "tract_geoid": "06001408700"}}, {"type": "Feature", "geometry": {"type": "Point", "coordinates": [-122.21990592069793, 37.78971260622975]}, "properties": {"case_id": "1601001", "category": "ENVIRON_ENF", "complaint_type": "Illegal Dumping (Enforcement Potential)", "status": "WOCREATE", "date_opened": "2026-02-10T15:34:31.000", "date_closed": null, "address": "3118 DAVIS ST", "zipcode": "94601", "councildistrict": "CCD5", "source": "Email", "tract_id": "406500", "tract_geoid": "06001406500"}}, {"type": "Feature", "geometry": {"type": "Point", "coordinates": [-122.20681953313164, 37.7797770004995]}, "properties": {"case_id": "1601304", "category": "ENVIRON_ENF", "complaint_type": "Illegal Dumping (Enforcement Potential)", "status": "GONE ON ARRIVAL", "date_opened": "2026-02-11T15:29:17.000", "date_closed": null, "address": "HIGH ST & SANTA RITA ST", "zipcode": "94601", "councildistrict": "CCD5", "source": "Phone", "tract_id": "407102", "tract_geoid": "06001407102"}}, {"type": "Feature", "geometry": {"type": "Point", "coordinates": [-122.27265346705278, 37.82740693655627]}, "properties": {"case_id": "1601334", "category": "ENVIRON_ENF", "complaint_type": "Illegal Dumping (Enforcement Potential)", "status": "EVALUATED - NO FURTHER ACTION", "date_opened": "2026-02-11T16:32:18.000", "date_closed": null, "address": "829 W MACARTHUR BLVD", "zipcode": "94608", "councildistrict": "CCD3", "source": "SeeClickFix", "tract_id": "401000", "tract_geoid": "06001401000"}}, {"type": "Feature", "geometry": {"type": "Point", "coordinates": [-122.23804398426516, 37.78800242006782]}, "properties": {"case_id": "1601678", "category": "ENVIRON_ENF", "complaint_type": "Illegal Dumping (Enforcement Potential)", "status": "WOCREATE", "date_opened": "2026-02-12T15:43:12.000", "date_closed": null, "address": "1651 20TH AV", "zipcode": "94606", "councildistrict": "CCD2", "source": "Email", "tract_id": "405901", "tract_geoid": "06001405901"}}, {"type": "Feature", "geometry": {"type": "Point", "coordinates": [-122.17173223644433, 37.76491976808783]}, "properties": {"case_id": "1601724", "category": "ENVIRON_ENF", "complaint_type": "Illegal Dumping (Enforcement Potential)", "status": "WOCREATE", "date_opened": "2026-02-12T18:50:21.000", "date_closed": null, "address": "2655 78TH AV", "zipcode": "94605", "councildistrict": "CCD6", "source": "SeeClickFix", "tract_id": "408400", "tract_geoid": "06001408400"}}, {"type": "Feature", "geometry": {"type": "Point", "coordinates": [-122.21452402399848, 37.77083923133968]}, "properties": {"case_id": "1602023", "category": "ENVIRON_ENF", "complaint_type": "Illegal Dumping (Enforcement Potential)", "status": "WOCREATE", "date_opened": "2026-02-14T07:29:36.000", "date_closed": null, "address": "4407 E 12TH ST", "zipcode": "94601", "councildistrict": "CCD5", "source": "SeeClickFix", "tract_id": "407300", "tract_geoid": "06001407300"}}, {"type": "Feature", "geometry": {"type": "Point", "coordinates": [-122.18526715283204, 37.76139047481187]}, "properties": {"case_id": "1602542", "category": "ENVIRON_ENF", "complaint_type": "Illegal Dumping (Enforcement Potential)", "status": "WOCREATE", "date_opened": "2026-02-17T09:32:46.000", "date_closed": null, "address": "7216 ORRAL ST", "zipcode": "94621", "councildistrict": "CCD6", "source": "Phone", "tract_id": "408600", "tract_geoid": "06001408600"}}, {"type": "Feature", "geometry": {"type": "Point", "coordinates": [-122.25950437707965, 37.817802337882235]}, "properties": {"case_id": "1602575", "category": "ENVIRON_ENF", "complaint_type": "Illegal Dumping (Enforcement Potential)", "status": "CLOSED", "date_opened": "2026-02-17T10:36:05.000", "date_closed": "2026-02-17T16:20:42.000", "address": "269 FAIRMOUNT AV", "zipcode": "94611", "councildistrict": "CCD3", "source": "Phone", "tract_id": "403501", "tract_geoid": "06001403501"}}, {"type": "Feature", "geometry": {"type": "Point", "coordinates": [-122.24144249064851, 37.78605003338574]}, "properties": {"case_id": "1602780", "category": "ENVIRON_ENF", "complaint_type": "Illegal Dumping (Enforcement Potential)", "status": "WOCREATE", "date_opened": "2026-02-18T06:29:05.000", "date_closed": null, "address": "19TH AV & SOLANO WY", "zipcode": "94606", "councildistrict": "CCD2", "source": "Email", "tract_id": "406000", "tract_geoid": "06001406000"}}, {"type": "Feature", "geometry": {"type": "Point", "coordinates": [-122.29025406858545, 37.818363587824855]}, "properties": {"case_id": "1603392", "category": "ENVIRON_ENF", "complaint_type": "Illegal Dumping (Enforcement Potential)", "status": "CLOSED", "date_opened": "2026-02-19T17:48:48.000", "date_closed": "2026-04-03T13:01:53.000", "address": "2225 CAMPBELL ST", "zipcode": "94607", "councildistrict": "CCD3", "source": "SeeClickFix", "tract_id": "401700", "tract_geoid": "06001401700"}}, {"type": "Feature", "geometry": {"type": "Point", "coordinates": [-122.27137202029981, 37.79926201528231]}, "properties": {"case_id": "1603504", "category": "ENVIRON_ENF", "complaint_type": "Illegal Dumping (Enforcement Potential)", "status": "WOCREATE", "date_opened": "2026-02-20T10:11:57.000", "date_closed": null, "address": "333 8TH ST", "zipcode": "94607", "councildistrict": "CCD2", "source": "Phone", "tract_id": "403000", "tract_geoid": "06001403000"}}, {"type": "Feature", "geometry": {"type": "Point", "coordinates": [-122.17512319697929, 37.77052664974199]}, "properties": {"case_id": "1603707", "category": "ENVIRON_ENF", "complaint_type": "Illegal Dumping (Enforcement Potential)", "status": "CLOSED", "date_opened": "2026-02-20T17:27:53.000", "date_closed": "2026-02-20T18:34:50.000", "address": "6921 MACARTHUR BLVD", "zipcode": "94605", "councildistrict": "CCD6", "source": "Email", "tract_id": "408600", "tract_geoid": "06001408600"}}, {"type": "Feature", "geometry": {"type": "Point", "coordinates": [-122.1641371603791, 37.76379794305748]}, "properties": {"case_id": "1603840", "category": "ENVIRON_ENF", "complaint_type": "Illegal Dumping (Enforcement Potential)", "status": "WOCREATE", "date_opened": "2026-02-21T14:14:13.000", "date_closed": null, "address": "8115 NEY AVE", "zipcode": "94605", "councildistrict": "CCD6", "source": "SeeClickFix", "tract_id": "408300", "tract_geoid": "06001408300"}}, {"type": "Feature", "geometry": {"type": "Point", "coordinates": [-122.27346168131402, 37.8330283045703]}, "properties": {"case_id": "1604087", "category": "ENVIRON_ENF", "complaint_type": "Illegal Dumping (Enforcement Potential)", "status": "WOCREATE", "date_opened": "2026-02-23T08:36:08.000", "date_closed": null, "address": "4221 MARKET ST", "zipcode": "94608", "councildistrict": "CCD1", "source": "SeeClickFix", "tract_id": "401000", "tract_geoid": "06001401000"}}, {"type": "Feature", "geometry": {"type": "Point", "coordinates": [-122.26698015687514, 37.820064200898855]}, "properties": {"case_id": "1604091", "category": "ENVIRON_ENF", "complaint_type": "Illegal Dumping (Enforcement Potential)", "status": "GONE ON ARRIVAL", "date_opened": "2026-02-23T08:39:31.000", "date_closed": null, "address": "508 31ST ST", "zipcode": "94609", "councildistrict": "CCD3", "source": "SeeClickFix", "tract_id": "401300", "tract_geoid": "06001401300"}}, {"type": "Feature", "geometry": {"type": "Point", "coordinates": [-122.21185378181607, 37.79329251037277]}, "properties": {"case_id": "1604107", "category": "ENVIRON_ENF", "complaint_type": "Illegal Dumping (Enforcement Potential)", "status": "WOCREATE", "date_opened": "2026-02-23T08:56:03.000", "date_closed": null, "address": "3111 PLEITNER AV", "zipcode": "94602", "councildistrict": "CCD5", "source": "SeeClickFix", "tract_id": "406601", "tract_geoid": "06001406601"}}, {"type": "Feature", "geometry": {"type": "Point", "coordinates": [-122.19260405308458, 37.76722202329935]}, "properties": {"case_id": "1604170", "category": "ENVIRON_ENF", "complaint_type": "Illegal Dumping (Enforcement Potential)", "status": "WOCREATE", "date_opened": "2026-02-23T10:22:20.000", "date_closed": null, "address": "62ND AV & HAYES ST", "zipcode": "94621", "councildistrict": "CCD6", "source": "SeeClickFix", "tract_id": "408700", "tract_geoid": "06001408700"}}, {"type": "Feature", "geometry": {"type": "Point", "coordinates": [-122.18077351028566, 37.73325599457768]}, "properties": {"case_id": "1604329", "category": "ENVIRON_ENF", "complaint_type": "Illegal Dumping (Enforcement Potential)", "status": "WOCREATE", "date_opened": "2026-02-23T13:56:52.000", "date_closed": null, "address": "CARY ST & HALE AV", "zipcode": "94603", "councildistrict": "CCD7", "source": "Phone", "tract_id": "409100", "tract_geoid": "06001409100"}}, {"type": "Feature", "geometry": {"type": "Point", "coordinates": [-122.15601135964393, 37.745889545474895]}, "properties": {"case_id": "1604647", "category": "ENVIRON_ENF", "complaint_type": "Illegal Dumping (Enforcement Potential)", "status": "WOCREATE", "date_opened": "2026-02-24T13:11:19.000", "date_closed": null, "address": "10000 MACARTHUR BLVD", "zipcode": "94605", "councildistrict": "CCD7", "source": "Phone", "tract_id": "410100", "tract_geoid": "06001410100"}}, {"type": "Feature", "geometry": {"type": "Point", "coordinates": [-122.18155621239282, 37.77275942760106]}, "properties": {"case_id": "1604960", "category": "ENVIRON_ENF", "complaint_type": "Illegal Dumping (Enforcement Potential)", "status": "WOCREATE", "date_opened": "2026-02-25T11:54:51.000", "date_closed": null, "address": "3141 64TH AV", "zipcode": "94605", "councildistrict": "CCD6", "source": "SeeClickFix", "tract_id": "408700", "tract_geoid": "06001408700"}}, {"type": "Feature", "geometry": {"type": "Point", "coordinates": [-122.27318580869023, 37.82493604706683]}, "properties": {"case_id": "1605029", "category": "ENVIRON_ENF", "complaint_type": "Illegal Dumping (Enforcement Potential)", "status": "WOCREATE", "date_opened": "2026-02-25T13:47:52.000", "date_closed": null, "address": "827 35TH ST", "zipcode": "94608", "councildistrict": "CCD3", "source": "Phone", "tract_id": "401400", "tract_geoid": "06001401400"}}, {"type": "Feature", "geometry": {"type": "Point", "coordinates": [-122.18155621239282, 37.77275942760106]}, "properties": {"case_id": "1605037", "category": "ENVIRON_ENF", "complaint_type": "Illegal Dumping (Enforcement Potential)", "status": "WOCREATE", "date_opened": "2026-02-25T13:59:37.000", "date_closed": null, "address": "3141 64TH AV", "zipcode": "94605", "councildistrict": "CCD6", "source": "Email", "tract_id": "408700", "tract_geoid": "06001408700"}}, {"type": "Feature", "geometry": {"type": "Point", "coordinates": [-122.27275946825633, 37.81657557782883]}, "properties": {"case_id": "1605310", "category": "ENVIRON_ENF", "complaint_type": "Illegal Dumping (Enforcement Potential)", "status": "WOCREATE", "date_opened": "2026-02-26T11:56:34.000", "date_closed": null, "address": "704 26TH ST", "zipcode": "94612", "councildistrict": "CCD3", "source": "Phone", "tract_id": "401400", "tract_geoid": "06001401400"}}, {"type": "Feature", "geometry": {"type": "Point", "coordinates": [-122.27570225929598, 37.83412587870623]}, "properties": {"case_id": "1605755", "category": "ENVIRON_ENF", "complaint_type": "Illegal Dumping (Enforcement Potential)", "status": "GONE ON ARRIVAL", "date_opened": "2026-02-27T14:59:26.000", "date_closed": null, "address": "44TH ST & LINDEN ST", "zipcode": "94608", "councildistrict": "CCD1", "source": "SeeClickFix", "tract_id": "401000", "tract_geoid": "06001401000"}}, {"type": "Feature", "geometry": {"type": "Point", "coordinates": [-122.18481871384215, 37.7483652812141]}, "properties": {"case_id": "1605993", "category": "ENVIRON_ENF", "complaint_type": "Illegal Dumping (Enforcement Potential)", "status": "WOCREATE", "date_opened": "2026-02-28T15:07:07.000", "date_closed": null, "address": "8710 G ST", "zipcode": "94621", "councildistrict": "CCD7", "source": "SeeClickFix", "tract_id": "409500", "tract_geoid": "06001409500"}}, {"type": "Feature", "geometry": {"type": "Point", "coordinates": [-122.18825602744577, 37.7605258976235]}, "properties": {"case_id": "1606236", "category": "ENVIRON_ENF", "complaint_type": "Illegal Dumping (Enforcement Potential)", "status": "WOCREATE", "date_opened": "2026-03-02T08:11:23.000", "date_closed": null, "address": "1430 71ST AVE", "zipcode": "94621", "councildistrict": "CCD6", "source": "SeeClickFix", "tract_id": "408600", "tract_geoid": "06001408600"}}, {"type": "Feature", "geometry": {"type": "Point", "coordinates": [-122.27252851139674, 37.82776170814166]}, "properties": {"case_id": "1606309", "category": "ENVIRON_ENF", "complaint_type": "Illegal Dumping (Enforcement Potential)", "status": "GONE ON ARRIVAL", "date_opened": "2026-03-02T09:48:47.000", "date_closed": null, "address": "829 W MACARTHUR BLVD", "zipcode": "94608", "councildistrict": "CCD1", "source": "Phone", "tract_id": "401000", "tract_geoid": "06001401000"}}, {"type": "Feature", "geometry": {"type": "Point", "coordinates": [-122.24084115839725, 37.78626926326]}, "properties": {"case_id": "1606456", "category": "ENVIRON_ENF", "complaint_type": "Illegal Dumping (Enforcement Potential)", "status": "GONE ON ARRIVAL", "date_opened": "2026-03-02T13:09:08.000", "date_closed": null, "address": "1921 INTERNATIONAL BLVD", "zipcode": "94606", "councildistrict": "CCD2", "source": "Email", "tract_id": "406000", "tract_geoid": "06001406000"}}, {"type": "Feature", "geometry": {"type": "Point", "coordinates": [-122.21112408031068, 37.7922612000071]}, "properties": {"case_id": "1607116", "category": "ENVIRON_ENF", "complaint_type": "Illegal Dumping (Enforcement Potential)", "status": "WOCREATE", "date_opened": "2026-03-04T11:25:17.000", "date_closed": null, "address": "3057 CURRAN AV", "zipcode": "94602", "councildistrict": "CCD5", "source": "Phone", "tract_id": "406601", "tract_geoid": "06001406601"}}, {"type": "Feature", "geometry": {"type": "Point", "coordinates": [-122.27495854407215, 37.815732013228775]}, "properties": {"case_id": "1607139", "category": "ENVIRON_ENF", "complaint_type": "Illegal Dumping (Enforcement Potential)", "status": "GONE ON ARRIVAL", "date_opened": "2026-03-04T12:03:36.000", "date_closed": null, "address": "SAN PABLO AV & ATHENS AV", "zipcode": "94612", "councildistrict": "CCD3", "source": "Phone", "tract_id": "401400", "tract_geoid": "06001401400"}}, {"type": "Feature", "geometry": {"type": "Point", "coordinates": [-122.29065471720223, 37.817656294398155]}, "properties": {"case_id": "1607623", "category": "ENVIRON_ENF", "complaint_type": "Illegal Dumping (Enforcement Potential)", "status": "WOCREATE", "date_opened": "2026-03-05T16:08:38.000", "date_closed": null, "address": "2200 CAMPBELL ST", "zipcode": "94607", "councildistrict": "CCD3", "source": "SeeClickFix", "tract_id": "401700", "tract_geoid": "06001401700"}}, {"type": "Feature", "geometry": {"type": "Point", "coordinates": [-122.24365881411781, 37.789207292578496]}, "properties": {"case_id": "1607688", "category": "ENVIRON_ENF", "complaint_type": "Illegal Dumping (Enforcement Potential)", "status": "GONE ON ARRIVAL", "date_opened": "2026-03-05T20:46:21.000", "date_closed": null, "address": "1447 16TH AVE", "zipcode": "94606", "councildistrict": "CCD2", "source": "SeeClickFix", "tract_id": "405902", "tract_geoid": "06001405902"}}, {"type": "Feature", "geometry": {"type": "Point", "coordinates": [-122.21200137501727, 37.79331799480102]}, "properties": {"case_id": "1607773", "category": "ENVIRON_ENF", "complaint_type": "Illegal Dumping (Enforcement Potential)", "status": "WOCREATE", "date_opened": "2026-03-06T09:40:09.000", "date_closed": null, "address": "3108 PLEITNER AV", "zipcode": "94602", "councildistrict": "CCD5", "source": "SeeClickFix", "tract_id": "406601", "tract_geoid": "06001406601"}}, {"type": "Feature", "geometry": {"type": "Point", "coordinates": [-122.21189303819399, 37.79347345672163]}, "properties": {"case_id": "1607776", "category": "ENVIRON_ENF", "complaint_type": "Illegal Dumping (Enforcement Potential)", "status": "WOCREATE", "date_opened": "2026-03-06T09:45:14.000", "date_closed": null, "address": "3124 PLEITNER AV", "zipcode": "94602", "councildistrict": "CCD5", "source": "SeeClickFix", "tract_id": "406601", "tract_geoid": "06001406601"}}, {"type": "Feature", "geometry": {"type": "Point", "coordinates": [-122.21217861262285, 37.793698911418915]}, "properties": {"case_id": "1607782", "category": "ENVIRON_ENF", "complaint_type": "Illegal Dumping (Enforcement Potential)", "status": "WOCREATE", "date_opened": "2026-03-06T09:48:00.000", "date_closed": null, "address": "3124 PLEITNER AVE", "zipcode": "94602", "councildistrict": "CCD5", "source": "SeeClickFix", "tract_id": "406601", "tract_geoid": "06001406601"}}, {"type": "Feature", "geometry": {"type": "Point", "coordinates": [-122.26583255909951, 37.7940060000541]}, "properties": {"case_id": "1607796", "category": "HE_CLEAN", "complaint_type": "Homeless Encampment - Closure Needed", "status": "OPEN", "date_opened": "2026-03-06T10:05:58.000", "date_closed": null, "address": "4TH ST & FALLON ST", "zipcode": "94607", "councildistrict": "CCD2", "source": "SeeClickFix", "tract_id": "403302", "tract_geoid": "06001403302"}}, {"type": "Feature", "geometry": {"type": "Point", "coordinates": [-122.19167681204817, 37.772799333524986]}, "properties": {"case_id": "1607846", "category": "ENVIRON_ENF", "complaint_type": "Illegal Dumping (Enforcement Potential)", "status": "WOCREATE", "date_opened": "2026-03-06T11:37:28.000", "date_closed": null, "address": "5763 WALNUT ST", "zipcode": "94605", "councildistrict": "CCD6", "source": "Phone", "tract_id": "407700", "tract_geoid": "06001407700"}}, {"type": "Feature", "geometry": {"type": "Point", "coordinates": [-122.17833898603384, 37.7333010370445]}, "properties": {"case_id": "1607901", "category": "ENVIRON_ENF", "complaint_type": "Illegal Dumping (Enforcement Potential)", "status": "WOCREATE", "date_opened": "2026-03-06T13:53:50.000", "date_closed": null, "address": "EDES AV & 105TH AV", "zipcode": "94603", "councildistrict": "CCD7", "source": "Phone", "tract_id": "409200", "tract_geoid": "06001409200"}}, {"type": "Feature", "geometry": {"type": "Point", "coordinates": [-122.18580003345865, 37.770100025565256]}, "properties": {"case_id": "1608078", "category": "ENVIRON_ENF", "complaint_type": "Illegal Dumping (Enforcement Potential)", "status": "GONE ON ARRIVAL", "date_opened": "2026-03-07T11:36:25.000", "date_closed": null, "address": "6315 BANCROFT AVE", "zipcode": "94605", "councildistrict": "CCD6", "source": "SeeClickFix", "tract_id": "408700", "tract_geoid": "06001408700"}}, {"type": "Feature", "geometry": {"type": "Point", "coordinates": [-122.17777107111112, 37.73284336452138]}, "properties": {"case_id": "1608187", "category": "ENVIRON_ENF", "complaint_type": "Illegal Dumping (Enforcement Potential)", "status": "WOCREATE", "date_opened": "2026-03-07T22:01:54.000", "date_closed": null, "address": "10500 EDES AVE", "zipcode": "94603", "councildistrict": "CCD7", "source": "SeeClickFix", "tract_id": "409200", "tract_geoid": "06001409200"}}, {"type": "Feature", "geometry": {"type": "Point", "coordinates": [-122.27214636807483, 37.81296671150162]}, "properties": {"case_id": "1608410", "category": "ENVIRON_ENF", "complaint_type": "Illegal Dumping (Enforcement Potential)", "status": "WOCREATE", "date_opened": "2026-03-09T09:54:45.000", "date_closed": null, "address": "625 23RD ST", "zipcode": "94612", "councildistrict": "CCD3", "source": "SeeClickFix", "tract_id": "401300", "tract_geoid": "06001401300"}}, {"type": "Feature", "geometry": {"type": "Point", "coordinates": [-122.17325676731322, 37.747714142471]}, "properties": {"case_id": "1608580", "category": "ENVIRON_ENF", "complaint_type": "Illegal Dumping (Enforcement Potential)", "status": "GONE ON ARRIVAL", "date_opened": "2026-03-09T15:27:45.000", "date_closed": null, "address": "1390 93RD AV", "zipcode": "94603", "councildistrict": "CCD7", "source": "Phone or Email", "tract_id": "409400", "tract_geoid": "06001409400"}}, {"type": "Feature", "geometry": {"type": "Point", "coordinates": [-122.27508637433709, 37.81218151327762]}, "properties": {"case_id": "1608703", "category": "HE_CLEAN", "complaint_type": "Homeless Encampment - Closure Needed", "status": "OPEN", "date_opened": "2026-03-10T02:28:16.000", "date_closed": null, "address": "2124 BRUSH ST", "zipcode": "94612", "councildistrict": "CCD3", "source": "SeeClickFix", "tract_id": "402700", "tract_geoid": "06001402700"}}, {"type": "Feature", "geometry": {"type": "Point", "coordinates": [-122.22405775427865, 37.778546342725775]}, "properties": {"case_id": "1608722", "category": "ENVIRON_ENF", "complaint_type": "Illegal Dumping (Enforcement Potential)", "status": "GONE ON ARRIVAL", "date_opened": "2026-03-10T08:20:40.000", "date_closed": null, "address": "1469 33RD AV", "zipcode": "94601", "councildistrict": "CCD5", "source": "Phone", "tract_id": "407200", "tract_geoid": "06001407200"}}, {"type": "Feature", "geometry": {"type": "Point", "coordinates": [-122.12865900671162, 37.76950801653403]}, "properties": {"case_id": "1608969", "category": "ENVIRON_ENF", "complaint_type": "Illegal Dumping (Enforcement Potential)", "status": "CLOSED", "date_opened": "2026-03-10T16:51:43.000", "date_closed": "2026-03-27T15:02:48.000", "address": "SKYLINE BLVD & KELLER AV", "zipcode": "94619", "councildistrict": "CCD7", "source": "Phone", "tract_id": "409900", "tract_geoid": "06001409900"}}, {"type": "Feature", "geometry": {"type": "Point", "coordinates": [-122.21613003206366, 37.79847901374685]}, "properties": {"case_id": "1609157", "category": "ENVIRON_ENF", "complaint_type": "Illegal Dumping (Enforcement Potential)", "status": "WOCREATE", "date_opened": "2026-03-11T11:29:58.000", "date_closed": null, "address": "FLAGG AV & MONTANA ST", "zipcode": "94602", "councildistrict": "CCD4", "source": "Phone or Email", "tract_id": "406602", "tract_geoid": "06001406602"}}, {"type": "Feature", "geometry": {"type": "Point", "coordinates": [-122.21613003206366, 37.79847901374685]}, "properties": {"case_id": "1609202", "category": "ENVIRON_ENF", "complaint_type": "Illegal Dumping (Enforcement Potential)", "status": "WOCREATE", "date_opened": "2026-03-11T13:08:53.000", "date_closed": null, "address": "FLAGG AV & MONTANA ST", "zipcode": "94602", "councildistrict": "CCD4", "source": "Phone or Email", "tract_id": "406602", "tract_geoid": "06001406602"}}, {"type": "Feature", "geometry": {"type": "Point", "coordinates": [-122.26364102913207, 37.833723034711326]}, "properties": {"case_id": "1609209", "category": "ENVIRON_ENF", "complaint_type": "Illegal Dumping (Enforcement Potential)", "status": "GONE ON ARRIVAL", "date_opened": "2026-03-11T13:30:23.000", "date_closed": null, "address": "SHATTUCK AV & 46TH ST", "zipcode": "94609", "councildistrict": "CCD1", "source": "Phone", "tract_id": "401100", "tract_geoid": "06001401100"}}, {"type": "Feature", "geometry": {"type": "Point", "coordinates": [-122.2393000086956, 37.78610001331069]}, "properties": {"case_id": "1609548", "category": "ENVIRON_ENF", "complaint_type": "Illegal Dumping (Enforcement Potential)", "status": "WOCREATE", "date_opened": "2026-03-12T11:05:24.000", "date_closed": null, "address": "2001 MARIN WAY", "zipcode": "94606", "councildistrict": "CCD2", "source": "SeeClickFix", "tract_id": "405901", "tract_geoid": "06001405901"}}, {"type": "Feature", "geometry": {"type": "Point", "coordinates": [-122.17807524066637, 37.75296038066153]}, "properties": {"case_id": "1609689", "category": "ENVIRON_ENF", "complaint_type": "Illegal Dumping (Enforcement Potential)", "status": "WOCREATE", "date_opened": "2026-03-12T15:26:21.000", "date_closed": null, "address": "1351 85TH AV", "zipcode": "94621", "councildistrict": "CCD7", "source": "Phone", "tract_id": "409500", "tract_geoid": "06001409500"}}, {"type": "Feature", "geometry": {"type": "Point", "coordinates": [-122.25430915029628, 37.846332469912085]}, "properties": {"case_id": "1610451", "category": "ENVIRON_ENF", "complaint_type": "Illegal Dumping (Enforcement Potential)", "status": "GONE ON ARRIVAL", "date_opened": "2026-03-14T16:34:34.000", "date_closed": null, "address": "5944 CHABOT RD", "zipcode": "94618", "councildistrict": "CCD1", "source": "SeeClickFix", "tract_id": "400200", "tract_geoid": "06001400200"}}, {"type": "Feature", "geometry": {"type": "Point", "coordinates": [-122.2648373155961, 37.83949864805047]}, "properties": {"case_id": "1610456", "category": "ENVIRON_ENF", "complaint_type": "Illegal Dumping (Enforcement Potential)", "status": "WOCREATE", "date_opened": "2026-03-14T17:01:28.000", "date_closed": null, "address": "54TH AV & SHATTUCK AV", "zipcode": "94609", "councildistrict": "CCD1", "source": "SeeClickFix", "tract_id": "400600", "tract_geoid": "06001400600"}}, {"type": "Feature", "geometry": {"type": "Point", "coordinates": [-122.24169195280295, 37.80180545307259]}, "properties": {"case_id": "1610476", "category": "ENVIRON_ENF", "complaint_type": "Illegal Dumping (Enforcement Potential)", "status": "WOCREATE", "date_opened": "2026-03-14T21:41:41.000", "date_closed": null, "address": "2515 IVY DR", "zipcode": "94606", "councildistrict": "CCD2", "source": "SeeClickFix", "tract_id": "405600", "tract_geoid": "06001405600"}}, {"type": "Feature", "geometry": {"type": "Point", "coordinates": [-122.2685055860593, 37.82680545291323]}, "properties": {"case_id": "1610571", "category": "HE_CLEAN", "complaint_type": "Homeless Encampment - Deep Cleaning Needed", "status": "WOCREATE", "date_opened": "2026-03-15T14:40:03.000", "date_closed": null, "address": "625 W MACARTHUR BLVD", "zipcode": "94609", "councildistrict": "CCD3", "source": "SeeClickFix", "tract_id": "401000", "tract_geoid": "06001401000"}}, {"type": "Feature", "geometry": {"type": "Point", "coordinates": [-122.1581540212599, 37.74294098632025]}, "properties": {"case_id": "1611157", "category": "ENVIRON_ENF", "complaint_type": "Illegal Dumping (Enforcement Potential)", "status": "GONE ON ARRIVAL", "date_opened": "2026-03-17T11:34:01.000", "date_closed": null, "address": "BANCROFT AV & 104TH AV", "zipcode": "94603", "councildistrict": "CCD7", "source": "Email", "tract_id": "410400", "tract_geoid": "06001410400"}}, {"type": "Feature", "geometry": {"type": "Point", "coordinates": [-122.27252851139674, 37.82776170814166]}, "properties": {"case_id": "1611276", "category": "ENVIRON_ENF", "complaint_type": "Illegal Dumping (Enforcement Potential)", "status": "CLOSED", "date_opened": "2026-03-17T15:30:15.000", "date_closed": "2026-03-19T09:10:46.000", "address": "829 W MACARTHUR BLVD", "zipcode": "94608", "councildistrict": "CCD1", "source": "Phone", "tract_id": "401000", "tract_geoid": "06001401000"}}, {"type": "Feature", "geometry": {"type": "Point", "coordinates": [-122.18590441769469, 37.75732018390479]}, "properties": {"case_id": "1612066", "category": "ENVIRON_ENF", "complaint_type": "Illegal Dumping (Enforcement Potential)", "status": "GONE ON ARRIVAL", "date_opened": "2026-03-19T15:30:48.000", "date_closed": null, "address": "1310 76TH AV", "zipcode": "94621", "councildistrict": "CCD7", "source": "Email", "tract_id": "408900", "tract_geoid": "06001408900"}}, {"type": "Feature", "geometry": {"type": "Point", "coordinates": [-122.18118628615878, 37.75762962535316]}, "properties": {"case_id": "1612154", "category": "ENVIRON_ENF", "complaint_type": "Illegal Dumping (Enforcement Potential)", "status": "WOCREATE", "date_opened": "2026-03-19T19:40:05.000", "date_closed": null, "address": "1476 79TH AV", "zipcode": "94621", "councildistrict": "CCD6", "source": "SeeClickFix", "tract_id": "408500", "tract_geoid": "06001408500"}}, {"type": "Feature", "geometry": {"type": "Point", "coordinates": [-122.26719153046152, 37.81904397968119]}, "properties": {"case_id": "1612661", "category": "HE_CLEAN", "complaint_type": "Homeless Encampment - Closure Needed", "status": "OPEN", "date_opened": "2026-03-21T13:21:27.000", "date_closed": null, "address": "TELEGRAPH AV & 30TH ST", "zipcode": "94609", "councildistrict": "CCD3", "source": "SeeClickFix", "tract_id": "401300", "tract_geoid": "06001401300"}}, {"type": "Feature", "geometry": {"type": "Point", "coordinates": [-122.29505843838865, 37.814607411023346]}, "properties": {"case_id": "1612718", "category": "ENVIRON_ENF", "complaint_type": "Illegal Dumping (Enforcement Potential)", "status": "WOCREATE", "date_opened": "2026-03-21T16:17:39.000", "date_closed": null, "address": "WILLOW ST & 17TH ST", "zipcode": "94607", "councildistrict": "CCD3", "source": "SeeClickFix", "tract_id": "401700", "tract_geoid": "06001401700"}}, {"type": "Feature", "geometry": {"type": "Point", "coordinates": [-122.29652969916118, 37.81056190911201]}, "properties": {"case_id": "1612783", "category": "ENVIRON_ENF", "complaint_type": "Illegal Dumping (Enforcement Potential)", "status": "WOCREATE", "date_opened": "2026-03-22T09:02:40.000", "date_closed": null, "address": "1655 12TH ST", "zipcode": "94607", "councildistrict": "CCD3", "source": "SeeClickFix", "tract_id": "401800", "tract_geoid": "06001401800"}}, {"type": "Feature", "geometry": {"type": "Point", "coordinates": [-122.21001600840756, 37.773448121298784]}, "properties": {"case_id": "1613022", "category": "ENVIRON_ENF", "complaint_type": "Illegal Dumping (Enforcement Potential)", "status": "CLOSED", "date_opened": "2026-03-23T09:28:35.000", "date_closed": "2026-04-06T10:36:29.000", "address": "4559 FOOTHILL BLVD", "zipcode": "94601", "councildistrict": "CCD5", "source": "SeeClickFix", "tract_id": "407400", "tract_geoid": "06001407400"}}, {"type": "Feature", "geometry": {"type": "Point", "coordinates": [-122.2102202853032, 37.77375600414737]}, "properties": {"case_id": "1613030", "category": "ENVIRON_ENF", "complaint_type": "Illegal Dumping (Enforcement Potential)", "status": "CLOSED", "date_opened": "2026-03-23T09:34:54.000", "date_closed": "2026-04-06T10:36:30.000", "address": "4550 FOOTHILL BLVD", "zipcode": "94601", "councildistrict": "CCD5", "source": "Phone", "tract_id": "407400", "tract_geoid": "06001407400"}}, {"type": "Feature", "geometry": {"type": "Point", "coordinates": [-122.27098996680941, 37.79904623108062]}, "properties": {"case_id": "1613336", "category": "ENVIRON_ENF", "complaint_type": "Illegal Dumping (Enforcement Potential)", "status": "WOCREATE", "date_opened": "2026-03-24T06:12:03.000", "date_closed": null, "address": "333 8TH ST", "zipcode": "94607", "councildistrict": "CCD2", "source": "Email", "tract_id": "403000", "tract_geoid": "06001403000"}}, {"type": "Feature", "geometry": {"type": "Point", "coordinates": [-122.21981456203352, 37.79098340012674]}, "properties": {"case_id": "1613338", "category": "ENVIRON_ENF", "complaint_type": "Illegal Dumping (Enforcement Potential)", "status": "WOCREATE", "date_opened": "2026-03-24T06:36:18.000", "date_closed": null, "address": "2728 FRUITVALE AV", "zipcode": "94601", "councildistrict": "CCD5", "source": "Email", "tract_id": "406500", "tract_geoid": "06001406500"}}, {"type": "Feature", "geometry": {"type": "Point", "coordinates": [-122.26553997781143, 37.83109498770155]}, "properties": {"case_id": "1613787", "category": "ENVIRON_ENF", "complaint_type": "Illegal Dumping (Enforcement Potential)", "status": "WOCREATE", "date_opened": "2026-03-25T08:35:24.000", "date_closed": null, "address": "42ND ST & 41ST ST", "zipcode": "94609", "councildistrict": "CCD1", "source": "Email", "tract_id": "401100", "tract_geoid": "06001401100"}}, {"type": "Feature", "geometry": {"type": "Point", "coordinates": [-122.14463850848233, 37.77310800014856]}, "properties": {"case_id": "1613861", "category": "ENVIRON_ENF", "complaint_type": "Illegal Dumping (Enforcement Potential)", "status": "CLOSED", "date_opened": "2026-03-25T10:49:55.000", "date_closed": "2026-04-01T15:25:26.000", "address": "KELLER AV & CAMPUS DR", "zipcode": "94605", "councildistrict": "CCD7", "source": "Email", "tract_id": "409900", "tract_geoid": "06001409900"}}, {"type": "Feature", "geometry": {"type": "Point", "coordinates": [-122.18751904958658, 37.806623995831]}, "properties": {"case_id": "1613944", "category": "ENVIRON_ENF", "complaint_type": "Illegal Dumping (Enforcement Potential)", "status": "GONE ON ARRIVAL", "date_opened": "2026-03-25T13:03:38.000", "date_closed": null, "address": "BUTTERS DR & BRUNELL DR", "zipcode": "94602", "councildistrict": "CCD4", "source": "Email", "tract_id": "408000", "tract_geoid": "06001408000"}}, {"type": "Feature", "geometry": {"type": "Point", "coordinates": [-122.18110498862555, 37.75766833207625]}, "properties": {"case_id": "1614113", "category": "ENVIRON_ENF", "complaint_type": "Illegal Dumping (Enforcement Potential)", "status": "WOCREATE", "date_opened": "2026-03-25T20:57:32.000", "date_closed": null, "address": "1476 79TH AV", "zipcode": "94621", "councildistrict": "CCD6", "source": "SeeClickFix", "tract_id": "408500", "tract_geoid": "06001408500"}}, {"type": "Feature", "geometry": {"type": "Point", "coordinates": [-122.2646322302167, 37.825285437835305]}, "properties": {"case_id": "1614441", "category": "ENVIRON_ENF", "complaint_type": "Illegal Dumping (Enforcement Potential)", "status": "CLOSED", "date_opened": "2026-03-26T15:37:50.000", "date_closed": "2026-04-03T13:24:41.000", "address": "484 37TH ST", "zipcode": "94609", "councildistrict": "CCD3", "source": "SeeClickFix", "tract_id": "401100", "tract_geoid": "06001401100"}}, {"type": "Feature", "geometry": {"type": "Point", "coordinates": [-122.29066028675699, 37.81786471496741]}, "properties": {"case_id": "1614801", "category": "ENVIRON_ENF", "complaint_type": "Illegal Dumping (Enforcement Potential)", "status": "WOCREATE", "date_opened": "2026-03-27T15:42:45.000", "date_closed": null, "address": "2225 CAMPBELL ST", "zipcode": "94607", "councildistrict": "CCD3", "source": "SeeClickFix", "tract_id": "401700", "tract_geoid": "06001401700"}}, {"type": "Feature", "geometry": {"type": "Point", "coordinates": [-122.24265871971186, 37.81136046690509]}, "properties": {"case_id": "1615404", "category": "ENVIRON_ENF", "complaint_type": "Illegal Dumping (Enforcement Potential)", "status": "WOCREATE", "date_opened": "2026-03-30T10:52:07.000", "date_closed": null, "address": "3419 LAKESHORE AVE", "zipcode": "94610", "councildistrict": "CCD2", "source": "SeeClickFix", "tract_id": "403800", "tract_geoid": "06001403800"}}, {"type": "Feature", "geometry": {"type": "Point", "coordinates": [-122.16721047662955, 37.74780903988892]}, "properties": {"case_id": "1615507", "category": "ENVIRON_ENF", "complaint_type": "Illegal Dumping (Enforcement Potential)", "status": "GONE ON ARRIVAL", "date_opened": "2026-03-30T13:48:01.000", "date_closed": null, "address": "CHERRY ST & 96TH AV", "zipcode": "94603", "councildistrict": "CCD7", "source": "Phone", "tract_id": "410300", "tract_geoid": "06001410300"}}, {"type": "Feature", "geometry": {"type": "Point", "coordinates": [-122.25414844169192, 37.8302162550612]}, "properties": {"case_id": "1615584", "category": "ENVIRON_ENF", "complaint_type": "Illegal Dumping (Enforcement Potential)", "status": "WOCREATE", "date_opened": "2026-03-30T16:10:36.000", "date_closed": null, "address": "4213 TERRACE ST", "zipcode": "94611", "councildistrict": "CCD1", "source": "SeeClickFix", "tract_id": "404101", "tract_geoid": "06001404101"}}, {"type": "Feature", "geometry": {"type": "Point", "coordinates": [-122.25401441305152, 37.83040874700627]}, "properties": {"case_id": "1615585", "category": "ENVIRON_ENF", "complaint_type": "Illegal Dumping (Enforcement Potential)", "status": "GONE ON ARRIVAL", "date_opened": "2026-03-30T16:13:58.000", "date_closed": null, "address": "4217 TERRACE ST", "zipcode": "94611", "councildistrict": "CCD1", "source": "SeeClickFix", "tract_id": "404101", "tract_geoid": "06001404101"}}, {"type": "Feature", "geometry": {"type": "Point", "coordinates": [-122.27816463132162, 37.82298272068038]}, "properties": {"case_id": "1615679", "category": "ENVIRON_ENF", "complaint_type": "Illegal Dumping (Enforcement Potential)", "status": "CANCEL", "date_opened": "2026-03-30T22:11:34.000", "date_closed": null, "address": "1007 32ND ST", "zipcode": "94608", "councildistrict": "CCD3", "source": "SeeClickFix", "tract_id": "401500", "tract_geoid": "06001401500"}}, {"type": "Feature", "geometry": {"type": "Point", "coordinates": [-122.27446222487761, 37.81747895549332]}, "properties": {"case_id": "1615862", "category": "ENVIRON_ENF", "complaint_type": "Illegal Dumping (Enforcement Potential)", "status": "CLOSED", "date_opened": "2026-03-31T14:33:21.000", "date_closed": "2026-04-09T15:14:06.000", "address": "807 27TH ST", "zipcode": "94612", "councildistrict": "CCD3", "source": "Email", "tract_id": "401400", "tract_geoid": "06001401400"}}, {"type": "Feature", "geometry": {"type": "Point", "coordinates": [-122.2345320206614, 37.78994801107229]}, "properties": {"case_id": "1615896", "category": "ENVIRON_ENF", "complaint_type": "Illegal Dumping (Enforcement Potential)", "status": "WOCREATE", "date_opened": "2026-03-31T16:29:03.000", "date_closed": null, "address": "2043 E 21ST ST", "zipcode": "94606", "councildistrict": "CCD2", "source": "SeeClickFix", "tract_id": "405901", "tract_geoid": "06001405901"}}, {"type": "Feature", "geometry": {"type": "Point", "coordinates": [-122.16930346141031, 37.74873818999007]}, "properties": {"case_id": "1615926", "category": "ENVIRON_ENF", "complaint_type": "Illegal Dumping (Enforcement Potential)", "status": "WOCREATE", "date_opened": "2026-03-31T19:18:25.000", "date_closed": null, "address": "94TH AVE & PLYMOUTH ST", "zipcode": "94603", "councildistrict": "CCD7", "source": "SeeClickFix", "tract_id": "409600", "tract_geoid": "06001409600"}}, {"type": "Feature", "geometry": {"type": "Point", "coordinates": [-122.26883365080111, 37.836331477986235]}, "properties": {"case_id": "1616132", "category": "ENVIRON_ENF", "complaint_type": "Illegal Dumping (Enforcement Potential)", "status": "CLOSED", "date_opened": "2026-04-01T11:29:47.000", "date_closed": "2026-04-03T13:09:20.000", "address": "840 51ST ST", "zipcode": "94608", "councildistrict": "CCD1", "source": "SeeClickFix", "tract_id": "401000", "tract_geoid": "06001401000"}}, {"type": "Feature", "geometry": {"type": "Point", "coordinates": [-122.21365867688517, 37.774423315939025]}, "properties": {"case_id": "1616156", "category": "ENVIRON_ENF", "complaint_type": "Illegal Dumping (Enforcement Potential)", "status": "WOCREATE", "date_opened": "2026-04-01T12:12:55.000", "date_closed": null, "address": "4232 E 17TH ST", "zipcode": "94601", "councildistrict": "CCD5", "source": "Phone", "tract_id": "407200", "tract_geoid": "06001407200"}}, {"type": "Feature", "geometry": {"type": "Point", "coordinates": [-122.2828868052763, 37.84636219220998]}, "properties": {"case_id": "1616263", "category": "ENVIRON_ENF", "complaint_type": "Illegal Dumping (Enforcement Potential)", "status": "GONE ON ARRIVAL", "date_opened": "2026-04-01T16:29:39.000", "date_closed": null, "address": "1074 63RD ST", "zipcode": "94608", "councildistrict": "CCD1", "source": "Phone", "tract_id": "400800", "tract_geoid": "06001400800"}}, {"type": "Feature", "geometry": {"type": "Point", "coordinates": [-122.18923887419827, 37.76392655220932]}, "properties": {"case_id": "1616277", "category": "ENVIRON_ENF", "complaint_type": "Illegal Dumping (Enforcement Potential)", "status": "CLOSED", "date_opened": "2026-04-01T17:32:28.000", "date_closed": "2026-04-07T10:49:09.000", "address": "1645 67TH AVE", "zipcode": "94621", "councildistrict": "CCD6", "source": "SeeClickFix", "tract_id": "408600", "tract_geoid": "06001408600"}}, {"type": "Feature", "geometry": {"type": "Point", "coordinates": [-122.25645998658135, 37.793816252650025]}, "properties": {"case_id": "1616484", "category": "ENVIRON_ENF", "complaint_type": "Illegal Dumping (Enforcement Potential)", "status": "GONE ON ARRIVAL", "date_opened": "2026-04-02T12:17:52.000", "date_closed": null, "address": "1014 5TH AV", "zipcode": "94606", "councildistrict": "CCD2", "source": "Phone", "tract_id": "406000", "tract_geoid": "06001406000"}}, {"type": "Feature", "geometry": {"type": "Point", "coordinates": [-122.27470566831964, 37.82901786965934]}, "properties": {"case_id": "1616806", "category": "ENVIRON_ENF", "complaint_type": "Illegal Dumping (Enforcement Potential)", "status": "WOCREATE", "date_opened": "2026-04-03T10:02:34.000", "date_closed": null, "address": "915 APGAR ST", "zipcode": "94608", "councildistrict": "CCD1", "source": "Phone", "tract_id": "401000", "tract_geoid": "06001401000"}}, {"type": "Feature", "geometry": {"type": "Point", "coordinates": [-122.18155621239282, 37.77275942760106]}, "properties": {"case_id": "1616898", "category": "ENVIRON_ENF", "complaint_type": "Illegal Dumping (Enforcement Potential)", "status": "WOCREATE", "date_opened": "2026-04-03T12:26:03.000", "date_closed": null, "address": "3141 64TH AV", "zipcode": "94605", "councildistrict": "CCD6", "source": "SeeClickFix", "tract_id": "408700", "tract_geoid": "06001408700"}}, {"type": "Feature", "geometry": {"type": "Point", "coordinates": [-122.1827400122744, 37.74427203995124]}, "properties": {"case_id": "1617010", "category": "ENVIRON_ENF", "complaint_type": "Illegal Dumping (Enforcement Potential)", "status": "CLOSED", "date_opened": "2026-04-03T17:56:04.000", "date_closed": "2026-04-08T14:23:09.000", "address": "ELLINGTON WY & 92ND AV", "zipcode": "94621", "councildistrict": "CCD7", "source": "SeeClickFix", "tract_id": "409400", "tract_geoid": "06001409400"}}, {"type": "Feature", "geometry": {"type": "Point", "coordinates": [-122.27782048673623, 37.82303097260882]}, "properties": {"case_id": "1617415", "category": "ENVIRON_ENF", "complaint_type": "Illegal Dumping (Enforcement Potential)", "status": "WOCREATE", "date_opened": "2026-04-06T08:29:26.000", "date_closed": null, "address": "32ND ST & FILBERT ST", "zipcode": "94608", "councildistrict": "CCD3", "source": "Email", "tract_id": "401500", "tract_geoid": "06001401500"}}, {"type": "Feature", "geometry": {"type": "Point", "coordinates": [-122.18543325132809, 37.739533897113745]}, "properties": {"case_id": "1618278", "category": "ENVIRON_ENF", "complaint_type": "Illegal Dumping (Enforcement Potential)", "status": "CLOSED", "date_opened": "2026-04-08T08:54:06.000", "date_closed": "2026-04-08T14:49:58.000", "address": "700 CLARA ST", "zipcode": "94603", "councildistrict": "CCD7", "source": "Phone", "tract_id": "409000", "tract_geoid": "06001409000"}}, {"type": "Feature", "geometry": {"type": "Point", "coordinates": [-122.15715841843038, 37.7422979690216]}, "properties": {"case_id": "1618496", "category": "ENVIRON_ENF", "complaint_type": "Illegal Dumping (Enforcement Potential)", "status": "WOCREATE", "date_opened": "2026-04-08T14:02:31.000", "date_closed": null, "address": "10500 BANCROFT AV", "zipcode": "94603", "councildistrict": "CCD7", "source": "SeeClickFix", "tract_id": "410200", "tract_geoid": "06001410200"}}, {"type": "Feature", "geometry": {"type": "Point", "coordinates": [-122.27503795514328, 37.828807351990136]}, "properties": {"case_id": "1618822", "category": "ENVIRON_ENF", "complaint_type": "Illegal Dumping (Enforcement Potential)", "status": "WOCREATE", "date_opened": "2026-04-09T12:37:05.000", "date_closed": null, "address": "915 APGAR ST", "zipcode": "94608", "councildistrict": "CCD1", "source": "SeeClickFix", "tract_id": "401000", "tract_geoid": "06001401000"}}, {"type": "Feature", "geometry": {"type": "Point", "coordinates": [-122.19926991181978, 37.76505057673549]}, "properties": {"case_id": "1618872", "category": "ENVIRON_ENF", "complaint_type": "Illegal Dumping (Enforcement Potential)", "status": "WOCREATE", "date_opened": "2026-04-09T14:33:47.000", "date_closed": null, "address": "5926 INTERNATIONAL BLVD", "zipcode": "94621", "councildistrict": "CCD6", "source": "Phone", "tract_id": "408700", "tract_geoid": "06001408700"}}, {"type": "Feature", "geometry": {"type": "Point", "coordinates": [-122.21241810347763, 37.76902869664576]}, "properties": {"case_id": "1618880", "category": "ENVIRON_ENF", "complaint_type": "Illegal Dumping (Enforcement Potential)", "status": "WOCREATE", "date_opened": "2026-04-09T14:52:49.000", "date_closed": null, "address": "1066 47TH AVE", "zipcode": "94601", "councildistrict": "CCD5", "source": "SeeClickFix", "tract_id": "407300", "tract_geoid": "06001407300"}}, {"type": "Feature", "geometry": {"type": "Point", "coordinates": [-122.2758647645309, 37.834125807758205]}, "properties": {"case_id": "1618937", "category": "ENVIRON_ENF", "complaint_type": "Illegal Dumping (Enforcement Potential)", "status": "CANCEL", "date_opened": "2026-04-09T16:40:06.000", "date_closed": null, "address": "44TH ST & LINDEN ST", "zipcode": "94608", "councildistrict": "CCD1", "source": "SeeClickFix", "tract_id": "401000", "tract_geoid": "06001401000"}}, {"type": "Feature", "geometry": {"type": "Point", "coordinates": [-122.17173223644433, 37.76491976808783]}, "properties": {"case_id": "1619538", "category": "ENVIRON_ENF", "complaint_type": "Illegal Dumping (Enforcement Potential)", "status": "WOCREATE", "date_opened": "2026-04-12T14:18:52.000", "date_closed": null, "address": "2655 78TH AV", "zipcode": "94605", "councildistrict": "CCD6", "source": "SeeClickFix", "tract_id": "408400", "tract_geoid": "06001408400"}}, {"type": "Feature", "geometry": {"type": "Point", "coordinates": [-122.24864248765174, 37.801484981752274]}, "properties": {"case_id": "1620427", "category": "ENVIRON_ENF", "complaint_type": "Illegal Dumping (Enforcement Potential)", "status": "GONE ON ARRIVAL", "date_opened": "2026-04-15T09:49:05.000", "date_closed": null, "address": "ATHOL AV & NEWTON AV", "zipcode": "94606", "councildistrict": "CCD2", "source": "SeeClickFix", "tract_id": "405200", "tract_geoid": "06001405200"}}, {"type": "Feature", "geometry": {"type": "Point", "coordinates": [-122.19924871157907, 37.769867539916156]}, "properties": {"case_id": "1620722", "category": "ENVIRON_ENF", "complaint_type": "Illegal Dumping (Enforcement Potential)", "status": "WOCREATE", "date_opened": "2026-04-16T06:18:05.000", "date_closed": null, "address": "5527 EDGERLY ST", "zipcode": "94621", "councildistrict": "CCD6", "source": "Email", "tract_id": "407500", "tract_geoid": "06001407500"}}, {"type": "Feature", "geometry": {"type": "Point", "coordinates": [-122.18765945626551, 37.79893436375953]}, "properties": {"case_id": "1620811", "category": "ENVIRON_ENF", "complaint_type": "Illegal Dumping (Enforcement Potential)", "status": "GONE ON ARRIVAL", "date_opened": "2026-04-16T09:53:34.000", "date_closed": null, "address": "3716 REDWOOD RD", "zipcode": "94619", "councildistrict": "CCD4", "source": "Phone", "tract_id": "406800", "tract_geoid": "06001406800"}}, {"type": "Feature", "geometry": {"type": "Point", "coordinates": [-122.1866550499462, 37.732149035374654]}, "properties": {"case_id": "1621015", "category": "ENVIRON_ENF", "complaint_type": "Illegal Dumping (Enforcement Potential)", "status": "CLOSED", "date_opened": "2026-04-16T15:24:43.000", "date_closed": "2026-04-24T15:01:30.000", "address": "ST ELMO DR & BERNHARDT DR", "zipcode": "94603", "councildistrict": "CCD7", "source": "Phone", "tract_id": "409100", "tract_geoid": "06001409100"}}, {"type": "Feature", "geometry": {"type": "Point", "coordinates": [-122.16652569088838, 37.742791527207814]}, "properties": {"case_id": "1621097", "category": "ENVIRON_ENF", "complaint_type": "Illegal Dumping (Enforcement Potential)", "status": "WOCREATE", "date_opened": "2026-04-16T21:55:42.000", "date_closed": null, "address": "1611 101ST AV", "zipcode": "94603", "councildistrict": "CCD7", "source": "SeeClickFix", "tract_id": "410400", "tract_geoid": "06001410400"}}, {"type": "Feature", "geometry": {"type": "Point", "coordinates": [-122.2339014931634, 37.79053140862278]}, "properties": {"case_id": "1621102", "category": "ENVIRON_ENF", "complaint_type": "Illegal Dumping (Enforcement Potential)", "status": "GONE ON ARRIVAL", "date_opened": "2026-04-16T23:05:45.000", "date_closed": null, "address": "2135 21ST AV", "zipcode": "94606", "councildistrict": "CCD2", "source": "SeeClickFix", "tract_id": "405901", "tract_geoid": "06001405901"}}, {"type": "Feature", "geometry": {"type": "Point", "coordinates": [-122.23289798515937, 37.78521385854877]}, "properties": {"case_id": "1621111", "category": "ENVIRON_ENF", "complaint_type": "Illegal Dumping (Enforcement Potential)", "status": "REFERRED", "date_opened": "2026-04-17T05:10:16.000", "date_closed": null, "address": "2331 E 17TH ST", "zipcode": "94601", "councildistrict": "CCD5", "source": "SeeClickFix", "tract_id": "406201", "tract_geoid": "06001406201"}}, {"type": "Feature", "geometry": {"type": "Point", "coordinates": [-122.17745899638139, 37.77803541457363]}, "properties": {"case_id": "1621395", "category": "ENVIRON_ENF", "complaint_type": "Illegal Dumping (Enforcement Potential)", "status": "GONE ON ARRIVAL", "date_opened": "2026-04-17T16:00:40.000", "date_closed": null, "address": "6145 BUENA VENTURA AV", "zipcode": "94612", "councildistrict": null, "source": "Phone", "tract_id": "408200", "tract_geoid": "06001408200"}}, {"type": "Feature", "geometry": {"type": "Point", "coordinates": [-122.18124368850543, 37.74278719402561]}, "properties": {"case_id": "1621427", "category": "ENVIRON_ENF", "complaint_type": "Illegal Dumping (Enforcement Potential)", "status": "WOCREATE", "date_opened": "2026-04-17T17:24:07.000", "date_closed": null, "address": "ELLINGTON WAY & HAWKINS DR", "zipcode": "94612", "councildistrict": null, "source": "SeeClickFix", "tract_id": "409400", "tract_geoid": "06001409400"}}, {"type": "Feature", "geometry": {"type": "Point", "coordinates": [-122.27309103642773, 37.82194203244047]}, "properties": {"case_id": "1621631", "category": "ENVIRON_ENF", "complaint_type": "Illegal Dumping (Enforcement Potential)", "status": "REQUEST COMPLETE", "date_opened": "2026-04-18T16:35:09.000", "date_closed": null, "address": "32ND ST & WEST ST", "zipcode": "94608", "councildistrict": "CCD3", "source": "SeeClickFix", "tract_id": "401400", "tract_geoid": "06001401400"}}, {"type": "Feature", "geometry": {"type": "Point", "coordinates": [-122.22124054771572, 37.77187879352714]}, "properties": {"case_id": "1621890", "category": "ENVIRON_ENF", "complaint_type": "Illegal Dumping (Enforcement Potential)", "status": "GONE ON ARRIVAL", "date_opened": "2026-04-20T09:00:52.000", "date_closed": null, "address": "919 39TH AVE", "zipcode": "94612", "councildistrict": "CCD5", "source": "SeeClickFix", "tract_id": "406100", "tract_geoid": "06001406100"}}, {"type": "Feature", "geometry": {"type": "Point", "coordinates": [-122.1904307589174, 37.767512463113036]}, "properties": {"case_id": "1622095", "category": "ENVIRON_ENF", "complaint_type": "Illegal Dumping (Enforcement Potential)", "status": "GONE ON ARRIVAL", "date_opened": "2026-04-20T14:19:13.000", "date_closed": null, "address": "2321 63RD AV", "zipcode": "94605", "councildistrict": "CCD6", "source": "Phone", "tract_id": "408700", "tract_geoid": "06001408700"}}, {"type": "Feature", "geometry": {"type": "Point", "coordinates": [-122.19078604261232, 37.75688098362956]}, "properties": {"case_id": "1622121", "category": "ENVIRON_ENF", "complaint_type": "Illegal Dumping (Enforcement Potential)", "status": "WOCREATE", "date_opened": "2026-04-20T14:59:01.000", "date_closed": null, "address": "73RD AV & HAMILTON ST", "zipcode": "94621", "councildistrict": "CCD6", "source": "Email", "tract_id": "408900", "tract_geoid": "06001408900"}}, {"type": "Feature", "geometry": {"type": "Point", "coordinates": [-122.23595737752292, 37.79600850467518]}, "properties": {"case_id": "1623019", "category": "ENVIRON_ENF", "complaint_type": "Illegal Dumping (Enforcement Potential)", "status": "WOCREATE", "date_opened": "2026-04-22T22:42:53.000", "date_closed": null, "address": "1373 E 25TH ST", "zipcode": "94606", "councildistrict": "CCD2", "source": "SeeClickFix", "tract_id": "405800", "tract_geoid": "06001405800"}}, {"type": "Feature", "geometry": {"type": "Point", "coordinates": [-122.22422205614413, 37.786318391108956]}, "properties": {"case_id": "1623249", "category": "ENVIRON_ENF", "complaint_type": "Illegal Dumping (Enforcement Potential)", "status": "WOCREATE", "date_opened": "2026-04-23T14:48:33.000", "date_closed": null, "address": "2930 E 23RD ST", "zipcode": "94601", "councildistrict": "CCD5", "source": "Phone", "tract_id": "406300", "tract_geoid": "06001406300"}}, {"type": "Feature", "geometry": {"type": "Point", "coordinates": [-122.27158797529414, 37.79419503710675]}, "properties": {"case_id": "1624084", "category": "ENVIRON_ENF", "complaint_type": "Illegal Dumping (Enforcement Potential)", "status": "GONE ON ARRIVAL", "date_opened": "2026-04-25T19:03:48.000", "date_closed": null, "address": "2ND ST & ALICE ST", "zipcode": "94607", "councildistrict": "CCD2", "source": "SeeClickFix", "tract_id": "403302", "tract_geoid": "06001403302"}}, {"type": "Feature", "geometry": {"type": "Point", "coordinates": [-122.27570522373641, 37.81409261611098]}, "properties": {"case_id": "1624196", "category": "ENVIRON_ENF", "complaint_type": "Illegal Dumping (Enforcement Potential)", "status": "EVALUATED - NO FURTHER ACTION", "date_opened": "2026-04-26T14:06:00.000", "date_closed": null, "address": "2325 WEST ST", "zipcode": "94607", "councildistrict": "CCD3", "source": "SeeClickFix", "tract_id": "401600", "tract_geoid": "06001401600"}}, {"type": "Feature", "geometry": {"type": "Point", "coordinates": [-122.17192267928458, 37.736511911759294]}, "properties": {"case_id": "1624296", "category": "ENVIRON_ENF", "complaint_type": "Illegal Dumping (Enforcement Potential)", "status": "WOCREATE", "date_opened": "2026-04-27T07:07:46.000", "date_closed": null, "address": "1026 105TH AVE", "zipcode": "94603", "councildistrict": "CCD7", "source": "SeeClickFix", "tract_id": "409300", "tract_geoid": "06001409300"}}, {"type": "Feature", "geometry": {"type": "Point", "coordinates": [-122.18830956703671, 37.79585723619302]}, "properties": {"case_id": "1624428", "category": "ENVIRON_ENF", "complaint_type": "Illegal Dumping (Enforcement Potential)", "status": "GONE ON ARRIVAL", "date_opened": "2026-04-27T11:34:44.000", "date_closed": null, "address": "4275 39TH AVE", "zipcode": "94619", "councildistrict": "CCD4", "source": "SeeClickFix", "tract_id": "406900", "tract_geoid": "06001406900"}}, {"type": "Feature", "geometry": {"type": "Point", "coordinates": [-122.24832655016627, 37.827760005242126]}, "properties": {"case_id": "1624500", "category": "ENVIRON_ENF", "complaint_type": "Illegal Dumping (Enforcement Potential)", "status": "WOCREATE", "date_opened": "2026-04-27T13:37:55.000", "date_closed": null, "address": "7201 LOCKWOOD ST", "zipcode": "94611", "councildistrict": "CCD1", "source": "Phone", "tract_id": "404101", "tract_geoid": "06001404101"}}, {"type": "Feature", "geometry": {"type": "Point", "coordinates": [-122.2219203028913, 37.772841653662795]}, "properties": {"case_id": "1624579", "category": "ENVIRON_ENF", "complaint_type": "Illegal Dumping (Enforcement Potential)", "status": "GONE ON ARRIVAL", "date_opened": "2026-04-27T16:45:22.000", "date_closed": null, "address": "3725 SAN LEANDRO ST", "zipcode": "94601", "councildistrict": "CCD5", "source": "SeeClickFix", "tract_id": "406100", "tract_geoid": "06001406100"}}, {"type": "Feature", "geometry": {"type": "Point", "coordinates": [-122.17410333963709, 37.73817498156477]}, "properties": {"case_id": "1624763", "category": "ENVIRON_ENF", "complaint_type": "Illegal Dumping (Enforcement Potential)", "status": "WOCREATE", "date_opened": "2026-04-28T11:18:36.000", "date_closed": null, "address": "103RD AVE & E ST", "zipcode": "94603", "councildistrict": "CCD7", "source": "SeeClickFix", "tract_id": "409300", "tract_geoid": "06001409300"}}, {"type": "Feature", "geometry": {"type": "Point", "coordinates": [-122.26477048093895, 37.805130039171246]}, "properties": {"case_id": "1624846", "category": "ENVIRON_ENF", "complaint_type": "Illegal Dumping (Enforcement Potential)", "status": "GONE ON ARRIVAL", "date_opened": "2026-04-28T13:37:54.000", "date_closed": null, "address": "17TH ST & ALICE ST", "zipcode": "94612", "councildistrict": "CCD3", "source": "Phone", "tract_id": "403401", "tract_geoid": "06001403401"}}, {"type": "Feature", "geometry": {"type": "Point", "coordinates": [-122.26102926727465, 37.818738911141956]}, "properties": {"case_id": "1624889", "category": "ENVIRON_ENF", "complaint_type": "Illegal Dumping (Enforcement Potential)", "status": "WOCREATE", "date_opened": "2026-04-28T15:01:04.000", "date_closed": null, "address": "3006 BROOK ST", "zipcode": "94611", "councildistrict": "CCD3", "source": "SeeClickFix", "tract_id": "403501", "tract_geoid": "06001403501"}}, {"type": "Feature", "geometry": {"type": "Point", "coordinates": [-122.21211600004754, 37.76638499636042]}, "properties": {"case_id": "1624987", "category": "ENVIRON_ENF", "complaint_type": "Illegal Dumping (Enforcement Potential)", "status": "WOCREATE", "date_opened": "2026-04-28T20:04:11.000", "date_closed": null, "address": "50TH AV & SAN LEANDRO ST", "zipcode": "94601", "councildistrict": "CCD5", "source": "SeeClickFix", "tract_id": "407300", "tract_geoid": "06001407300"}}, {"type": "Feature", "geometry": {"type": "Point", "coordinates": [-122.17649465492374, 37.783419721145506]}, "properties": {"case_id": "1625070", "category": "ENVIRON_ENF", "complaint_type": "Illegal Dumping (Enforcement Potential)", "status": "GONE ON ARRIVAL", "date_opened": "2026-04-29T09:06:28.000", "date_closed": null, "address": "MOUNTAIN BLVD & MOUNTAIN VIEW AVE", "zipcode": "94605", "councildistrict": "CCD6", "source": "SeeClickFix", "tract_id": "408100", "tract_geoid": "06001408100"}}, {"type": "Feature", "geometry": {"type": "Point", "coordinates": [-122.24379436989419, 37.78789969405154]}, "properties": {"case_id": "1625293", "category": "ENVIRON_ENF", "complaint_type": "Illegal Dumping (Enforcement Potential)", "status": "WOCREATE", "date_opened": "2026-04-29T14:32:03.000", "date_closed": null, "address": "1629 INTERNATIONAL BLVD", "zipcode": "94606", "councildistrict": "CCD2", "source": "SeeClickFix", "tract_id": "406000", "tract_geoid": "06001406000"}}, {"type": "Feature", "geometry": {"type": "Point", "coordinates": [-122.26943147962278, 37.83606138642975]}, "properties": {"case_id": "1625358", "category": "ENVIRON_ENF", "complaint_type": "Illegal Dumping (Enforcement Potential)", "status": "GONE ON ARRIVAL", "date_opened": "2026-04-29T17:07:22.000", "date_closed": null, "address": "4738 WEST ST", "zipcode": "94609", "councildistrict": "CCD1", "source": "SeeClickFix", "tract_id": "401000", "tract_geoid": "06001401000"}}, {"type": "Feature", "geometry": {"type": "Point", "coordinates": [-122.28010005160152, 37.81650000017039]}, "properties": {"case_id": "1625413", "category": "ENVIRON_ENF", "complaint_type": "Illegal Dumping (Enforcement Potential)", "status": "WOCREATE", "date_opened": "2026-04-29T22:57:35.000", "date_closed": null, "address": "24TH ST & FILBERT ST", "zipcode": "94607", "councildistrict": "CCD3", "source": "SeeClickFix", "tract_id": "401600", "tract_geoid": "06001401600"}}, {"type": "Feature", "geometry": {"type": "Point", "coordinates": [-122.26051758688875, 37.82626541192995]}, "properties": {"case_id": "1625414", "category": "ENVIRON_ENF", "complaint_type": "Illegal Dumping (Enforcement Potential)", "status": "WOCREATE", "date_opened": "2026-04-29T23:05:01.000", "date_closed": null, "address": "3791 SHAFTER AVE", "zipcode": "94609", "councildistrict": "CCD1", "source": "SeeClickFix", "tract_id": "401200", "tract_geoid": "06001401200"}}, {"type": "Feature", "geometry": {"type": "Point", "coordinates": [-122.27495854407215, 37.815732013228775]}, "properties": {"case_id": "1625583", "category": "ENVIRON_ENF", "complaint_type": "Illegal Dumping (Enforcement Potential)", "status": "GONE ON ARRIVAL", "date_opened": "2026-04-30T12:42:02.000", "date_closed": null, "address": "ATHENS AV & SAN PABLO AV", "zipcode": "94612", "councildistrict": "CCD3", "source": "Phone", "tract_id": "401400", "tract_geoid": "06001401400"}}, {"type": "Feature", "geometry": {"type": "Point", "coordinates": [-122.24798294457004, 37.78921077114734]}, "properties": {"case_id": "1625918", "category": "ENVIRON_ENF", "complaint_type": "Illegal Dumping (Enforcement Potential)", "status": "GONE ON ARRIVAL", "date_opened": "2026-05-01T12:43:51.000", "date_closed": null, "address": "1216 13TH AVE", "zipcode": "94606", "councildistrict": "CCD2", "source": "SeeClickFix", "tract_id": "406000", "tract_geoid": "06001406000"}}, {"type": "Feature", "geometry": {"type": "Point", "coordinates": [-122.29593806871499, 37.805610615443165]}, "properties": {"case_id": "1625930", "category": "ENVIRON_ENF", "complaint_type": "Illegal Dumping (Enforcement Potential)", "status": "CLOSED", "date_opened": "2026-05-01T13:15:41.000", "date_closed": "2026-05-05T15:33:59.000", "address": "1498 7TH ST", "zipcode": "94607", "councildistrict": "CCD3", "source": "Phone", "tract_id": "402200", "tract_geoid": "06001402200"}}, {"type": "Feature", "geometry": {"type": "Point", "coordinates": [-122.24357140804065, 37.786838988114276]}, "properties": {"case_id": "1626008", "category": "ENVIRON_ENF", "complaint_type": "Illegal Dumping (Enforcement Potential)", "status": "WOCREATE", "date_opened": "2026-05-01T17:32:53.000", "date_closed": null, "address": "1200 17TH AVE", "zipcode": "94606", "councildistrict": "CCD2", "source": "SeeClickFix", "tract_id": "406000", "tract_geoid": "06001406000"}}, {"type": "Feature", "geometry": {"type": "Point", "coordinates": [-122.1962849897933, 37.78660797497691]}, "properties": {"case_id": "1626016", "category": "ENVIRON_ENF", "complaint_type": "Illegal Dumping (Enforcement Potential)", "status": "WOCREATE", "date_opened": "2026-05-01T17:55:38.000", "date_closed": null, "address": "HIGH ST & REDDING ST", "zipcode": "94619", "councildistrict": "CCD4", "source": "Email", "tract_id": "407000", "tract_geoid": "06001407000"}}, {"type": "Feature", "geometry": {"type": "Point", "coordinates": [-122.2650209312402, 37.844576988746226]}, "properties": {"case_id": "1626333", "category": "ENVIRON_ENF", "complaint_type": "Illegal Dumping (Enforcement Potential)", "status": "WOCREATE", "date_opened": "2026-05-03T22:22:50.000", "date_closed": null, "address": "5900 SHATTUCK AV", "zipcode": "94609", "councildistrict": "CCD1", "source": "SeeClickFix", "tract_id": "400500", "tract_geoid": "06001400500"}}, {"type": "Feature", "geometry": {"type": "Point", "coordinates": [-122.2206614936835, 37.79138697430977]}, "properties": {"case_id": "1626512", "category": "ENVIRON_ENF", "complaint_type": "Illegal Dumping (Enforcement Potential)", "status": "OPEN", "date_opened": "2026-05-04T12:24:40.000", "date_closed": null, "address": "LYNDE ST & BELLAIRE PL", "zipcode": "94601", "councildistrict": "CCD5", "source": "Phone", "tract_id": "406400", "tract_geoid": "06001406400"}}, {"type": "Feature", "geometry": {"type": "Point", "coordinates": [-122.25492449626599, 37.79366398586223]}, "properties": {"case_id": "1626556", "category": "ENVIRON_ENF", "complaint_type": "Illegal Dumping (Enforcement Potential)", "status": "WOCREATE", "date_opened": "2026-05-04T13:45:34.000", "date_closed": null, "address": "E 11TH ST & 6TH AV", "zipcode": "94606", "councildistrict": "CCD2", "source": "Phone", "tract_id": "406000", "tract_geoid": "06001406000"}}, {"type": "Feature", "geometry": {"type": "Point", "coordinates": [-122.24067173613463, 37.81813281519523]}, "properties": {"case_id": "1626562", "category": "ENVIRON_ENF", "complaint_type": "Illegal Dumping (Enforcement Potential)", "status": "OPEN", "date_opened": "2026-05-04T13:57:43.000", "date_closed": null, "address": "475 CROFTON AV", "zipcode": "94610", "councildistrict": "CCD2", "source": "SeeClickFix", "tract_id": "403800", "tract_geoid": "06001403800"}}, {"type": "Feature", "geometry": {"type": "Point", "coordinates": [-122.18448247443125, 37.73895144689917]}, "properties": {"case_id": "1626675", "category": "ENVIRON_ENF", "complaint_type": "Illegal Dumping (Enforcement Potential)", "status": "GONE ON ARRIVAL", "date_opened": "2026-05-04T18:56:55.000", "date_closed": null, "address": "724 S ELMHURST AV", "zipcode": "94603", "councildistrict": "CCD7", "source": "Phone", "tract_id": "409000", "tract_geoid": "06001409000"}}, {"type": "Feature", "geometry": {"type": "Point", "coordinates": [-122.27360604058019, 37.83169260505962]}, "properties": {"case_id": "1626758", "category": "ENVIRON_ENF", "complaint_type": "Illegal Dumping (Enforcement Potential)", "status": "WOCREATE", "date_opened": "2026-05-05T09:02:48.000", "date_closed": null, "address": "4112 MARKET ST", "zipcode": "94608", "councildistrict": "CCD1", "source": "Email", "tract_id": "401000", "tract_geoid": "06001401000"}}, {"type": "Feature", "geometry": {"type": "Point", "coordinates": [-122.17173825515673, 37.76830253884891]}, "properties": {"case_id": "1627086", "category": "ENVIRON_ENF", "complaint_type": "Illegal Dumping (Enforcement Potential)", "status": "WOCREATE", "date_opened": "2026-05-05T16:09:51.000", "date_closed": null, "address": "2770 74TH AV", "zipcode": "94605", "councildistrict": "CCD6", "source": "Phone", "tract_id": "408400", "tract_geoid": "06001408400"}}, {"type": "Feature", "geometry": {"type": "Point", "coordinates": [-122.24533839420475, 37.81253678386273]}, "properties": {"case_id": "1627165", "category": "ENVIRON_ENF", "complaint_type": "Illegal Dumping (Enforcement Potential)", "status": "OPEN", "date_opened": "2026-05-05T20:30:51.000", "date_closed": null, "address": "GLEN VIEW AVE & WARFIELD AVE", "zipcode": "94610", "councildistrict": "CCD2", "source": "SeeClickFix", "tract_id": "403800", "tract_geoid": "06001403800"}}, {"type": "Feature", "geometry": {"type": "Point", "coordinates": [-122.2236053627015, 37.800502549268046]}, "properties": {"case_id": "1627454", "category": "ENVIRON_ENF", "complaint_type": "Illegal Dumping (Enforcement Potential)", "status": "OPEN", "date_opened": "2026-05-06T13:49:52.000", "date_closed": null, "address": "1615 MACARTHUR BLVD", "zipcode": "94602", "councildistrict": "CCD4", "source": "Phone", "tract_id": "404900", "tract_geoid": "06001404900"}}, {"type": "Feature", "geometry": {"type": "Point", "coordinates": [-122.1846975311103, 37.7983890081432]}, "properties": {"case_id": "1627481", "category": "ENVIRON_ENF", "complaint_type": "Illegal Dumping (Enforcement Potential)", "status": "GONE ON ARRIVAL", "date_opened": "2026-05-06T14:20:40.000", "date_closed": null, "address": "REDWOOD RD & MOUNTAIN BLVD", "zipcode": "94619", "councildistrict": "CCD4", "source": "Email", "tract_id": "408000", "tract_geoid": "06001408000"}}], "_decimated": {"cutoff_years": 2, "kept_categories": ["BLDGMAINT", "ENVIRON_ENF", "HE_CLEAN", "OTHER"], "note": "ILLDUMP + ABANDONED AUTO dropped; not housing-related signals"}}